pid 5828 != 5824, skipping destruction (fork without exec?)
[ps1-link] === launch 2026-07-24 17:46:00 ===
ERROR: ld.so: object '/home/deck/.local/share/Steam/ubuntu12_32/gameoverlayrenderer.so' from LD_PRELOAD cannot be preloaded (wrong ELF class: ELFCLASS32): ignored.
[ps1-link] role=client host=<peer> port=6699
[ps1-link] launching PCSX-Redux…
ERROR: ld.so: object '/home/deck/.local/share/Steam/ubuntu12_32/gameoverlayrenderer.so' from LD_PRELOAD cannot be preloaded (wrong ELF class: ELFCLASS32): ignored.
Loading memory card /home/deck/ps1-lan-link/home/.config/pcsx-redux/memcard1.mcd
Loading memory card /home/deck/ps1-lan-link/home/.config/pcsx-redux/memcard2.mcd
Warning: OpenGL error reporting disabled. See About dialog for more information.
Loaded CD Image: /home/deck/ps1-lan-link/roms/retaliation-allies.cue[+cue].
Track 01 (DATA) - Start 00:02:00, Length 58:38:30
CD-ROM Label: 
CD-ROM ID: SLUS00665
CD-ROM EXE Name: SLUS_006.65;1
PCSX-Redux booting
Copyright (C) 2019-2025 PCSX-Redux authors
CPU type: Dynarec (x86-64)
Loaded BIOS: /home/deck/ps1-lan-link/bios/scph7001.bin
Known BIOS detected: SCPH-7001 (US) (502224b6)
SIO1-DIAG t=     0.000 cyc=2216 LINKSTATE WR[act=00000000 buf=00000000 cnt=00000000 latch=00000000] RD[act=00000000 buf=00000000 cnt=00000000] block=0 cfg=0000 DSR=1 DTR=0 stat=0185 ctrl=0000 fifo=0
BIOS Trace1: 0x0f
BIOS Trace1: 0x0e
BIOS Trace1: 0x01
BIOS Trace1: 0x02
BIOS Trace1: 0x03
BIOS Trace1: 0x04
BIOS Trace1: 0x01
BIOS Trace1: 0x03
BIOS Trace1: 0x04
BIOS Trace1: 0x05
BIOS Trace1: 0x06
BIOS Trace1: 0x02
BIOS Trace1: 0x05

PS-X Realtime Kernel Ver.2.5
Copyright 1993,1994 (C) Sony Computer Entertainment Inc. 
BIOS Trace1: 0x06
KERNEL SETUP!

Configuration : EvCB	0x10		TCB	0x04
BIOS Trace1: 0x07
System ROM Version 4.1 12/16/97 A
Copyright 1993-1997 (C) Sony Computer Entertainment Inc.
ResetCallback: _96_remove ..
Got an unknown GPU data word: 0008a16c (cmdType: 0, command: 0)
BIOS Trace1: 0x00
BIOS Trace1: 0x01
System Controller ROM Version 98/06/10 c3
BIOS Trace1: 0x02
BIOS Trace1: 0x00
SetGraphDebug:level:1,type:0 reverse:0
BIOS Trace1: 0x05
BIOS Trace1: 0x08

BOOTSTRAP LOADER Type C Ver 2.1   03-JUL-1994
Copyright 1993,1994 (C) Sony Computer Entertainment Inc.
BIOS Trace1: 0x09
setup file    : cdrom:SYSTEM.CNF;1
TCB	00000004
EVENT	00000016
STACK	801fff00
BOOT =	cdrom:\SLUS_006.65;1
argument =	
KERNEL SETUP!

Configuration : EvCB	0x16		TCB	0x04
boot file     : cdrom:\SLUS_006.65;1
SIO1-DIAG t= 11269.834 cyc=381996586 RXMSG #1 declared=0 got=0 bytes=ff ff ff
SIO1-DIAG t= 11269.852 cyc=381996586 RXFC peer dxr=0 xts=0 (status was 0185, drainPos=1)
SIO1-DIAG t= 11269.856 cyc=381996586 DSR 1->0 held=381996586 cyc, game STAT reads while high=0
SIO1-DIAG t= 11269.859 cyc=381996586 CTS 1->0 held=381996586 cyc, game STAT reads while high=0
SIO1-DIAG t= 11269.862 cyc=381996586 LINKSTATE WR[act=00000000 buf=00000000 cnt=00000000 latch=00000000] RD[act=00000000 buf=00000000 cnt=00000000] block=0 cfg=0000 DSR=0 DTR=0 stat=0005 ctrl=0000 fifo=0
EXEC:PC0(80154ba8)  T_ADDR(80010000)  T_SIZE(001a5800)
boot address  : 80154ba8 801fff00
Execute !

                S_ADDR(801fff00)  S_SIZE()
ResetGraph:jtb=801acc90,env=801accd8
Got an unknown GPU data word: 001acc90 (cmdType: 0, command: 0)
PS-X Control GUN Driver  Ver 3.0
Saving memory card /home/deck/ps1-lan-link/home/.config/pcsx-redux/memcard1.mcd
Saving memory card /home/deck/ps1-lan-link/home/.config/pcsx-redux/memcard2.mcd
SIO1-DIAG t= 18689.224 cyc=633439799 game wrote CTRL=0050 [TXEN=0 DTR=0 RXEN=0 RTS=0 ACK=1 RESET=1 RXIRQEN=0 TXIRQEN=0] stat=0005
SIO1-DIAG t= 18689.262 cyc=633439799 TXFC dxr=0 xts=0 ctrl=0000 initial=1
SIO1-DIAG t= 18689.266 cyc=633439799 TXMSG #1 size=0 bytes=ff ff ff
SIO1 client connected
SIO1-DIAG t= 18689.285 cyc=633439801 BAUD baud reg=00d8 mode=00ce reload=16 -> 9800 baud, 432 cycles/byte
SIO1-DIAG t= 18689.288 cyc=633439803 game wrote CTRL=0010 [TXEN=0 DTR=0 RXEN=0 RTS=0 ACK=1 RESET=0 RXIRQEN=0 TXIRQEN=0] stat=0005
SIO1-DIAG t= 18689.292 cyc=633439803 TXFC SUPPRESSED (unchanged) dxr=0 xts=0 ctrl=0000
SIO1-DIAG t= 18689.294 cyc=633439804 game wrote CTRL=0005 [TXEN=1 DTR=0 RXEN=1 RTS=0 ACK=0 RESET=0 RXIRQEN=0 TXIRQEN=0] stat=0005
SIO1-DIAG t= 18689.297 cyc=633439804 TXFC SUPPRESSED (unchanged) dxr=0 xts=0 ctrl=0005
CD_init:addr=801aae4c
PS-X Control GUN Driver  Ver 3.0
ResetGraph:jtb=801acc90,env=801accd8
Got an unknown GPU data word: 001acc90 (cmdType: 0, command: 0)
ResetGraph:jtb=801acc90,env=801accd8
Got an unknown GPU data word: 001acc90 (cmdType: 0, command: 0)
PS-X Control GUN Driver  Ver 3.0
SIO1-DIAG t= 33409.594 cyc=1132306536 BAUD baud reg=0001 mode=00ce reload=16 -> 2116800 baud, 2 cycles/byte
SIO1-DIAG t= 33409.619 cyc=1132306560 game wrote CTRL=0015 [TXEN=1 DTR=0 RXEN=1 RTS=0 ACK=1 RESET=0 RXIRQEN=0 TXIRQEN=0] stat=0005
SIO1-DIAG t= 33409.622 cyc=1132306560 TXFC SUPPRESSED (unchanged) dxr=0 xts=0 ctrl=0005
SIO1-DIAG t= 33409.633 cyc=1132306652 game wrote CTRL=0205 [TXEN=1 DTR=0 RXEN=1 RTS=0 ACK=0 RESET=0 RXIRQEN=0 TXIRQEN=0] stat=0005
SIO1-DIAG t= 33409.636 cyc=1132306652 TXFC SUPPRESSED (unchanged) dxr=0 xts=0 ctrl=0205
SIO1-DIAG t= 40250.897 cyc=1364203371 game read STAT=0005 ctrl=0205 [DSR=0 CTS=0 RXRDY=0] pc=80154108 (prev value held for 0 reads) totalReads=1
SIO1-DIAG t= 46062.583 cyc=1561146329 RXMSG #2 declared=4 got=4 bytes=12 02 10
SIO1-DIAG t= 46062.602 cyc=1561146329 RXFC peer dxr=0 xts=1 (status was 0005, drainPos=1)
SIO1-DIAG t= 46062.604 cyc=1561146329 CTS 0->1
SIO1-DIAG t= 47827.970 cyc=1621022868 game wrote CTRL=0225 [TXEN=1 DTR=0 RXEN=1 RTS=1 ACK=0 RESET=0 RXIRQEN=0 TXIRQEN=0] stat=0105
SIO1-DIAG t= 47827.986 cyc=1621022868 TXFC dxr=0 xts=1 ctrl=0225 initial=0
SIO1-DIAG t= 47827.990 cyc=1621022868 TXMSG #2 size=4 bytes=12 02 10
SIO1-DIAG t= 47828.007 cyc=1621022941 game read STAT=0105 ctrl=0225 [DSR=0 CTS=1 RXRDY=0] pc=80154558 (prev value held for 187 reads) totalReads=189
SIO1-DIAG t= 47855.862 cyc=1622051278 game wrote CTRL=0205 [TXEN=1 DTR=0 RXEN=1 RTS=0 ACK=0 RESET=0 RXIRQEN=0 TXIRQEN=0] stat=0105
SIO1-DIAG t= 47855.876 cyc=1622051278 TXFC dxr=0 xts=0 ctrl=0205 initial=0
SIO1-DIAG t= 47855.878 cyc=1622051278 TXMSG #3 size=0 bytes=ff ff ff
SIO1-DIAG t= 47881.304 cyc=1622779462 RXMSG #3 declared=0 got=0 bytes=ff ff ff
SIO1-DIAG t= 47881.323 cyc=1622779462 RXFC peer dxr=0 xts=0 (status was 0105, drainPos=1)
SIO1-DIAG t= 47881.327 cyc=1622779462 CTS 1->0 held=61633133 cyc, game STAT reads while high=1
SIO1-DIAG t= 47881.790 cyc=1622882707 game wrote CTRL=0225 [TXEN=1 DTR=0 RXEN=1 RTS=1 ACK=0 RESET=0 RXIRQEN=0 TXIRQEN=0] stat=0005
SIO1-DIAG t= 47881.795 cyc=1622882707 TXFC dxr=0 xts=1 ctrl=0225 initial=0
SIO1-DIAG t= 47881.798 cyc=1622882707 TXMSG #4 size=4 bytes=12 02 10
SIO1-DIAG t= 47881.814 cyc=1622882756 LINKSTATE WR[act=00000000 buf=00000000 cnt=00000000 latch=00000000] RD[act=00000000 buf=801ffbe0 cnt=00000004] block=4 cfg=0205 DSR=0 DTR=0 stat=0005 ctrl=0225 fifo=0
SIO1-DIAG t= 47881.819 cyc=1622882756 game read STAT=0005 ctrl=0225 [DSR=0 CTS=0 RXRDY=0] pc=80153c84 (prev value held for 0 reads) totalReads=190
SIO1-DIAG t= 47908.348 cyc=1623024098 RXMSG #4 declared=5 got=5 bytes=0a 03 0a
SIO1-DIAG t= 47908.367 cyc=1623024098 RX accept #1 byte=ab fifo=1 ctrl=0225
SIO1-DIAG t= 47908.371 cyc=1623024098 RXMSG #5 declared=5 got=5 bytes=0a 03 0a
SIO1-DIAG t= 47908.373 cyc=1623024098 RX accept #2 byte=fe fifo=2 ctrl=0225
SIO1-DIAG t= 47908.375 cyc=1623024098 DRAIN 2 messages in one poll
SIO1-DIAG t= 47908.377 cyc=1623024129 game read STAT=0007 ctrl=0225 [DSR=0 CTS=0 RXRDY=1] pc=80153ce4 (prev value held for 2480 reads) totalReads=2671
SIO1-DIAG t= 47908.397 cyc=1623024146 game read DATA=ab popped=1 fifo 2->1 stat=0007
SIO1-DIAG t= 47908.404 cyc=1623024197 LINKSTATE WR[act=00000000 buf=00000000 cnt=00000000 latch=00000000] RD[act=00000000 buf=801ffbe1 cnt=00000003] block=4 cfg=0205 DSR=0 DTR=0 stat=0007 ctrl=0225 fifo=1
SIO1-DIAG t= 47908.408 cyc=1623024225 game read DATA=fe popped=1 fifo 1->0 stat=0005
SIO1-DIAG t= 47908.410 cyc=1623024275 LINKSTATE WR[act=00000000 buf=00000000 cnt=00000000 latch=00000000] RD[act=00000000 buf=801ffbe2 cnt=00000002] block=4 cfg=0205 DSR=0 DTR=0 stat=0005 ctrl=0225 fifo=0
SIO1-DIAG t= 47908.412 cyc=1623024275 game read STAT=0005 ctrl=0225 [DSR=0 CTS=0 RXRDY=0] pc=80153c88 (prev value held for 2 reads) totalReads=2674
SIO1-DIAG t= 47908.419 cyc=1623026240 RXMSG #6 declared=5 got=5 bytes=0a 03 0a
SIO1-DIAG t= 47908.421 cyc=1623026240 RX accept #3 byte=00 fifo=1 ctrl=0225
SIO1-DIAG t= 47908.427 cyc=1623026240 RXMSG #7 declared=5 got=5 bytes=0a 03 0a
SIO1-DIAG t= 47908.428 cyc=1623026240 RX accept #4 byte=00 fifo=2 ctrl=0225
SIO1-DIAG t= 47908.430 cyc=1623026240 DRAIN 2 messages in one poll
SIO1-DIAG t= 47908.431 cyc=1623026281 game read STAT=0007 ctrl=0225 [DSR=0 CTS=0 RXRDY=1] pc=80153ce4 (prev value held for 35 reads) totalReads=2710
SIO1-DIAG t= 47908.441 cyc=1623026298 game read DATA=00 popped=1 fifo 2->1 stat=0007
SIO1-DIAG t= 47908.442 cyc=1623026348 LINKSTATE WR[act=00000000 buf=00000000 cnt=00000000 latch=00000000] RD[act=00000000 buf=801ffbe3 cnt=00000001] block=4 cfg=0205 DSR=0 DTR=0 stat=0007 ctrl=0225 fifo=1
SIO1-DIAG t= 47908.446 cyc=1623026376 game read DATA=00 popped=1 fifo 1->0 stat=0005
SIO1-DIAG t= 47908.452 cyc=1623026419 DTR 0->1 (toggle #1) pc=80153d50 ctrl=0227
SIO1-DIAG t= 47908.453 cyc=1623026419 game wrote CTRL=0227 [TXEN=1 DTR=1 RXEN=1 RTS=1 ACK=0 RESET=0 RXIRQEN=0 TXIRQEN=0] stat=0005
SIO1-DIAG t= 47908.456 cyc=1623026419 TXFC dxr=1 xts=1 ctrl=0227 initial=0
SIO1-DIAG t= 47908.458 cyc=1623026419 TXMSG #5 size=6 bytes=12 04 08
SIO1-DIAG t= 47908.472 cyc=1623026443 game wrote CTRL=0207 [TXEN=1 DTR=1 RXEN=1 RTS=0 ACK=0 RESET=0 RXIRQEN=0 TXIRQEN=0] stat=0005
SIO1-DIAG t= 47908.474 cyc=1623026443 TXFC dxr=1 xts=0 ctrl=0207 initial=0
SIO1-DIAG t= 47908.476 cyc=1623026443 TXMSG #6 size=4 bytes=12 02 08
SIO1-DIAG t= 47908.920 cyc=1623028389 LINKSTATE WR[act=00000000 buf=00000000 cnt=00000000 latch=00000000] RD[act=00000000 buf=801ffbe4 cnt=00000000] block=4 cfg=0205 DSR=0 DTR=1 stat=0005 ctrl=0207 fifo=0
SIO1-DIAG t= 47911.899 cyc=1623450281 game wrote CTRL=0227 [TXEN=1 DTR=1 RXEN=1 RTS=1 ACK=0 RESET=0 RXIRQEN=0 TXIRQEN=0] stat=0005
SIO1-DIAG t= 47911.913 cyc=1623450281 TXFC dxr=1 xts=1 ctrl=0227 initial=0
SIO1-DIAG t= 47911.916 cyc=1623450281 TXMSG #7 size=6 bytes=12 04 08
SIO1-DIAG t= 47911.922 cyc=1623450330 LINKSTATE WR[act=00000000 buf=00000000 cnt=00000000 latch=00000000] RD[act=00000000 buf=801ffbe0 cnt=00000004] block=4 cfg=0205 DSR=0 DTR=1 stat=0005 ctrl=0227 fifo=0
SIO1-DIAG t= 47911.926 cyc=1623450330 game read STAT=0005 ctrl=0227 [DSR=0 CTS=0 RXRDY=0] pc=80153c84 (prev value held for 2 reads) totalReads=2713
SIO1-DIAG t= 47923.235 cyc=1623509093 RXMSG #8 declared=5 got=5 bytes=0a 03 0a
SIO1-DIAG t= 47923.250 cyc=1623509093 RX accept #5 byte=ab fifo=1 ctrl=0227
SIO1-DIAG t= 47923.253 cyc=1623509093 RXMSG #9 declared=5 got=5 bytes=0a 03 0a
SIO1-DIAG t= 47923.255 cyc=1623509093 RX accept #6 byte=fe fifo=2 ctrl=0227
SIO1-DIAG t= 47923.257 cyc=1623509093 DRAIN 2 messages in one poll
SIO1-DIAG t= 47923.259 cyc=1623509110 game read STAT=0007 ctrl=0227 [DSR=0 CTS=0 RXRDY=1] pc=80153ce4 (prev value held for 1031 reads) totalReads=3745
SIO1-DIAG t= 47923.262 cyc=1623509127 game read DATA=ab popped=1 fifo 2->1 stat=0007
SIO1-DIAG t= 47923.265 cyc=1623509177 LINKSTATE WR[act=00000000 buf=00000000 cnt=00000000 latch=00000000] RD[act=00000000 buf=801ffbe1 cnt=00000003] block=4 cfg=0205 DSR=0 DTR=1 stat=0007 ctrl=0227 fifo=1
SIO1-DIAG t= 47923.269 cyc=1623509205 game read DATA=fe popped=1 fifo 1->0 stat=0005
SIO1-DIAG t= 47923.271 cyc=1623509255 LINKSTATE WR[act=00000000 buf=00000000 cnt=00000000 latch=00000000] RD[act=00000000 buf=801ffbe2 cnt=00000002] block=4 cfg=0205 DSR=0 DTR=1 stat=0005 ctrl=0227 fifo=0
SIO1-DIAG t= 47923.273 cyc=1623509255 game read STAT=0005 ctrl=0227 [DSR=0 CTS=0 RXRDY=0] pc=80153c88 (prev value held for 2 reads) totalReads=3748
SIO1-DIAG t= 47923.282 cyc=1623511236 RXMSG #10 declared=5 got=5 bytes=0a 03 0a
SIO1-DIAG t= 47923.284 cyc=1623511236 RX accept #7 byte=00 fifo=1 ctrl=0227
SIO1-DIAG t= 47923.286 cyc=1623511236 RXMSG #11 declared=5 got=5 bytes=0a 03 0a
SIO1-DIAG t= 47923.288 cyc=1623511236 RX accept #8 byte=00 fifo=2 ctrl=0227
SIO1-DIAG t= 47923.289 cyc=1623511236 DRAIN 2 messages in one poll
SIO1-DIAG t= 47923.290 cyc=1623511261 game read STAT=0007 ctrl=0227 [DSR=0 CTS=0 RXRDY=1] pc=80153ce4 (prev value held for 35 reads) totalReads=3784
SIO1-DIAG t= 47923.291 cyc=1623511278 game read DATA=00 popped=1 fifo 2->1 stat=0007
SIO1-DIAG t= 47923.293 cyc=1623511328 LINKSTATE WR[act=00000000 buf=00000000 cnt=00000000 latch=00000000] RD[act=00000000 buf=801ffbe3 cnt=00000001] block=4 cfg=0205 DSR=0 DTR=1 stat=0007 ctrl=0227 fifo=1
SIO1-DIAG t= 47923.295 cyc=1623511356 game read DATA=00 popped=1 fifo 1->0 stat=0005
SIO1-DIAG t= 47923.301 cyc=1623511399 DTR 1->0 (toggle #2) pc=80153d50 ctrl=0225
SIO1-DIAG t= 47923.302 cyc=1623511399 game wrote CTRL=0225 [TXEN=1 DTR=0 RXEN=1 RTS=1 ACK=0 RESET=0 RXIRQEN=0 TXIRQEN=0] stat=0005
SIO1-DIAG t= 47923.304 cyc=1623511399 TXFC dxr=0 xts=1 ctrl=0225 initial=0
SIO1-DIAG t= 47923.306 cyc=1623511399 TXMSG #8 size=4 bytes=12 02 10
SIO1-DIAG t= 47923.311 cyc=1623511423 game wrote CTRL=0205 [TXEN=1 DTR=0 RXEN=1 RTS=0 ACK=0 RESET=0 RXIRQEN=0 TXIRQEN=0] stat=0005
SIO1-DIAG t= 47923.313 cyc=1623511423 TXFC dxr=0 xts=0 ctrl=0205 initial=0
SIO1-DIAG t= 47923.314 cyc=1623511423 TXMSG #9 size=0 bytes=ff ff ff
SIO1-DIAG t= 47923.726 cyc=1623513391 LINKSTATE WR[act=00000000 buf=00000000 cnt=00000000 latch=00000000] RD[act=00000000 buf=801ffbe4 cnt=00000000] block=4 cfg=0205 DSR=0 DTR=0 stat=0005 ctrl=0205 fifo=0
SIO1-DIAG t= 47927.021 cyc=1624016141 game wrote CTRL=0225 [TXEN=1 DTR=0 RXEN=1 RTS=1 ACK=0 RESET=0 RXIRQEN=0 TXIRQEN=0] stat=0005
SIO1-DIAG t= 47927.034 cyc=1624016141 TXFC dxr=0 xts=1 ctrl=0225 initial=0
SIO1-DIAG t= 47927.036 cyc=1624016141 TXMSG #10 size=4 bytes=12 02 10
SIO1-DIAG t= 47927.041 cyc=1624016190 LINKSTATE WR[act=00000000 buf=00000000 cnt=00000000 latch=00000000] RD[act=00000000 buf=801ffbe0 cnt=00000004] block=4 cfg=0205 DSR=0 DTR=0 stat=0005 ctrl=0225 fifo=0
SIO1-DIAG t= 47927.044 cyc=1624016190 game read STAT=0005 ctrl=0225 [DSR=0 CTS=0 RXRDY=0] pc=80153c84 (prev value held for 2 reads) totalReads=3787
SIO1-DIAG t= 47930.295 cyc=1624033759 STAT poll sample pc=80153ce4 stat=0005 reads=4096
SIO1-DIAG t= 47936.590 cyc=1624067063 RXMSG #12 declared=5 got=5 bytes=0a 03 0a
SIO1-DIAG t= 47936.603 cyc=1624067063 RX accept #9 byte=ab fifo=1 ctrl=0225
SIO1-DIAG t= 47936.606 cyc=1624067063 RXMSG #13 declared=5 got=5 bytes=0a 03 0a
SIO1-DIAG t= 47936.607 cyc=1624067063 RX accept #10 byte=fe fifo=2 ctrl=0225
SIO1-DIAG t= 47936.612 cyc=1624067063 RXMSG #14 declared=5 got=5 bytes=0a 03 0a
SIO1-DIAG t= 47936.613 cyc=1624067063 RX accept #11 byte=00 fifo=3 ctrl=0225
SIO1-DIAG t= 47936.614 cyc=1624067063 RXMSG #15 declared=5 got=5 bytes=0a 03 0a
SIO1-DIAG t= 47936.616 cyc=1624067063 RX accept #12 byte=00 fifo=4 ctrl=0225
SIO1-DIAG t= 47936.617 cyc=1624067063 DRAIN 4 messages in one poll
SIO1-DIAG t= 47936.618 cyc=1624067104 game read STAT=0007 ctrl=0225 [DSR=0 CTS=0 RXRDY=1] pc=80153ce4 (prev value held for 893 reads) totalReads=4681
SIO1-DIAG t= 47936.622 cyc=1624067121 game read DATA=ab popped=1 fifo 4->3 stat=0007
SIO1-DIAG t= 47936.624 cyc=1624067171 LINKSTATE WR[act=00000000 buf=00000000 cnt=00000000 latch=00000000] RD[act=00000000 buf=801ffbe1 cnt=00000003] block=4 cfg=0205 DSR=0 DTR=0 stat=0007 ctrl=0225 fifo=3
SIO1-DIAG t= 47936.627 cyc=1624067199 game read DATA=fe popped=1 fifo 3->2 stat=0007
SIO1-DIAG t= 47936.628 cyc=1624067249 LINKSTATE WR[act=00000000 buf=00000000 cnt=00000000 latch=00000000] RD[act=00000000 buf=801ffbe2 cnt=00000002] block=4 cfg=0205 DSR=0 DTR=0 stat=0007 ctrl=0225 fifo=2
SIO1-DIAG t= 47936.630 cyc=1624067277 game read DATA=00 popped=1 fifo 2->1 stat=0007
SIO1-DIAG t= 47936.631 cyc=1624067327 LINKSTATE WR[act=00000000 buf=00000000 cnt=00000000 latch=00000000] RD[act=00000000 buf=801ffbe3 cnt=00000001] block=4 cfg=0205 DSR=0 DTR=0 stat=0007 ctrl=0225 fifo=1
SIO1-DIAG t= 47936.633 cyc=1624067355 game read DATA=00 popped=1 fifo 1->0 stat=0005
SIO1-DIAG t= 47936.634 cyc=1624067398 DTR 0->1 (toggle #3) pc=80153d50 ctrl=0227
SIO1-DIAG t= 47936.635 cyc=1624067398 game wrote CTRL=0227 [TXEN=1 DTR=1 RXEN=1 RTS=1 ACK=0 RESET=0 RXIRQEN=0 TXIRQEN=0] stat=0005
SIO1-DIAG t= 47936.637 cyc=1624067398 TXFC dxr=1 xts=1 ctrl=0227 initial=0
SIO1-DIAG t= 47936.639 cyc=1624067398 TXMSG #11 size=6 bytes=12 04 08
SIO1-DIAG t= 47936.645 cyc=1624067422 game wrote CTRL=0207 [TXEN=1 DTR=1 RXEN=1 RTS=0 ACK=0 RESET=0 RXIRQEN=0 TXIRQEN=0] stat=0005
SIO1-DIAG t= 47936.648 cyc=1624067422 TXFC dxr=1 xts=0 ctrl=0207 initial=0
SIO1-DIAG t= 47936.649 cyc=1624067422 TXMSG #12 size=4 bytes=12 02 08
SIO1-DIAG t= 47937.059 cyc=1624069204 LINKSTATE WR[act=00000000 buf=00000000 cnt=00000000 latch=00000000] RD[act=00000000 buf=801ffbe4 cnt=00000000] block=4 cfg=0205 DSR=0 DTR=1 stat=0005 ctrl=0207 fifo=0
SIO1-DIAG t= 47940.325 cyc=1624580521 game wrote CTRL=0227 [TXEN=1 DTR=1 RXEN=1 RTS=1 ACK=0 RESET=0 RXIRQEN=0 TXIRQEN=0] stat=0005
SIO1-DIAG t= 47940.338 cyc=1624580521 TXFC dxr=1 xts=1 ctrl=0227 initial=0
SIO1-DIAG t= 47940.340 cyc=1624580521 TXMSG #13 size=6 bytes=12 04 08
SIO1-DIAG t= 47940.345 cyc=1624580570 LINKSTATE WR[act=00000000 buf=00000000 cnt=00000000 latch=00000000] RD[act=00000000 buf=801ffbe0 cnt=00000004] block=4 cfg=0205 DSR=0 DTR=1 stat=0005 ctrl=0227 fifo=0
SIO1-DIAG t= 47940.348 cyc=1624580570 game read STAT=0005 ctrl=0227 [DSR=0 CTS=0 RXRDY=0] pc=80153c84 (prev value held for 6 reads) totalReads=4688
SIO1-DIAG t= 47957.815 cyc=1624674374 RXMSG #16 declared=5 got=5 bytes=0a 03 0a
SIO1-DIAG t= 47957.830 cyc=1624674374 RX accept #13 byte=ab fifo=1 ctrl=0227
SIO1-DIAG t= 47957.832 cyc=1624674374 RXMSG #17 declared=5 got=5 bytes=0a 03 0a
SIO1-DIAG t= 47957.833 cyc=1624674374 RX accept #14 byte=fe fifo=2 ctrl=0227
SIO1-DIAG t= 47957.834 cyc=1624674374 RXMSG #18 declared=5 got=5 bytes=0a 03 0a
SIO1-DIAG t= 47957.836 cyc=1624674374 RX accept #15 byte=00 fifo=3 ctrl=0227
SIO1-DIAG t= 47957.837 cyc=1624674374 RXMSG #19 declared=5 got=5 bytes=0a 03 0a
SIO1-DIAG t= 47957.838 cyc=1624674374 RX accept #16 byte=00 fifo=4 ctrl=0227
SIO1-DIAG t= 47957.839 cyc=1624674374 DRAIN 4 messages in one poll
SIO1-DIAG t= 47957.841 cyc=1624674405 game read STAT=0007 ctrl=0227 [DSR=0 CTS=0 RXRDY=1] pc=80153ce4 (prev value held for 1646 reads) totalReads=6335
SIO1-DIAG t= 47957.844 cyc=1624674422 game read DATA=ab popped=1 fifo 4->3 stat=0007
SIO1-DIAG t= 47957.847 cyc=1624674472 LINKSTATE WR[act=00000000 buf=00000000 cnt=00000000 latch=00000000] RD[act=00000000 buf=801ffbe1 cnt=00000003] block=4 cfg=0205 DSR=0 DTR=1 stat=0007 ctrl=0227 fifo=3
SIO1-DIAG t= 47957.849 cyc=1624674500 game read DATA=fe popped=1 fifo 3->2 stat=0007
SIO1-DIAG t= 47957.850 cyc=1624674550 LINKSTATE WR[act=00000000 buf=00000000 cnt=00000000 latch=00000000] RD[act=00000000 buf=801ffbe2 cnt=00000002] block=4 cfg=0205 DSR=0 DTR=1 stat=0007 ctrl=0227 fifo=2
SIO1-DIAG t= 47957.852 cyc=1624674578 game read DATA=00 popped=1 fifo 2->1 stat=0007
SIO1-DIAG t= 47957.853 cyc=1624674628 LINKSTATE WR[act=00000000 buf=00000000 cnt=00000000 latch=00000000] RD[act=00000000 buf=801ffbe3 cnt=00000001] block=4 cfg=0205 DSR=0 DTR=1 stat=0007 ctrl=0227 fifo=1
SIO1-DIAG t= 47957.855 cyc=1624674656 game read DATA=00 popped=1 fifo 1->0 stat=0005
SIO1-DIAG t= 47957.856 cyc=1624674699 DTR 1->0 (toggle #4) pc=80153d50 ctrl=0225
SIO1-DIAG t= 47957.857 cyc=1624674699 game wrote CTRL=0225 [TXEN=1 DTR=0 RXEN=1 RTS=1 ACK=0 RESET=0 RXIRQEN=0 TXIRQEN=0] stat=0005
SIO1-DIAG t= 47957.859 cyc=1624674699 TXFC dxr=0 xts=1 ctrl=0225 initial=0
SIO1-DIAG t= 47957.861 cyc=1624674699 TXMSG #14 size=4 bytes=12 02 10
SIO1-DIAG t= 47957.866 cyc=1624674723 game wrote CTRL=0205 [TXEN=1 DTR=0 RXEN=1 RTS=0 ACK=0 RESET=0 RXIRQEN=0 TXIRQEN=0] stat=0005
SIO1-DIAG t= 47957.868 cyc=1624674723 TXFC dxr=0 xts=0 ctrl=0205 initial=0
SIO1-DIAG t= 47957.869 cyc=1624674723 TXMSG #15 size=0 bytes=ff ff ff
SIO1-DIAG t= 47958.278 cyc=1624676517 LINKSTATE WR[act=00000000 buf=00000000 cnt=00000000 latch=00000000] RD[act=00000000 buf=801ffbe4 cnt=00000000] block=4 cfg=0205 DSR=0 DTR=0 stat=0005 ctrl=0205 fifo=0
SIO1-DIAG t= 47961.520 cyc=1625144931 game wrote CTRL=0225 [TXEN=1 DTR=0 RXEN=1 RTS=1 ACK=0 RESET=0 RXIRQEN=0 TXIRQEN=0] stat=0005
SIO1-DIAG t= 47961.534 cyc=1625144931 TXFC dxr=0 xts=1 ctrl=0225 initial=0
SIO1-DIAG t= 47961.536 cyc=1625144931 TXMSG #16 size=4 bytes=12 02 10
SIO1-DIAG t= 47961.541 cyc=1625144980 LINKSTATE WR[act=00000000 buf=00000000 cnt=00000000 latch=00000000] RD[act=00000000 buf=801ffbe0 cnt=00000004] block=4 cfg=0205 DSR=0 DTR=0 stat=0005 ctrl=0225 fifo=0
SIO1-DIAG t= 47961.543 cyc=1625144980 game read STAT=0005 ctrl=0225 [DSR=0 CTS=0 RXRDY=0] pc=80153c84 (prev value held for 6 reads) totalReads=6342
SIO1-DIAG t= 47971.340 cyc=1625197998 RXMSG #20 declared=5 got=5 bytes=0a 03 0a
SIO1-DIAG t= 47971.363 cyc=1625197998 RX accept #17 byte=ab fifo=1 ctrl=0225
SIO1-DIAG t= 47971.365 cyc=1625197998 RXMSG #21 declared=5 got=5 bytes=0a 03 0a
SIO1-DIAG t= 47971.366 cyc=1625197998 RX accept #18 byte=fe fifo=2 ctrl=0225
SIO1-DIAG t= 47971.367 cyc=1625197998 DRAIN 2 messages in one poll
SIO1-DIAG t= 47971.369 cyc=1625198003 game read STAT=0007 ctrl=0225 [DSR=0 CTS=0 RXRDY=1] pc=80153ce4 (prev value held for 930 reads) totalReads=7273
SIO1-DIAG t= 47971.372 cyc=1625198020 game read DATA=ab popped=1 fifo 2->1 stat=0007
SIO1-DIAG t= 47971.375 cyc=1625198070 LINKSTATE WR[act=00000000 buf=00000000 cnt=00000000 latch=00000000] RD[act=00000000 buf=801ffbe1 cnt=00000003] block=4 cfg=0205 DSR=0 DTR=0 stat=0007 ctrl=0225 fifo=1
SIO1-DIAG t= 47971.377 cyc=1625198098 game read DATA=fe popped=1 fifo 1->0 stat=0005
SIO1-DIAG t= 47971.378 cyc=1625198148 LINKSTATE WR[act=00000000 buf=00000000 cnt=00000000 latch=00000000] RD[act=00000000 buf=801ffbe2 cnt=00000002] block=4 cfg=0205 DSR=0 DTR=0 stat=0005 ctrl=0225 fifo=0
SIO1-DIAG t= 47971.380 cyc=1625198148 game read STAT=0005 ctrl=0225 [DSR=0 CTS=0 RXRDY=0] pc=80153c88 (prev value held for 2 reads) totalReads=7276
SIO1-DIAG t= 47972.117 cyc=1625202289 RXMSG #22 declared=5 got=5 bytes=0a 03 0a
SIO1-DIAG t= 47972.121 cyc=1625202289 RX accept #19 byte=00 fifo=1 ctrl=0225
SIO1-DIAG t= 47972.123 cyc=1625202289 RXMSG #23 declared=5 got=5 bytes=0a 03 0a
SIO1-DIAG t= 47972.125 cyc=1625202289 RX accept #20 byte=00 fifo=2 ctrl=0225
SIO1-DIAG t= 47972.126 cyc=1625202289 DRAIN 2 messages in one poll
SIO1-DIAG t= 47972.128 cyc=1625202320 game read STAT=0007 ctrl=0225 [DSR=0 CTS=0 RXRDY=1] pc=80153ce4 (prev value held for 73 reads) totalReads=7350
SIO1-DIAG t= 47972.130 cyc=1625202337 game read DATA=00 popped=1 fifo 2->1 stat=0007
SIO1-DIAG t= 47972.132 cyc=1625202387 LINKSTATE WR[act=00000000 buf=00000000 cnt=00000000 latch=00000000] RD[act=00000000 buf=801ffbe3 cnt=00000001] block=4 cfg=0205 DSR=0 DTR=0 stat=0007 ctrl=0225 fifo=1
SIO1-DIAG t= 47972.135 cyc=1625202415 game read DATA=00 popped=1 fifo 1->0 stat=0005
SIO1-DIAG t= 47972.137 cyc=1625202458 DTR 0->1 (toggle #5) pc=80153d50 ctrl=0227
SIO1-DIAG t= 47972.138 cyc=1625202458 game wrote CTRL=0227 [TXEN=1 DTR=1 RXEN=1 RTS=1 ACK=0 RESET=0 RXIRQEN=0 TXIRQEN=0] stat=0005
SIO1-DIAG t= 47972.139 cyc=1625202458 TXFC dxr=1 xts=1 ctrl=0227 initial=0
SIO1-DIAG t= 47972.141 cyc=1625202458 TXMSG #17 size=6 bytes=12 04 08
SIO1-DIAG t= 47972.147 cyc=1625202482 game wrote CTRL=0207 [TXEN=1 DTR=1 RXEN=1 RTS=0 ACK=0 RESET=0 RXIRQEN=0 TXIRQEN=0] stat=0005
SIO1-DIAG t= 47972.148 cyc=1625202482 TXFC dxr=1 xts=0 ctrl=0207 initial=0
SIO1-DIAG t= 47972.149 cyc=1625202482 TXMSG #18 size=4 bytes=12 02 08
SIO1-DIAG t= 47972.559 cyc=1625204438 LINKSTATE WR[act=00000000 buf=00000000 cnt=00000000 latch=00000000] RD[act=00000000 buf=801ffbe4 cnt=00000000] block=4 cfg=0205 DSR=0 DTR=1 stat=0005 ctrl=0207 fifo=0
SIO1-DIAG t= 47975.907 cyc=1625709317 game wrote CTRL=0227 [TXEN=1 DTR=1 RXEN=1 RTS=1 ACK=0 RESET=0 RXIRQEN=0 TXIRQEN=0] stat=0005
SIO1-DIAG t= 47975.921 cyc=1625709317 TXFC dxr=1 xts=1 ctrl=0227 initial=0
SIO1-DIAG t= 47975.923 cyc=1625709317 TXMSG #19 size=6 bytes=12 04 08
SIO1-DIAG t= 47975.929 cyc=1625709366 LINKSTATE WR[act=00000000 buf=00000000 cnt=00000000 latch=00000000] RD[act=00000000 buf=801ffbe0 cnt=00000004] block=4 cfg=0205 DSR=0 DTR=1 stat=0005 ctrl=0227 fifo=0
SIO1-DIAG t= 47975.932 cyc=1625709366 game read STAT=0005 ctrl=0227 [DSR=0 CTS=0 RXRDY=0] pc=80153c84 (prev value held for 2 reads) totalReads=7353
SIO1-DIAG t= 47984.855 cyc=1625757145 STAT poll sample pc=80153ce4 stat=0005 reads=8192
SIO1-DIAG t= 47990.862 cyc=1625790288 RXMSG #24 declared=5 got=5 bytes=0a 03 0a
SIO1-DIAG t= 47990.872 cyc=1625790288 RX accept #21 byte=ab fifo=1 ctrl=0227
SIO1-DIAG t= 47990.875 cyc=1625790319 game read STAT=0007 ctrl=0227 [DSR=0 CTS=0 RXRDY=1] pc=80153ce4 (prev value held for 1420 reads) totalReads=8774
SIO1-DIAG t= 47990.878 cyc=1625790336 game read DATA=ab popped=1 fifo 1->0 stat=0005
SIO1-DIAG t= 47990.881 cyc=1625790386 LINKSTATE WR[act=00000000 buf=00000000 cnt=00000000 latch=00000000] RD[act=00000000 buf=801ffbe1 cnt=00000003] block=4 cfg=0205 DSR=0 DTR=1 stat=0005 ctrl=0227 fifo=0
SIO1-DIAG t= 47990.889 cyc=1625790386 game read STAT=0005 ctrl=0227 [DSR=0 CTS=0 RXRDY=0] pc=80153c88 (prev value held for 0 reads) totalReads=8775
SIO1-DIAG t= 47990.896 cyc=1625792432 RXMSG #25 declared=5 got=5 bytes=0a 03 0a
SIO1-DIAG t= 47990.897 cyc=1625792432 RX accept #22 byte=fe fifo=1 ctrl=0227
SIO1-DIAG t= 47990.898 cyc=1625792432 RXMSG #26 declared=5 got=5 bytes=0a 03 0a
SIO1-DIAG t= 47990.899 cyc=1625792432 RX accept #23 byte=00 fifo=2 ctrl=0227
SIO1-DIAG t= 47990.900 cyc=1625792432 RXMSG #27 declared=5 got=5 bytes=0a 03 0a
SIO1-DIAG t= 47990.901 cyc=1625792432 RX accept #24 byte=00 fifo=3 ctrl=0227
SIO1-DIAG t= 47990.902 cyc=1625792432 DRAIN 3 messages in one poll
SIO1-DIAG t= 47990.903 cyc=1625792449 game read STAT=0007 ctrl=0227 [DSR=0 CTS=0 RXRDY=1] pc=80153ce4 (prev value held for 36 reads) totalReads=8812
SIO1-DIAG t= 47990.905 cyc=1625792466 game read DATA=fe popped=1 fifo 3->2 stat=0007
SIO1-DIAG t= 47990.906 cyc=1625792516 LINKSTATE WR[act=00000000 buf=00000000 cnt=00000000 latch=00000000] RD[act=00000000 buf=801ffbe2 cnt=00000002] block=4 cfg=0205 DSR=0 DTR=1 stat=0007 ctrl=0227 fifo=2
SIO1-DIAG t= 47990.908 cyc=1625792544 game read DATA=00 popped=1 fifo 2->1 stat=0007
SIO1-DIAG t= 47990.909 cyc=1625792594 LINKSTATE WR[act=00000000 buf=00000000 cnt=00000000 latch=00000000] RD[act=00000000 buf=801ffbe3 cnt=00000001] block=4 cfg=0205 DSR=0 DTR=1 stat=0007 ctrl=0227 fifo=1
SIO1-DIAG t= 47990.910 cyc=1625792622 game read DATA=00 popped=1 fifo 1->0 stat=0005
SIO1-DIAG t= 47990.912 cyc=1625792665 DTR 1->0 (toggle #6) pc=80153d50 ctrl=0225
SIO1-DIAG t= 47990.913 cyc=1625792665 game wrote CTRL=0225 [TXEN=1 DTR=0 RXEN=1 RTS=1 ACK=0 RESET=0 RXIRQEN=0 TXIRQEN=0] stat=0005
SIO1-DIAG t= 47990.915 cyc=1625792665 TXFC dxr=0 xts=1 ctrl=0225 initial=0
SIO1-DIAG t= 47990.916 cyc=1625792665 TXMSG #20 size=4 bytes=12 02 10
SIO1-DIAG t= 47990.921 cyc=1625792689 game wrote CTRL=0205 [TXEN=1 DTR=0 RXEN=1 RTS=0 ACK=0 RESET=0 RXIRQEN=0 TXIRQEN=0] stat=0005
SIO1-DIAG t= 47990.922 cyc=1625792689 TXFC dxr=0 xts=0 ctrl=0205 initial=0
SIO1-DIAG t= 47990.923 cyc=1625792689 TXMSG #21 size=0 bytes=ff ff ff
SIO1-DIAG t= 47991.333 cyc=1625794587 LINKSTATE WR[act=00000000 buf=00000000 cnt=00000000 latch=00000000] RD[act=00000000 buf=801ffbe4 cnt=00000000] block=4 cfg=0205 DSR=0 DTR=0 stat=0005 ctrl=0205 fifo=0
SIO1-DIAG t= 47994.707 cyc=1626273714 game wrote CTRL=0225 [TXEN=1 DTR=0 RXEN=1 RTS=1 ACK=0 RESET=0 RXIRQEN=0 TXIRQEN=0] stat=0005
SIO1-DIAG t= 47994.721 cyc=1626273714 TXFC dxr=0 xts=1 ctrl=0225 initial=0
SIO1-DIAG t= 47994.723 cyc=1626273714 TXMSG #22 size=4 bytes=12 02 10
SIO1-DIAG t= 47994.730 cyc=1626273763 LINKSTATE WR[act=00000000 buf=00000000 cnt=00000000 latch=00000000] RD[act=00000000 buf=801ffbe0 cnt=00000004] block=4 cfg=0205 DSR=0 DTR=0 stat=0005 ctrl=0225 fifo=0
SIO1-DIAG t= 47994.732 cyc=1626273763 game read STAT=0005 ctrl=0225 [DSR=0 CTS=0 RXRDY=0] pc=80153c84 (prev value held for 4 reads) totalReads=8817
SIO1-DIAG t= 48003.484 cyc=1626320361 RXMSG #28 declared=5 got=5 bytes=0a 03 0a
SIO1-DIAG t= 48003.499 cyc=1626320361 RX accept #25 byte=ab fifo=1 ctrl=0225
SIO1-DIAG t= 48003.502 cyc=1626320361 RXMSG #29 declared=5 got=5 bytes=0a 03 0a
SIO1-DIAG t= 48003.504 cyc=1626320361 RX accept #26 byte=fe fifo=2 ctrl=0225
SIO1-DIAG t= 48003.505 cyc=1626320361 RXMSG #30 declared=5 got=5 bytes=0a 03 0a
SIO1-DIAG t= 48003.507 cyc=1626320361 RX accept #27 byte=00 fifo=3 ctrl=0225
SIO1-DIAG t= 48003.508 cyc=1626320361 RXMSG #31 declared=5 got=5 bytes=0a 03 0a
SIO1-DIAG t= 48003.510 cyc=1626320361 RX accept #28 byte=00 fifo=4 ctrl=0225
SIO1-DIAG t= 48003.511 cyc=1626320361 DRAIN 4 messages in one poll
SIO1-DIAG t= 48003.513 cyc=1626320402 game read STAT=0007 ctrl=0225 [DSR=0 CTS=0 RXRDY=1] pc=80153ce4 (prev value held for 818 reads) totalReads=9636
SIO1-DIAG t= 48003.517 cyc=1626320419 game read DATA=ab popped=1 fifo 4->3 stat=0007
SIO1-DIAG t= 48003.519 cyc=1626320469 LINKSTATE WR[act=00000000 buf=00000000 cnt=00000000 latch=00000000] RD[act=00000000 buf=801ffbe1 cnt=00000003] block=4 cfg=0205 DSR=0 DTR=0 stat=0007 ctrl=0225 fifo=3
SIO1-DIAG t= 48003.527 cyc=1626320497 game read DATA=fe popped=1 fifo 3->2 stat=0007
SIO1-DIAG t= 48003.528 cyc=1626320547 LINKSTATE WR[act=00000000 buf=00000000 cnt=00000000 latch=00000000] RD[act=00000000 buf=801ffbe2 cnt=00000002] block=4 cfg=0205 DSR=0 DTR=0 stat=0007 ctrl=0225 fifo=2
SIO1-DIAG t= 48003.530 cyc=1626320575 game read DATA=00 popped=1 fifo 2->1 stat=0007
SIO1-DIAG t= 48003.531 cyc=1626320625 LINKSTATE WR[act=00000000 buf=00000000 cnt=00000000 latch=00000000] RD[act=00000000 buf=801ffbe3 cnt=00000001] block=4 cfg=0205 DSR=0 DTR=0 stat=0007 ctrl=0225 fifo=1
SIO1-DIAG t= 48003.533 cyc=1626320653 game read DATA=00 popped=1 fifo 1->0 stat=0005
SIO1-DIAG t= 48003.534 cyc=1626320696 DTR 0->1 (toggle #7) pc=80153d50 ctrl=0227
SIO1-DIAG t= 48003.535 cyc=1626320696 game wrote CTRL=0227 [TXEN=1 DTR=1 RXEN=1 RTS=1 ACK=0 RESET=0 RXIRQEN=0 TXIRQEN=0] stat=0005
SIO1-DIAG t= 48003.537 cyc=1626320696 TXFC dxr=1 xts=1 ctrl=0227 initial=0
SIO1-DIAG t= 48003.538 cyc=1626320696 TXMSG #23 size=6 bytes=12 04 08
SIO1-DIAG t= 48003.544 cyc=1626320720 game wrote CTRL=0207 [TXEN=1 DTR=1 RXEN=1 RTS=0 ACK=0 RESET=0 RXIRQEN=0 TXIRQEN=0] stat=0005
SIO1-DIAG t= 48003.545 cyc=1626320720 TXFC dxr=1 xts=0 ctrl=0207 initial=0
SIO1-DIAG t= 48003.546 cyc=1626320720 TXMSG #24 size=4 bytes=12 02 08
SIO1-DIAG t= 48003.956 cyc=1626322502 LINKSTATE WR[act=00000000 buf=00000000 cnt=00000000 latch=00000000] RD[act=00000000 buf=801ffbe4 cnt=00000000] block=4 cfg=0205 DSR=0 DTR=1 stat=0005 ctrl=0207 fifo=0
SIO1-DIAG t= 48007.139 cyc=1626838111 game wrote CTRL=0227 [TXEN=1 DTR=1 RXEN=1 RTS=1 ACK=0 RESET=0 RXIRQEN=0 TXIRQEN=0] stat=0005
SIO1-DIAG t= 48007.155 cyc=1626838111 TXFC dxr=1 xts=1 ctrl=0227 initial=0
SIO1-DIAG t= 48007.159 cyc=1626838111 TXMSG #25 size=6 bytes=12 04 08
SIO1-DIAG t= 48007.164 cyc=1626838160 LINKSTATE WR[act=00000000 buf=00000000 cnt=00000000 latch=00000000] RD[act=00000000 buf=801ffbe0 cnt=00000004] block=4 cfg=0205 DSR=0 DTR=1 stat=0005 ctrl=0227 fifo=0
SIO1-DIAG t= 48007.167 cyc=1626838160 game read STAT=0005 ctrl=0227 [DSR=0 CTS=0 RXRDY=0] pc=80153c84 (prev value held for 6 reads) totalReads=9643
SIO1-DIAG t= 48025.071 cyc=1626934120 RXMSG #32 declared=5 got=5 bytes=0a 03 0a
SIO1-DIAG t= 48025.089 cyc=1626934120 RX accept #29 byte=ab fifo=1 ctrl=0227
SIO1-DIAG t= 48025.091 cyc=1626934120 RXMSG #33 declared=5 got=5 bytes=0a 03 0a
SIO1-DIAG t= 48025.093 cyc=1626934120 RX accept #30 byte=fe fifo=2 ctrl=0227
SIO1-DIAG t= 48025.095 cyc=1626934120 RXMSG #34 declared=5 got=5 bytes=0a 03 0a
SIO1-DIAG t= 48025.096 cyc=1626934120 RX accept #31 byte=00 fifo=3 ctrl=0227
SIO1-DIAG t= 48025.102 cyc=1626934120 RXMSG #35 declared=5 got=5 bytes=0a 03 0a
SIO1-DIAG t= 48025.104 cyc=1626934120 RX accept #32 byte=00 fifo=4 ctrl=0227
SIO1-DIAG t= 48025.105 cyc=1626934120 DRAIN 4 messages in one poll
SIO1-DIAG t= 48025.107 cyc=1626934161 game read STAT=0007 ctrl=0227 [DSR=0 CTS=0 RXRDY=1] pc=80153ce4 (prev value held for 1684 reads) totalReads=11328
SIO1-DIAG t= 48025.111 cyc=1626934178 game read DATA=ab popped=1 fifo 4->3 stat=0007
SIO1-DIAG t= 48025.114 cyc=1626934228 LINKSTATE WR[act=00000000 buf=00000000 cnt=00000000 latch=00000000] RD[act=00000000 buf=801ffbe1 cnt=00000003] block=4 cfg=0205 DSR=0 DTR=1 stat=0007 ctrl=0227 fifo=3
SIO1-DIAG t= 48025.117 cyc=1626934256 game read DATA=fe popped=1 fifo 3->2 stat=0007
SIO1-DIAG t= 48025.119 cyc=1626934306 LINKSTATE WR[act=00000000 buf=00000000 cnt=00000000 latch=00000000] RD[act=00000000 buf=801ffbe2 cnt=00000002] block=4 cfg=0205 DSR=0 DTR=1 stat=0007 ctrl=0227 fifo=2
SIO1-DIAG t= 48025.121 cyc=1626934334 game read DATA=00 popped=1 fifo 2->1 stat=0007
SIO1-DIAG t= 48025.123 cyc=1626934384 LINKSTATE WR[act=00000000 buf=00000000 cnt=00000000 latch=00000000] RD[act=00000000 buf=801ffbe3 cnt=00000001] block=4 cfg=0205 DSR=0 DTR=1 stat=0007 ctrl=0227 fifo=1
SIO1-DIAG t= 48025.125 cyc=1626934412 game read DATA=00 popped=1 fifo 1->0 stat=0005
SIO1-DIAG t= 48025.134 cyc=1626934455 DTR 1->0 (toggle #8) pc=80153d50 ctrl=0225
SIO1-DIAG t= 48025.135 cyc=1626934455 game wrote CTRL=0225 [TXEN=1 DTR=0 RXEN=1 RTS=1 ACK=0 RESET=0 RXIRQEN=0 TXIRQEN=0] stat=0005
SIO1-DIAG t= 48025.137 cyc=1626934455 TXFC dxr=0 xts=1 ctrl=0225 initial=0
SIO1-DIAG t= 48025.140 cyc=1626934455 TXMSG #26 size=4 bytes=12 02 10
SIO1-DIAG t= 48025.147 cyc=1626934479 game wrote CTRL=0205 [TXEN=1 DTR=0 RXEN=1 RTS=0 ACK=0 RESET=0 RXIRQEN=0 TXIRQEN=0] stat=0005
SIO1-DIAG t= 48025.150 cyc=1626934479 TXFC dxr=0 xts=0 ctrl=0205 initial=0
SIO1-DIAG t= 48025.152 cyc=1626934479 TXMSG #27 size=0 bytes=ff ff ff
SIO1-DIAG t= 48025.565 cyc=1626936261 LINKSTATE WR[act=00000000 buf=00000000 cnt=00000000 latch=00000000] RD[act=00000000 buf=801ffbe4 cnt=00000000] block=4 cfg=0205 DSR=0 DTR=0 stat=0005 ctrl=0205 fifo=0
SIO1-DIAG t= 48029.144 cyc=1627402512 game wrote CTRL=0225 [TXEN=1 DTR=0 RXEN=1 RTS=1 ACK=0 RESET=0 RXIRQEN=0 TXIRQEN=0] stat=0005
SIO1-DIAG t= 48029.159 cyc=1627402512 TXFC dxr=0 xts=1 ctrl=0225 initial=0
SIO1-DIAG t= 48029.161 cyc=1627402512 TXMSG #28 size=4 bytes=12 02 10
SIO1-DIAG t= 48029.168 cyc=1627402561 LINKSTATE WR[act=00000000 buf=00000000 cnt=00000000 latch=00000000] RD[act=00000000 buf=801ffbe0 cnt=00000004] block=4 cfg=0205 DSR=0 DTR=0 stat=0005 ctrl=0225 fifo=0
SIO1-DIAG t= 48029.170 cyc=1627402561 game read STAT=0005 ctrl=0225 [DSR=0 CTS=0 RXRDY=0] pc=80153c84 (prev value held for 6 reads) totalReads=11335
SIO1-DIAG t= 48039.308 cyc=1627456838 STAT poll sample pc=80153ce4 stat=0005 reads=12288
SIO1-DIAG t= 48040.425 cyc=1627462020 RXMSG #36 declared=5 got=5 bytes=0a 03 0a
SIO1-DIAG t= 48040.428 cyc=1627462020 RX accept #33 byte=ab fifo=1 ctrl=0225
SIO1-DIAG t= 48040.429 cyc=1627462020 RXMSG #37 declared=5 got=5 bytes=0a 03 0a
SIO1-DIAG t= 48040.431 cyc=1627462020 RX accept #34 byte=fe fifo=2 ctrl=0225
SIO1-DIAG t= 48040.432 cyc=1627462020 RXMSG #38 declared=5 got=5 bytes=0a 03 0a
SIO1-DIAG t= 48040.433 cyc=1627462020 RX accept #35 byte=00 fifo=3 ctrl=0225
SIO1-DIAG t= 48040.433 cyc=1627462020 RXMSG #39 declared=5 got=5 bytes=0a 03 0a
SIO1-DIAG t= 48040.435 cyc=1627462020 RX accept #36 byte=00 fifo=4 ctrl=0225
SIO1-DIAG t= 48040.435 cyc=1627462020 DRAIN 4 messages in one poll
SIO1-DIAG t= 48040.437 cyc=1627462025 game read STAT=0007 ctrl=0225 [DSR=0 CTS=0 RXRDY=1] pc=80153ce4 (prev value held for 1043 reads) totalReads=12379
SIO1-DIAG t= 48040.439 cyc=1627462042 game read DATA=ab popped=1 fifo 4->3 stat=0007
SIO1-DIAG t= 48040.441 cyc=1627462092 LINKSTATE WR[act=00000000 buf=00000000 cnt=00000000 latch=00000000] RD[act=00000000 buf=801ffbe1 cnt=00000003] block=4 cfg=0205 DSR=0 DTR=0 stat=0007 ctrl=0225 fifo=3
SIO1-DIAG t= 48040.444 cyc=1627462120 game read DATA=fe popped=1 fifo 3->2 stat=0007
SIO1-DIAG t= 48040.445 cyc=1627462170 LINKSTATE WR[act=00000000 buf=00000000 cnt=00000000 latch=00000000] RD[act=00000000 buf=801ffbe2 cnt=00000002] block=4 cfg=0205 DSR=0 DTR=0 stat=0007 ctrl=0225 fifo=2
SIO1-DIAG t= 48040.448 cyc=1627462198 game read DATA=00 popped=1 fifo 2->1 stat=0007
SIO1-DIAG t= 48040.449 cyc=1627462248 LINKSTATE WR[act=00000000 buf=00000000 cnt=00000000 latch=00000000] RD[act=00000000 buf=801ffbe3 cnt=00000001] block=4 cfg=0205 DSR=0 DTR=0 stat=0007 ctrl=0225 fifo=1
SIO1-DIAG t= 48040.452 cyc=1627462276 game read DATA=00 popped=1 fifo 1->0 stat=0005
SIO1-DIAG t= 48040.453 cyc=1627462319 DTR 0->1 (toggle #9) pc=80153d50 ctrl=0227
SIO1-DIAG t= 48040.455 cyc=1627462319 game wrote CTRL=0227 [TXEN=1 DTR=1 RXEN=1 RTS=1 ACK=0 RESET=0 RXIRQEN=0 TXIRQEN=0] stat=0005
SIO1-DIAG t= 48040.457 cyc=1627462319 TXFC dxr=1 xts=1 ctrl=0227 initial=0
SIO1-DIAG t= 48040.460 cyc=1627462319 TXMSG #29 size=6 bytes=12 04 08
SIO1-DIAG t= 48040.471 cyc=1627462343 game wrote CTRL=0207 [TXEN=1 DTR=1 RXEN=1 RTS=0 ACK=0 RESET=0 RXIRQEN=0 TXIRQEN=0] stat=0005
SIO1-DIAG t= 48040.472 cyc=1627462343 TXFC dxr=1 xts=0 ctrl=0207 initial=0
SIO1-DIAG t= 48040.474 cyc=1627462343 TXMSG #30 size=4 bytes=12 02 08
SIO1-DIAG t= 48040.883 cyc=1627464166 LINKSTATE WR[act=00000000 buf=00000000 cnt=00000000 latch=00000000] RD[act=00000000 buf=801ffbe4 cnt=00000000] block=4 cfg=0205 DSR=0 DTR=1 stat=0005 ctrl=0207 fifo=0
SIO1-DIAG t= 48044.467 cyc=1627966916 game wrote CTRL=0227 [TXEN=1 DTR=1 RXEN=1 RTS=1 ACK=0 RESET=0 RXIRQEN=0 TXIRQEN=0] stat=0005
SIO1-DIAG t= 48044.481 cyc=1627966916 TXFC dxr=1 xts=1 ctrl=0227 initial=0
SIO1-DIAG t= 48044.484 cyc=1627966916 TXMSG #31 size=6 bytes=12 04 08
SIO1-DIAG t= 48044.489 cyc=1627966965 LINKSTATE WR[act=00000000 buf=00000000 cnt=00000000 latch=00000000] RD[act=00000000 buf=801ffbe0 cnt=00000004] block=4 cfg=0205 DSR=0 DTR=1 stat=0005 ctrl=0227 fifo=0
SIO1-DIAG t= 48044.493 cyc=1627966965 game read STAT=0005 ctrl=0227 [DSR=0 CTS=0 RXRDY=0] pc=80153c84 (prev value held for 6 reads) totalReads=12386
SIO1-DIAG t= 48056.693 cyc=1628030720 RXMSG #40 declared=5 got=5 bytes=0a 03 0a
SIO1-DIAG t= 48056.713 cyc=1628030720 RX accept #37 byte=ab fifo=1 ctrl=0227
SIO1-DIAG t= 48056.715 cyc=1628030720 RXMSG #41 declared=5 got=5 bytes=0a 03 0a
SIO1-DIAG t= 48056.716 cyc=1628030720 RX accept #38 byte=fe fifo=2 ctrl=0227
SIO1-DIAG t= 48056.717 cyc=1628030720 RXMSG #42 declared=5 got=5 bytes=0a 03 0a
SIO1-DIAG t= 48056.718 cyc=1628030720 RX accept #39 byte=00 fifo=3 ctrl=0227
SIO1-DIAG t= 48056.720 cyc=1628030720 RXMSG #43 declared=5 got=5 bytes=0a 03 0a
SIO1-DIAG t= 48056.721 cyc=1628030720 RX accept #40 byte=00 fifo=4 ctrl=0227
SIO1-DIAG t= 48056.722 cyc=1628030720 DRAIN 4 messages in one poll
SIO1-DIAG t= 48056.723 cyc=1628030761 game read STAT=0007 ctrl=0227 [DSR=0 CTS=0 RXRDY=1] pc=80153ce4 (prev value held for 1119 reads) totalReads=13506
SIO1-DIAG t= 48056.726 cyc=1628030778 game read DATA=ab popped=1 fifo 4->3 stat=0007
SIO1-DIAG t= 48056.729 cyc=1628030828 LINKSTATE WR[act=00000000 buf=00000000 cnt=00000000 latch=00000000] RD[act=00000000 buf=801ffbe1 cnt=00000003] block=4 cfg=0205 DSR=0 DTR=1 stat=0007 ctrl=0227 fifo=3
SIO1-DIAG t= 48056.732 cyc=1628030856 game read DATA=fe popped=1 fifo 3->2 stat=0007
SIO1-DIAG t= 48056.733 cyc=1628030906 LINKSTATE WR[act=00000000 buf=00000000 cnt=00000000 latch=00000000] RD[act=00000000 buf=801ffbe2 cnt=00000002] block=4 cfg=0205 DSR=0 DTR=1 stat=0007 ctrl=0227 fifo=2
SIO1-DIAG t= 48056.735 cyc=1628030934 game read DATA=00 popped=1 fifo 2->1 stat=0007
SIO1-DIAG t= 48056.736 cyc=1628030984 LINKSTATE WR[act=00000000 buf=00000000 cnt=00000000 latch=00000000] RD[act=00000000 buf=801ffbe3 cnt=00000001] block=4 cfg=0205 DSR=0 DTR=1 stat=0007 ctrl=0227 fifo=1
SIO1-DIAG t= 48056.738 cyc=1628031012 game read DATA=00 popped=1 fifo 1->0 stat=0005
SIO1-DIAG t= 48056.739 cyc=1628031055 DTR 1->0 (toggle #10) pc=80153d50 ctrl=0225
SIO1-DIAG t= 48056.740 cyc=1628031055 game wrote CTRL=0225 [TXEN=1 DTR=0 RXEN=1 RTS=1 ACK=0 RESET=0 RXIRQEN=0 TXIRQEN=0] stat=0005
SIO1-DIAG t= 48056.742 cyc=1628031055 TXFC dxr=0 xts=1 ctrl=0225 initial=0
SIO1-DIAG t= 48056.744 cyc=1628031055 TXMSG #32 size=4 bytes=12 02 10
SIO1-DIAG t= 48056.751 cyc=1628031079 game wrote CTRL=0205 [TXEN=1 DTR=0 RXEN=1 RTS=0 ACK=0 RESET=0 RXIRQEN=0 TXIRQEN=0] stat=0005
SIO1-DIAG t= 48056.753 cyc=1628031079 TXFC dxr=0 xts=0 ctrl=0205 initial=0
SIO1-DIAG t= 48056.754 cyc=1628031079 TXMSG #33 size=0 bytes=ff ff ff
SIO1-DIAG t= 48057.214 cyc=1628032861 LINKSTATE WR[act=00000000 buf=00000000 cnt=00000000 latch=00000000] RD[act=00000000 buf=801ffbe4 cnt=00000000] block=4 cfg=0205 DSR=0 DTR=0 stat=0005 ctrl=0205 fifo=0
SIO1-DIAG t= 48060.642 cyc=1628531302 game wrote CTRL=0225 [TXEN=1 DTR=0 RXEN=1 RTS=1 ACK=0 RESET=0 RXIRQEN=0 TXIRQEN=0] stat=0005
SIO1-DIAG t= 48060.659 cyc=1628531302 TXFC dxr=0 xts=1 ctrl=0225 initial=0
SIO1-DIAG t= 48060.662 cyc=1628531302 TXMSG #34 size=4 bytes=12 02 10
SIO1-DIAG t= 48060.668 cyc=1628531351 LINKSTATE WR[act=00000000 buf=00000000 cnt=00000000 latch=00000000] RD[act=00000000 buf=801ffbe0 cnt=00000004] block=4 cfg=0205 DSR=0 DTR=0 stat=0005 ctrl=0225 fifo=0
SIO1-DIAG t= 48060.672 cyc=1628531351 game read STAT=0005 ctrl=0225 [DSR=0 CTS=0 RXRDY=0] pc=80153c84 (prev value held for 6 reads) totalReads=13513
SIO1-DIAG t= 48070.282 cyc=1628584390 RXMSG #44 declared=5 got=5 bytes=0a 03 0a
SIO1-DIAG t= 48070.299 cyc=1628584390 RX accept #41 byte=ab fifo=1 ctrl=0225
SIO1-DIAG t= 48070.309 cyc=1628584390 RXMSG #45 declared=5 got=5 bytes=0a 03 0a
SIO1-DIAG t= 48070.311 cyc=1628584390 RX accept #42 byte=fe fifo=2 ctrl=0225
SIO1-DIAG t= 48070.317 cyc=1628584390 RXMSG #46 declared=5 got=5 bytes=0a 03 0a
SIO1-DIAG t= 48070.319 cyc=1628584390 RX accept #43 byte=00 fifo=3 ctrl=0225
SIO1-DIAG t= 48070.320 cyc=1628584390 DRAIN 3 messages in one poll
SIO1-DIAG t= 48070.322 cyc=1628584431 game read STAT=0007 ctrl=0225 [DSR=0 CTS=0 RXRDY=1] pc=80153ce4 (prev value held for 931 reads) totalReads=14445
SIO1-DIAG t= 48070.326 cyc=1628584448 game read DATA=ab popped=1 fifo 3->2 stat=0007
SIO1-DIAG t= 48070.329 cyc=1628584498 LINKSTATE WR[act=00000000 buf=00000000 cnt=00000000 latch=00000000] RD[act=00000000 buf=801ffbe1 cnt=00000003] block=4 cfg=0205 DSR=0 DTR=0 stat=0007 ctrl=0225 fifo=2
SIO1-DIAG t= 48070.333 cyc=1628584526 game read DATA=fe popped=1 fifo 2->1 stat=0007
SIO1-DIAG t= 48070.335 cyc=1628584576 LINKSTATE WR[act=00000000 buf=00000000 cnt=00000000 latch=00000000] RD[act=00000000 buf=801ffbe2 cnt=00000002] block=4 cfg=0205 DSR=0 DTR=0 stat=0007 ctrl=0225 fifo=1
SIO1-DIAG t= 48070.337 cyc=1628584604 game read DATA=00 popped=1 fifo 1->0 stat=0005
SIO1-DIAG t= 48070.338 cyc=1628584654 LINKSTATE WR[act=00000000 buf=00000000 cnt=00000000 latch=00000000] RD[act=00000000 buf=801ffbe3 cnt=00000001] block=4 cfg=0205 DSR=0 DTR=0 stat=0005 ctrl=0225 fifo=0
SIO1-DIAG t= 48070.340 cyc=1628584654 game read STAT=0005 ctrl=0225 [DSR=0 CTS=0 RXRDY=0] pc=80153c88 (prev value held for 4 reads) totalReads=14450
SIO1-DIAG t= 48070.346 cyc=1628586529 RXMSG #47 declared=5 got=5 bytes=0a 03 0a
SIO1-DIAG t= 48070.347 cyc=1628586529 RX accept #44 byte=00 fifo=1 ctrl=0225
SIO1-DIAG t= 48070.348 cyc=1628586546 game read STAT=0007 ctrl=0225 [DSR=0 CTS=0 RXRDY=1] pc=80153ce4 (prev value held for 33 reads) totalReads=14484
SIO1-DIAG t= 48070.349 cyc=1628586563 game read DATA=00 popped=1 fifo 1->0 stat=0005
SIO1-DIAG t= 48070.351 cyc=1628586606 DTR 0->1 (toggle #11) pc=80153d50 ctrl=0227
SIO1-DIAG t= 48070.352 cyc=1628586606 game wrote CTRL=0227 [TXEN=1 DTR=1 RXEN=1 RTS=1 ACK=0 RESET=0 RXIRQEN=0 TXIRQEN=0] stat=0005
SIO1-DIAG t= 48070.353 cyc=1628586606 TXFC dxr=1 xts=1 ctrl=0227 initial=0
SIO1-DIAG t= 48070.355 cyc=1628586606 TXMSG #35 size=6 bytes=12 04 08
SIO1-DIAG t= 48070.361 cyc=1628586630 game wrote CTRL=0207 [TXEN=1 DTR=1 RXEN=1 RTS=0 ACK=0 RESET=0 RXIRQEN=0 TXIRQEN=0] stat=0005
SIO1-DIAG t= 48070.363 cyc=1628586630 TXFC dxr=1 xts=0 ctrl=0207 initial=0
SIO1-DIAG t= 48070.364 cyc=1628586630 TXMSG #36 size=4 bytes=12 02 08
SIO1-DIAG t= 48070.775 cyc=1628588673 LINKSTATE WR[act=00000000 buf=00000000 cnt=00000000 latch=00000000] RD[act=00000000 buf=801ffbe4 cnt=00000000] block=4 cfg=0205 DSR=0 DTR=1 stat=0005 ctrl=0207 fifo=0
SIO1-DIAG t= 48074.265 cyc=1629095698 game wrote CTRL=0227 [TXEN=1 DTR=1 RXEN=1 RTS=1 ACK=0 RESET=0 RXIRQEN=0 TXIRQEN=0] stat=0005
SIO1-DIAG t= 48074.280 cyc=1629095698 TXFC dxr=1 xts=1 ctrl=0227 initial=0
SIO1-DIAG t= 48074.282 cyc=1629095698 TXMSG #37 size=6 bytes=12 04 08
SIO1-DIAG t= 48074.288 cyc=1629095747 LINKSTATE WR[act=00000000 buf=00000000 cnt=00000000 latch=00000000] RD[act=00000000 buf=801ffbe0 cnt=00000004] block=4 cfg=0205 DSR=0 DTR=1 stat=0005 ctrl=0227 fifo=0
SIO1-DIAG t= 48074.291 cyc=1629095747 game read STAT=0005 ctrl=0227 [DSR=0 CTS=0 RXRDY=0] pc=80153c84 (prev value held for 0 reads) totalReads=14485
SIO1-DIAG t= 48086.297 cyc=1629161668 RXMSG #48 declared=5 got=5 bytes=0a 03 0a
SIO1-DIAG t= 48086.312 cyc=1629161668 RX accept #45 byte=ab fifo=1 ctrl=0227
SIO1-DIAG t= 48086.315 cyc=1629161668 RXMSG #49 declared=5 got=5 bytes=0a 03 0a
SIO1-DIAG t= 48086.316 cyc=1629161668 RX accept #46 byte=fe fifo=2 ctrl=0227
SIO1-DIAG t= 48086.320 cyc=1629161668 RXMSG #50 declared=5 got=5 bytes=0a 03 0a
SIO1-DIAG t= 48086.322 cyc=1629161668 RX accept #47 byte=00 fifo=3 ctrl=0227
SIO1-DIAG t= 48086.323 cyc=1629161668 DRAIN 3 messages in one poll
SIO1-DIAG t= 48086.324 cyc=1629161709 game read STAT=0007 ctrl=0227 [DSR=0 CTS=0 RXRDY=1] pc=80153ce4 (prev value held for 1157 reads) totalReads=15643
SIO1-DIAG t= 48086.332 cyc=1629161726 game read DATA=ab popped=1 fifo 3->2 stat=0007
SIO1-DIAG t= 48086.335 cyc=1629161776 LINKSTATE WR[act=00000000 buf=00000000 cnt=00000000 latch=00000000] RD[act=00000000 buf=801ffbe1 cnt=00000003] block=4 cfg=0205 DSR=0 DTR=1 stat=0007 ctrl=0227 fifo=2
SIO1-DIAG t= 48086.339 cyc=1629161804 game read DATA=fe popped=1 fifo 2->1 stat=0007
SIO1-DIAG t= 48086.340 cyc=1629161854 LINKSTATE WR[act=00000000 buf=00000000 cnt=00000000 latch=00000000] RD[act=00000000 buf=801ffbe2 cnt=00000002] block=4 cfg=0205 DSR=0 DTR=1 stat=0007 ctrl=0227 fifo=1
SIO1-DIAG t= 48086.342 cyc=1629161882 game read DATA=00 popped=1 fifo 1->0 stat=0005
SIO1-DIAG t= 48086.344 cyc=1629161932 LINKSTATE WR[act=00000000 buf=00000000 cnt=00000000 latch=00000000] RD[act=00000000 buf=801ffbe3 cnt=00000001] block=4 cfg=0205 DSR=0 DTR=1 stat=0005 ctrl=0227 fifo=0
SIO1-DIAG t= 48086.346 cyc=1629161932 game read STAT=0005 ctrl=0227 [DSR=0 CTS=0 RXRDY=0] pc=80153c88 (prev value held for 4 reads) totalReads=15648
SIO1-DIAG t= 48086.353 cyc=1629163799 RXMSG #51 declared=5 got=5 bytes=0a 03 0a
SIO1-DIAG t= 48086.355 cyc=1629163799 RX accept #48 byte=00 fifo=1 ctrl=0227
SIO1-DIAG t= 48086.357 cyc=1629163824 game read STAT=0007 ctrl=0227 [DSR=0 CTS=0 RXRDY=1] pc=80153ce4 (prev value held for 33 reads) totalReads=15682
SIO1-DIAG t= 48086.359 cyc=1629163841 game read DATA=00 popped=1 fifo 1->0 stat=0005
SIO1-DIAG t= 48086.361 cyc=1629163884 DTR 1->0 (toggle #12) pc=80153d50 ctrl=0225
SIO1-DIAG t= 48086.363 cyc=1629163884 game wrote CTRL=0225 [TXEN=1 DTR=0 RXEN=1 RTS=1 ACK=0 RESET=0 RXIRQEN=0 TXIRQEN=0] stat=0005
SIO1-DIAG t= 48086.365 cyc=1629163884 TXFC dxr=0 xts=1 ctrl=0225 initial=0
SIO1-DIAG t= 48086.367 cyc=1629163884 TXMSG #38 size=4 bytes=12 02 10
SIO1-DIAG t= 48086.374 cyc=1629163908 game wrote CTRL=0205 [TXEN=1 DTR=0 RXEN=1 RTS=0 ACK=0 RESET=0 RXIRQEN=0 TXIRQEN=0] stat=0005
SIO1-DIAG t= 48086.376 cyc=1629163908 TXFC dxr=0 xts=0 ctrl=0205 initial=0
SIO1-DIAG t= 48086.378 cyc=1629163908 TXMSG #39 size=0 bytes=ff ff ff
SIO1-DIAG t= 48086.789 cyc=1629165951 LINKSTATE WR[act=00000000 buf=00000000 cnt=00000000 latch=00000000] RD[act=00000000 buf=801ffbe4 cnt=00000000] block=4 cfg=0205 DSR=0 DTR=0 stat=0005 ctrl=0205 fifo=0
SIO1-DIAG t= 48090.522 cyc=1629669053 game wrote CTRL=0225 [TXEN=1 DTR=0 RXEN=1 RTS=1 ACK=0 RESET=0 RXIRQEN=0 TXIRQEN=0] stat=0005
SIO1-DIAG t= 48090.537 cyc=1629669053 TXFC dxr=0 xts=1 ctrl=0225 initial=0
SIO1-DIAG t= 48090.540 cyc=1629669053 TXMSG #40 size=4 bytes=12 02 10
SIO1-DIAG t= 48090.548 cyc=1629669102 LINKSTATE WR[act=00000000 buf=00000000 cnt=00000000 latch=00000000] RD[act=00000000 buf=801ffbe0 cnt=00000004] block=4 cfg=0205 DSR=0 DTR=0 stat=0005 ctrl=0225 fifo=0
SIO1-DIAG t= 48090.551 cyc=1629669102 game read STAT=0005 ctrl=0225 [DSR=0 CTS=0 RXRDY=0] pc=80153c84 (prev value held for 0 reads) totalReads=15683
SIO1-DIAG t= 48098.251 cyc=1629709015 STAT poll sample pc=80153ce4 stat=0005 reads=16384
SIO1-DIAG t= 48104.472 cyc=1629743231 RXMSG #52 declared=5 got=5 bytes=0a 03 0a
SIO1-DIAG t= 48104.486 cyc=1629743231 RX accept #49 byte=ab fifo=1 ctrl=0225
SIO1-DIAG t= 48104.488 cyc=1629743272 game read STAT=0007 ctrl=0225 [DSR=0 CTS=0 RXRDY=1] pc=80153ce4 (prev value held for 1301 reads) totalReads=16985
SIO1-DIAG t= 48104.492 cyc=1629743289 game read DATA=ab popped=1 fifo 1->0 stat=0005
SIO1-DIAG t= 48104.494 cyc=1629743339 LINKSTATE WR[act=00000000 buf=00000000 cnt=00000000 latch=00000000] RD[act=00000000 buf=801ffbe1 cnt=00000003] block=4 cfg=0205 DSR=0 DTR=0 stat=0005 ctrl=0225 fifo=0
SIO1-DIAG t= 48104.497 cyc=1629743339 game read STAT=0005 ctrl=0225 [DSR=0 CTS=0 RXRDY=0] pc=80153c88 (prev value held for 0 reads) totalReads=16986
SIO1-DIAG t= 48105.344 cyc=1629749660 RXMSG #53 declared=5 got=5 bytes=0a 03 0a
SIO1-DIAG t= 48105.347 cyc=1629749660 RX accept #50 byte=fe fifo=1 ctrl=0225
SIO1-DIAG t= 48105.348 cyc=1629749660 RXMSG #54 declared=5 got=5 bytes=0a 03 0a
SIO1-DIAG t= 48105.350 cyc=1629749660 RX accept #51 byte=00 fifo=2 ctrl=0225
SIO1-DIAG t= 48105.356 cyc=1629749660 RXMSG #55 declared=5 got=5 bytes=0a 03 0a
SIO1-DIAG t= 48105.357 cyc=1629749660 RX accept #52 byte=00 fifo=3 ctrl=0225
SIO1-DIAG t= 48105.358 cyc=1629749660 DRAIN 3 messages in one poll
SIO1-DIAG t= 48105.359 cyc=1629749677 game read STAT=0007 ctrl=0225 [DSR=0 CTS=0 RXRDY=1] pc=80153ce4 (prev value held for 111 reads) totalReads=17098
SIO1-DIAG t= 48105.361 cyc=1629749694 game read DATA=fe popped=1 fifo 3->2 stat=0007
SIO1-DIAG t= 48105.362 cyc=1629749744 LINKSTATE WR[act=00000000 buf=00000000 cnt=00000000 latch=00000000] RD[act=00000000 buf=801ffbe2 cnt=00000002] block=4 cfg=0205 DSR=0 DTR=0 stat=0007 ctrl=0225 fifo=2
SIO1-DIAG t= 48105.365 cyc=1629749772 game read DATA=00 popped=1 fifo 2->1 stat=0007
SIO1-DIAG t= 48105.367 cyc=1629749822 LINKSTATE WR[act=00000000 buf=00000000 cnt=00000000 latch=00000000] RD[act=00000000 buf=801ffbe3 cnt=00000001] block=4 cfg=0205 DSR=0 DTR=0 stat=0007 ctrl=0225 fifo=1
SIO1-DIAG t= 48105.369 cyc=1629749850 game read DATA=00 popped=1 fifo 1->0 stat=0005
SIO1-DIAG t= 48105.371 cyc=1629749893 DTR 0->1 (toggle #13) pc=80153d50 ctrl=0227
SIO1-DIAG t= 48105.373 cyc=1629749893 game wrote CTRL=0227 [TXEN=1 DTR=1 RXEN=1 RTS=1 ACK=0 RESET=0 RXIRQEN=0 TXIRQEN=0] stat=0005
SIO1-DIAG t= 48105.375 cyc=1629749893 TXFC dxr=1 xts=1 ctrl=0227 initial=0
SIO1-DIAG t= 48105.377 cyc=1629749893 TXMSG #41 size=6 bytes=12 04 08
SIO1-DIAG t= 48105.382 cyc=1629749917 game wrote CTRL=0207 [TXEN=1 DTR=1 RXEN=1 RTS=0 ACK=0 RESET=0 RXIRQEN=0 TXIRQEN=0] stat=0005
SIO1-DIAG t= 48105.384 cyc=1629749917 TXFC dxr=1 xts=0 ctrl=0207 initial=0
SIO1-DIAG t= 48105.385 cyc=1629749917 TXMSG #42 size=4 bytes=12 02 08
SIO1-DIAG t= 48105.401 cyc=1629750594 game wrote CTRL=0227 [TXEN=1 DTR=1 RXEN=1 RTS=1 ACK=0 RESET=0 RXIRQEN=0 TXIRQEN=0] stat=0005
SIO1-DIAG t= 48105.402 cyc=1629750594 TXFC dxr=1 xts=1 ctrl=0227 initial=0
SIO1-DIAG t= 48105.403 cyc=1629750594 TXMSG #43 size=6 bytes=12 04 08
SIO1-DIAG t= 48105.406 cyc=1629750643 LINKSTATE WR[act=00000000 buf=00000000 cnt=00000000 latch=00000000] RD[act=00000000 buf=80027510 cnt=00000004] block=4 cfg=0205 DSR=0 DTR=1 stat=0005 ctrl=0227 fifo=0
SIO1-DIAG t= 48105.408 cyc=1629750643 game read STAT=0005 ctrl=0227 [DSR=0 CTS=0 RXRDY=0] pc=80153c84 (prev value held for 4 reads) totalReads=17103
SIO1-DIAG t= 48116.326 cyc=1629807598 RXMSG #56 declared=5 got=5 bytes=0a 03 0a
SIO1-DIAG t= 48116.343 cyc=1629807598 RX accept #53 byte=ff fifo=1 ctrl=0227
SIO1-DIAG t= 48116.345 cyc=1629807598 RXMSG #57 declared=5 got=5 bytes=0a 03 0a
SIO1-DIAG t= 48116.346 cyc=1629807598 RX accept #54 byte=ff fifo=2 ctrl=0227
SIO1-DIAG t= 48116.347 cyc=1629807598 RXMSG #58 declared=5 got=5 bytes=0a 03 0a
SIO1-DIAG t= 48116.348 cyc=1629807598 RX accept #55 byte=ff fifo=3 ctrl=0227
SIO1-DIAG t= 48116.349 cyc=1629807598 RXMSG #59 declared=5 got=5 bytes=0a 03 0a
SIO1-DIAG t= 48116.350 cyc=1629807598 RX accept #56 byte=ff fifo=4 ctrl=0227
SIO1-DIAG t= 48116.351 cyc=1629807598 DRAIN 4 messages in one poll
SIO1-DIAG t= 48116.353 cyc=1629807599 game read STAT=0007 ctrl=0227 [DSR=0 CTS=0 RXRDY=1] pc=80153ce4 (prev value held for 999 reads) totalReads=18103
SIO1-DIAG t= 48116.355 cyc=1629807616 game read DATA=ff popped=1 fifo 4->3 stat=0007
SIO1-DIAG t= 48116.357 cyc=1629807666 LINKSTATE WR[act=00000000 buf=00000000 cnt=00000000 latch=00000000] RD[act=00000000 buf=80027511 cnt=00000003] block=4 cfg=0205 DSR=0 DTR=1 stat=0007 ctrl=0227 fifo=3
SIO1-DIAG t= 48116.360 cyc=1629807694 game read DATA=ff popped=1 fifo 3->2 stat=0007
SIO1-DIAG t= 48116.361 cyc=1629807744 LINKSTATE WR[act=00000000 buf=00000000 cnt=00000000 latch=00000000] RD[act=00000000 buf=80027512 cnt=00000002] block=4 cfg=0205 DSR=0 DTR=1 stat=0007 ctrl=0227 fifo=2
SIO1-DIAG t= 48116.363 cyc=1629807772 game read DATA=ff popped=1 fifo 2->1 stat=0007
SIO1-DIAG t= 48116.364 cyc=1629807822 LINKSTATE WR[act=00000000 buf=00000000 cnt=00000000 latch=00000000] RD[act=00000000 buf=80027513 cnt=00000001] block=4 cfg=0205 DSR=0 DTR=1 stat=0007 ctrl=0227 fifo=1
SIO1-DIAG t= 48116.366 cyc=1629807850 game read DATA=ff popped=1 fifo 1->0 stat=0005
SIO1-DIAG t= 48116.373 cyc=1629807893 DTR 1->0 (toggle #14) pc=80153d50 ctrl=0225
SIO1-DIAG t= 48116.374 cyc=1629807893 game wrote CTRL=0225 [TXEN=1 DTR=0 RXEN=1 RTS=1 ACK=0 RESET=0 RXIRQEN=0 TXIRQEN=0] stat=0005
SIO1-DIAG t= 48116.376 cyc=1629807893 TXFC dxr=0 xts=1 ctrl=0225 initial=0
SIO1-DIAG t= 48116.378 cyc=1629807893 TXMSG #44 size=4 bytes=12 02 10
SIO1-DIAG t= 48116.384 cyc=1629807917 game wrote CTRL=0205 [TXEN=1 DTR=0 RXEN=1 RTS=0 ACK=0 RESET=0 RXIRQEN=0 TXIRQEN=0] stat=0005
SIO1-DIAG t= 48116.385 cyc=1629807917 TXFC dxr=0 xts=0 ctrl=0205 initial=0
SIO1-DIAG t= 48116.386 cyc=1629807917 TXMSG #45 size=0 bytes=ff ff ff
SIO1-DIAG t= 48116.399 cyc=1629808550 game wrote CTRL=0225 [TXEN=1 DTR=0 RXEN=1 RTS=1 ACK=0 RESET=0 RXIRQEN=0 TXIRQEN=0] stat=0005
SIO1-DIAG t= 48116.401 cyc=1629808550 TXFC dxr=0 xts=1 ctrl=0225 initial=0
SIO1-DIAG t= 48116.402 cyc=1629808550 TXMSG #46 size=4 bytes=12 02 10
SIO1-DIAG t= 48116.405 cyc=1629808599 LINKSTATE WR[act=00000000 buf=00000000 cnt=00000000 latch=00000000] RD[act=00000000 buf=801a9b84 cnt=000002d8] block=4 cfg=0205 DSR=0 DTR=0 stat=0005 ctrl=0225 fifo=0
SIO1-DIAG t= 48116.407 cyc=1629808599 game read STAT=0005 ctrl=0225 [DSR=0 CTS=0 RXRDY=0] pc=80153c84 (prev value held for 6 reads) totalReads=18110
SIO1-DIAG t= 48124.809 cyc=1629852668 RXMSG #60 declared=5 got=5 bytes=0a 03 0a
SIO1-DIAG t= 48124.822 cyc=1629852668 RX accept #57 byte=00 fifo=1 ctrl=0225
SIO1-DIAG t= 48124.824 cyc=1629852673 game read STAT=0007 ctrl=0225 [DSR=0 CTS=0 RXRDY=1] pc=80153ce4 (prev value held for 773 reads) totalReads=18884
SIO1-DIAG t= 48124.826 cyc=1629852690 game read DATA=00 popped=1 fifo 1->0 stat=0005
SIO1-DIAG t= 48124.829 cyc=1629852740 LINKSTATE WR[act=00000000 buf=00000000 cnt=00000000 latch=00000000] RD[act=00000000 buf=801a9b85 cnt=000002d7] block=4 cfg=0205 DSR=0 DTR=0 stat=0005 ctrl=0225 fifo=0
SIO1-DIAG t= 48124.831 cyc=1629852740 game read STAT=0005 ctrl=0225 [DSR=0 CTS=0 RXRDY=0] pc=80153c88 (prev value held for 0 reads) totalReads=18885
SIO1-DIAG t= 48125.796 cyc=1629859104 RXMSG #61 declared=5 got=5 bytes=0a 03 0a
SIO1-DIAG t= 48125.799 cyc=1629859104 RX accept #58 byte=00 fifo=1 ctrl=0225
SIO1-DIAG t= 48125.800 cyc=1629859104 RXMSG #62 declared=5 got=5 bytes=0a 03 0a
SIO1-DIAG t= 48125.801 cyc=1629859104 RX accept #59 byte=00 fifo=2 ctrl=0225
SIO1-DIAG t= 48125.802 cyc=1629859104 RXMSG #63 declared=5 got=5 bytes=0a 03 0a
SIO1-DIAG t= 48125.804 cyc=1629859104 RX accept #60 byte=00 fifo=3 ctrl=0225
SIO1-DIAG t= 48125.804 cyc=1629859104 DRAIN 3 messages in one poll
SIO1-DIAG t= 48125.806 cyc=1629859135 game read STAT=0007 ctrl=0225 [DSR=0 CTS=0 RXRDY=1] pc=80153ce4 (prev value held for 112 reads) totalReads=18998
SIO1-DIAG t= 48125.807 cyc=1629859152 game read DATA=00 popped=1 fifo 3->2 stat=0007
SIO1-DIAG t= 48125.809 cyc=1629859202 LINKSTATE WR[act=00000000 buf=00000000 cnt=00000000 latch=00000000] RD[act=00000000 buf=801a9b86 cnt=000002d6] block=4 cfg=0205 DSR=0 DTR=0 stat=0007 ctrl=0225 fifo=2
SIO1-DIAG t= 48125.810 cyc=1629859230 game read DATA=00 popped=1 fifo 2->1 stat=0007
SIO1-DIAG t= 48125.811 cyc=1629859280 LINKSTATE WR[act=00000000 buf=00000000 cnt=00000000 latch=00000000] RD[act=00000000 buf=801a9b87 cnt=000002d5] block=4 cfg=0205 DSR=0 DTR=0 stat=0007 ctrl=0225 fifo=1
SIO1-DIAG t= 48125.813 cyc=1629859308 game read DATA=00 popped=1 fifo 1->0 stat=0005
SIO1-DIAG t= 48125.814 cyc=1629859351 DTR 0->1 (toggle #15) pc=80153d50 ctrl=0227
SIO1-DIAG t= 48125.816 cyc=1629859351 game wrote CTRL=0227 [TXEN=1 DTR=1 RXEN=1 RTS=1 ACK=0 RESET=0 RXIRQEN=0 TXIRQEN=0] stat=0005
SIO1-DIAG t= 48125.818 cyc=1629859351 TXFC dxr=1 xts=1 ctrl=0227 initial=0
SIO1-DIAG t= 48125.821 cyc=1629859351 TXMSG #47 size=6 bytes=12 04 08
SIO1-DIAG t= 48125.830 cyc=1629859374 LINKSTATE WR[act=00000000 buf=00000000 cnt=00000000 latch=00000000] RD[act=00000000 buf=801a9b88 cnt=000002d4] block=4 cfg=0205 DSR=0 DTR=1 stat=0005 ctrl=0227 fifo=0
SIO1-DIAG t= 48125.832 cyc=1629859374 game read STAT=0005 ctrl=0227 [DSR=0 CTS=0 RXRDY=0] pc=80153c88 (prev value held for 4 reads) totalReads=19003
SIO1-DIAG t= 48130.426 cyc=1629884859 RXMSG #64 declared=5 got=5 bytes=0a 03 0a
SIO1-DIAG t= 48130.438 cyc=1629884859 RX accept #61 byte=00 fifo=1 ctrl=0227
SIO1-DIAG t= 48130.440 cyc=1629884859 RXMSG #65 declared=5 got=5 bytes=0a 03 0a
SIO1-DIAG t= 48130.441 cyc=1629884859 RX accept #62 byte=01 fifo=2 ctrl=0227
SIO1-DIAG t= 48130.442 cyc=1629884859 RXMSG #66 declared=5 got=5 bytes=0a 03 0a
SIO1-DIAG t= 48130.443 cyc=1629884859 RX accept #63 byte=00 fifo=3 ctrl=0227
SIO1-DIAG t= 48130.444 cyc=1629884859 RXMSG #67 declared=5 got=5 bytes=0a 03 0a
SIO1-DIAG t= 48130.445 cyc=1629884859 RX accept #64 byte=00 fifo=4 ctrl=0227
SIO1-DIAG t= 48130.446 cyc=1629884859 DRAIN 4 messages in one poll
SIO1-DIAG t= 48130.447 cyc=1629884864 game read STAT=0007 ctrl=0227 [DSR=0 CTS=0 RXRDY=1] pc=80153ce4 (prev value held for 447 reads) totalReads=19451
SIO1-DIAG t= 48130.450 cyc=1629884881 game read DATA=00 popped=1 fifo 4->3 stat=0007
SIO1-DIAG t= 48130.452 cyc=1629884931 LINKSTATE WR[act=00000000 buf=00000000 cnt=00000000 latch=00000000] RD[act=00000000 buf=801a9b89 cnt=000002d3] block=4 cfg=0205 DSR=0 DTR=1 stat=0007 ctrl=0227 fifo=3
SIO1-DIAG t= 48130.454 cyc=1629884959 game read DATA=01 popped=1 fifo 3->2 stat=0007
SIO1-DIAG t= 48130.455 cyc=1629885009 LINKSTATE WR[act=00000000 buf=00000000 cnt=00000000 latch=00000000] RD[act=00000000 buf=801a9b8a cnt=000002d2] block=4 cfg=0205 DSR=0 DTR=1 stat=0007 ctrl=0227 fifo=2
SIO1-DIAG t= 48130.457 cyc=1629885037 game read DATA=00 popped=1 fifo 2->1 stat=0007
SIO1-DIAG t= 48130.458 cyc=1629885087 LINKSTATE WR[act=00000000 buf=00000000 cnt=00000000 latch=00000000] RD[act=00000000 buf=801a9b8b cnt=000002d1] block=4 cfg=0205 DSR=0 DTR=1 stat=0007 ctrl=0227 fifo=1
SIO1-DIAG t= 48130.460 cyc=1629885115 game read DATA=00 popped=1 fifo 1->0 stat=0005
SIO1-DIAG t= 48130.461 cyc=1629885158 DTR 1->0 (toggle #16) pc=80153d50 ctrl=0225
SIO1-DIAG t= 48130.462 cyc=1629885158 game wrote CTRL=0225 [TXEN=1 DTR=0 RXEN=1 RTS=1 ACK=0 RESET=0 RXIRQEN=0 TXIRQEN=0] stat=0005
SIO1-DIAG t= 48130.464 cyc=1629885158 TXFC dxr=0 xts=1 ctrl=0225 initial=0
SIO1-DIAG t= 48130.465 cyc=1629885158 TXMSG #48 size=4 bytes=12 02 10
SIO1-DIAG t= 48130.471 cyc=1629885181 LINKSTATE WR[act=00000000 buf=00000000 cnt=00000000 latch=00000000] RD[act=00000000 buf=801a9b8c cnt=000002d0] block=4 cfg=0205 DSR=0 DTR=0 stat=0005 ctrl=0225 fifo=0
SIO1-DIAG t= 48130.472 cyc=1629885181 game read STAT=0005 ctrl=0225 [DSR=0 CTS=0 RXRDY=0] pc=80153c88 (prev value held for 6 reads) totalReads=19458
SIO1-DIAG t= 48133.356 cyc=1629902023 RXMSG #68 declared=5 got=5 bytes=0a 03 0a
SIO1-DIAG t= 48133.358 cyc=1629902023 RX accept #65 byte=6b fifo=1 ctrl=0225
SIO1-DIAG t= 48133.359 cyc=1629902023 RXMSG #69 declared=5 got=5 bytes=0a 03 0a
SIO1-DIAG t= 48133.360 cyc=1629902023 RX accept #66 byte=00 fifo=2 ctrl=0225
SIO1-DIAG t= 48133.363 cyc=1629902023 DRAIN 2 messages in one poll
SIO1-DIAG t= 48133.364 cyc=1629902064 game read STAT=0007 ctrl=0225 [DSR=0 CTS=0 RXRDY=1] pc=80153ce4 (prev value held for 296 reads) totalReads=19755
SIO1-DIAG t= 48133.366 cyc=1629902081 game read DATA=6b popped=1 fifo 2->1 stat=0007
SIO1-DIAG t= 48133.367 cyc=1629902131 LINKSTATE WR[act=00000000 buf=00000000 cnt=00000000 latch=00000000] RD[act=00000000 buf=801a9b8d cnt=000002cf] block=4 cfg=0205 DSR=0 DTR=0 stat=0007 ctrl=0225 fifo=1
SIO1-DIAG t= 48133.369 cyc=1629902159 game read DATA=00 popped=1 fifo 1->0 stat=0005
SIO1-DIAG t= 48133.370 cyc=1629902209 LINKSTATE WR[act=00000000 buf=00000000 cnt=00000000 latch=00000000] RD[act=00000000 buf=801a9b8e cnt=000002ce] block=4 cfg=0205 DSR=0 DTR=0 stat=0005 ctrl=0225 fifo=0
SIO1-DIAG t= 48133.371 cyc=1629902209 game read STAT=0005 ctrl=0225 [DSR=0 CTS=0 RXRDY=0] pc=80153c88 (prev value held for 2 reads) totalReads=19758
SIO1-DIAG t= 48134.277 cyc=1629908465 RXMSG #70 declared=5 got=5 bytes=0a 03 0a
SIO1-DIAG t= 48134.278 cyc=1629908465 RX accept #67 byte=00 fifo=1 ctrl=0225
SIO1-DIAG t= 48134.279 cyc=1629908465 RXMSG #71 declared=5 got=5 bytes=0a 03 0a
SIO1-DIAG t= 48134.280 cyc=1629908465 RX accept #68 byte=00 fifo=2 ctrl=0225
SIO1-DIAG t= 48134.281 cyc=1629908465 DRAIN 2 messages in one poll
SIO1-DIAG t= 48134.286 cyc=1629908490 game read STAT=0007 ctrl=0225 [DSR=0 CTS=0 RXRDY=1] pc=80153ce4 (prev value held for 110 reads) totalReads=19869
SIO1-DIAG t= 48134.288 cyc=1629908507 game read DATA=00 popped=1 fifo 2->1 stat=0007
SIO1-DIAG t= 48134.290 cyc=1629908557 LINKSTATE WR[act=00000000 buf=00000000 cnt=00000000 latch=00000000] RD[act=00000000 buf=801a9b8f cnt=000002cd] block=4 cfg=0205 DSR=0 DTR=0 stat=0007 ctrl=0225 fifo=1
SIO1-DIAG t= 48134.292 cyc=1629908585 game read DATA=00 popped=1 fifo 1->0 stat=0005
SIO1-DIAG t= 48134.293 cyc=1629908628 DTR 0->1 (toggle #17) pc=80153d50 ctrl=0227
SIO1-DIAG t= 48134.295 cyc=1629908628 game wrote CTRL=0227 [TXEN=1 DTR=1 RXEN=1 RTS=1 ACK=0 RESET=0 RXIRQEN=0 TXIRQEN=0] stat=0005
SIO1-DIAG t= 48134.297 cyc=1629908628 TXFC dxr=1 xts=1 ctrl=0227 initial=0
SIO1-DIAG t= 48134.298 cyc=1629908628 TXMSG #49 size=6 bytes=12 04 08
SIO1-DIAG t= 48134.302 cyc=1629908651 LINKSTATE WR[act=00000000 buf=00000000 cnt=00000000 latch=00000000] RD[act=00000000 buf=801a9b90 cnt=000002cc] block=4 cfg=0205 DSR=0 DTR=1 stat=0005 ctrl=0227 fifo=0
SIO1-DIAG t= 48134.304 cyc=1629908651 game read STAT=0005 ctrl=0227 [DSR=0 CTS=0 RXRDY=0] pc=80153c88 (prev value held for 2 reads) totalReads=19872
SIO1-DIAG t= 48138.458 cyc=1629932072 RXMSG #72 declared=5 got=5 bytes=0a 03 0a
SIO1-DIAG t= 48138.469 cyc=1629932072 RX accept #69 byte=5a fifo=1 ctrl=0227
SIO1-DIAG t= 48138.470 cyc=1629932072 RXMSG #73 declared=5 got=5 bytes=0a 03 0a
SIO1-DIAG t= 48138.472 cyc=1629932072 RX accept #70 byte=00 fifo=2 ctrl=0227
SIO1-DIAG t= 48138.473 cyc=1629932072 RXMSG #74 declared=5 got=5 bytes=0a 03 0a
SIO1-DIAG t= 48138.474 cyc=1629932072 RX accept #71 byte=00 fifo=3 ctrl=0227
SIO1-DIAG t= 48138.475 cyc=1629932072 RXMSG #75 declared=5 got=5 bytes=0a 03 0a
SIO1-DIAG t= 48138.476 cyc=1629932072 RX accept #72 byte=00 fifo=4 ctrl=0227
SIO1-DIAG t= 48138.477 cyc=1629932072 DRAIN 4 messages in one poll
SIO1-DIAG t= 48138.478 cyc=1629932089 game read STAT=0007 ctrl=0227 [DSR=0 CTS=0 RXRDY=1] pc=80153ce4 (prev value held for 411 reads) totalReads=20284
SIO1-DIAG t= 48138.480 cyc=1629932106 game read DATA=5a popped=1 fifo 4->3 stat=0007
SIO1-DIAG t= 48138.482 cyc=1629932156 LINKSTATE WR[act=00000000 buf=00000000 cnt=00000000 latch=00000000] RD[act=00000000 buf=801a9b91 cnt=000002cb] block=4 cfg=0205 DSR=0 DTR=1 stat=0007 ctrl=0227 fifo=3
SIO1-DIAG t= 48138.485 cyc=1629932184 game read DATA=00 popped=1 fifo 3->2 stat=0007
SIO1-DIAG t= 48138.486 cyc=1629932234 LINKSTATE WR[act=00000000 buf=00000000 cnt=00000000 latch=00000000] RD[act=00000000 buf=801a9b92 cnt=000002ca] block=4 cfg=0205 DSR=0 DTR=1 stat=0007 ctrl=0227 fifo=2
SIO1-DIAG t= 48138.488 cyc=1629932262 game read DATA=00 popped=1 fifo 2->1 stat=0007
SIO1-DIAG t= 48138.489 cyc=1629932312 LINKSTATE WR[act=00000000 buf=00000000 cnt=00000000 latch=00000000] RD[act=00000000 buf=801a9b93 cnt=000002c9] block=4 cfg=0205 DSR=0 DTR=1 stat=0007 ctrl=0227 fifo=1
SIO1-DIAG t= 48138.491 cyc=1629932340 game read DATA=00 popped=1 fifo 1->0 stat=0005
SIO1-DIAG t= 48138.493 cyc=1629932383 DTR 1->0 (toggle #18) pc=80153d50 ctrl=0225
SIO1-DIAG t= 48138.494 cyc=1629932383 game wrote CTRL=0225 [TXEN=1 DTR=0 RXEN=1 RTS=1 ACK=0 RESET=0 RXIRQEN=0 TXIRQEN=0] stat=0005
SIO1-DIAG t= 48138.496 cyc=1629932383 TXFC dxr=0 xts=1 ctrl=0225 initial=0
SIO1-DIAG t= 48138.497 cyc=1629932383 TXMSG #50 size=4 bytes=12 02 10
SIO1-DIAG t= 48138.503 cyc=1629932406 LINKSTATE WR[act=00000000 buf=00000000 cnt=00000000 latch=00000000] RD[act=00000000 buf=801a9b94 cnt=000002c8] block=4 cfg=0205 DSR=0 DTR=0 stat=0005 ctrl=0225 fifo=0
SIO1-DIAG t= 48138.504 cyc=1629932406 game read STAT=0005 ctrl=0225 [DSR=0 CTS=0 RXRDY=0] pc=80153c88 (prev value held for 6 reads) totalReads=20291
SIO1-DIAG t= 48142.884 cyc=1629957353 STAT poll sample pc=80153ce4 stat=0005 reads=20480
SIO1-DIAG t= 48143.490 cyc=1629959970 RXMSG #76 declared=5 got=5 bytes=0a 03 0a
SIO1-DIAG t= 48143.494 cyc=1629959970 RX accept #73 byte=0d fifo=1 ctrl=0225
SIO1-DIAG t= 48143.496 cyc=1629959970 RXMSG #77 declared=5 got=5 bytes=0a 03 0a
SIO1-DIAG t= 48143.504 cyc=1629959970 RX accept #74 byte=00 fifo=2 ctrl=0225
SIO1-DIAG t= 48143.506 cyc=1629959970 RXMSG #78 declared=5 got=5 bytes=0a 03 0a
SIO1-DIAG t= 48143.508 cyc=1629959970 RX accept #75 byte=00 fifo=3 ctrl=0225
SIO1-DIAG t= 48143.510 cyc=1629959970 RXMSG #79 declared=5 got=5 bytes=0a 03 0a
SIO1-DIAG t= 48143.512 cyc=1629959970 RX accept #76 byte=00 fifo=4 ctrl=0225
SIO1-DIAG t= 48143.513 cyc=1629959970 DRAIN 4 messages in one poll
SIO1-DIAG t= 48143.515 cyc=1629959975 game read STAT=0007 ctrl=0225 [DSR=0 CTS=0 RXRDY=1] pc=80153ce4 (prev value held for 234 reads) totalReads=20526
SIO1-DIAG t= 48143.518 cyc=1629959992 game read DATA=0d popped=1 fifo 4->3 stat=0007
SIO1-DIAG t= 48143.520 cyc=1629960042 LINKSTATE WR[act=00000000 buf=00000000 cnt=00000000 latch=00000000] RD[act=00000000 buf=801a9b95 cnt=000002c7] block=4 cfg=0205 DSR=0 DTR=0 stat=0007 ctrl=0225 fifo=3
SIO1-DIAG t= 48143.524 cyc=1629960070 game read DATA=00 popped=1 fifo 3->2 stat=0007
SIO1-DIAG t= 48143.525 cyc=1629960120 LINKSTATE WR[act=00000000 buf=00000000 cnt=00000000 latch=00000000] RD[act=00000000 buf=801a9b96 cnt=000002c6] block=4 cfg=0205 DSR=0 DTR=0 stat=0007 ctrl=0225 fifo=2
SIO1-DIAG t= 48143.528 cyc=1629960148 game read DATA=00 popped=1 fifo 2->1 stat=0007
SIO1-DIAG t= 48143.529 cyc=1629960198 LINKSTATE WR[act=00000000 buf=00000000 cnt=00000000 latch=00000000] RD[act=00000000 buf=801a9b97 cnt=000002c5] block=4 cfg=0205 DSR=0 DTR=0 stat=0007 ctrl=0225 fifo=1
SIO1-DIAG t= 48143.531 cyc=1629960226 game read DATA=00 popped=1 fifo 1->0 stat=0005
SIO1-DIAG t= 48143.533 cyc=1629960269 DTR 0->1 (toggle #19) pc=80153d50 ctrl=0227
SIO1-DIAG t= 48143.534 cyc=1629960269 game wrote CTRL=0227 [TXEN=1 DTR=1 RXEN=1 RTS=1 ACK=0 RESET=0 RXIRQEN=0 TXIRQEN=0] stat=0005
SIO1-DIAG t= 48143.536 cyc=1629960269 TXFC dxr=1 xts=1 ctrl=0227 initial=0
SIO1-DIAG t= 48143.539 cyc=1629960269 TXMSG #51 size=6 bytes=12 04 08
SIO1-DIAG t= 48143.558 cyc=1629960292 LINKSTATE WR[act=00000000 buf=00000000 cnt=00000000 latch=00000000] RD[act=00000000 buf=801a9b98 cnt=000002c4] block=4 cfg=0205 DSR=0 DTR=1 stat=0005 ctrl=0227 fifo=0
SIO1-DIAG t= 48143.560 cyc=1629960292 game read STAT=0005 ctrl=0227 [DSR=0 CTS=0 RXRDY=0] pc=80153c88 (prev value held for 6 reads) totalReads=20533
SIO1-DIAG t= 48147.553 cyc=1629981425 RXMSG #80 declared=5 got=5 bytes=0a 03 0a
SIO1-DIAG t= 48147.561 cyc=1629981425 RX accept #77 byte=01 fifo=1 ctrl=0227
SIO1-DIAG t= 48147.562 cyc=1629981425 RXMSG #81 declared=5 got=5 bytes=0a 03 0a
SIO1-DIAG t= 48147.564 cyc=1629981425 RX accept #78 byte=00 fifo=2 ctrl=0227
SIO1-DIAG t= 48147.565 cyc=1629981425 RXMSG #82 declared=5 got=5 bytes=0a 03 0a
SIO1-DIAG t= 48147.566 cyc=1629981425 RX accept #79 byte=00 fifo=3 ctrl=0227
SIO1-DIAG t= 48147.567 cyc=1629981425 RXMSG #83 declared=5 got=5 bytes=0a 03 0a
SIO1-DIAG t= 48147.568 cyc=1629981425 RX accept #80 byte=00 fifo=4 ctrl=0227
SIO1-DIAG t= 48147.569 cyc=1629981425 DRAIN 4 messages in one poll
SIO1-DIAG t= 48147.570 cyc=1629981450 game read STAT=0007 ctrl=0227 [DSR=0 CTS=0 RXRDY=1] pc=80153ce4 (prev value held for 371 reads) totalReads=20905
SIO1-DIAG t= 48147.572 cyc=1629981467 game read DATA=01 popped=1 fifo 4->3 stat=0007
SIO1-DIAG t= 48147.574 cyc=1629981517 LINKSTATE WR[act=00000000 buf=00000000 cnt=00000000 latch=00000000] RD[act=00000000 buf=801a9b99 cnt=000002c3] block=4 cfg=0205 DSR=0 DTR=1 stat=0007 ctrl=0227 fifo=3
SIO1-DIAG t= 48147.577 cyc=1629981545 game read DATA=00 popped=1 fifo 3->2 stat=0007
SIO1-DIAG t= 48147.578 cyc=1629981595 LINKSTATE WR[act=00000000 buf=00000000 cnt=00000000 latch=00000000] RD[act=00000000 buf=801a9b9a cnt=000002c2] block=4 cfg=0205 DSR=0 DTR=1 stat=0007 ctrl=0227 fifo=2
SIO1-DIAG t= 48147.586 cyc=1629981623 game read DATA=00 popped=1 fifo 2->1 stat=0007
SIO1-DIAG t= 48147.588 cyc=1629981673 LINKSTATE WR[act=00000000 buf=00000000 cnt=00000000 latch=00000000] RD[act=00000000 buf=801a9b9b cnt=000002c1] block=4 cfg=0205 DSR=0 DTR=1 stat=0007 ctrl=0227 fifo=1
SIO1-DIAG t= 48147.590 cyc=1629981701 game read DATA=00 popped=1 fifo 1->0 stat=0005
SIO1-DIAG t= 48147.597 cyc=1629981744 DTR 1->0 (toggle #20) pc=80153d50 ctrl=0225
SIO1-DIAG t= 48147.598 cyc=1629981744 game wrote CTRL=0225 [TXEN=1 DTR=0 RXEN=1 RTS=1 ACK=0 RESET=0 RXIRQEN=0 TXIRQEN=0] stat=0005
SIO1-DIAG t= 48147.600 cyc=1629981744 TXFC dxr=0 xts=1 ctrl=0225 initial=0
SIO1-DIAG t= 48147.603 cyc=1629981744 TXMSG #52 size=4 bytes=12 02 10
SIO1-DIAG t= 48147.606 cyc=1629981767 LINKSTATE WR[act=00000000 buf=00000000 cnt=00000000 latch=00000000] RD[act=00000000 buf=801a9b9c cnt=000002c0] block=4 cfg=0205 DSR=0 DTR=0 stat=0005 ctrl=0225 fifo=0
SIO1-DIAG t= 48147.608 cyc=1629981767 game read STAT=0005 ctrl=0225 [DSR=0 CTS=0 RXRDY=0] pc=80153c88 (prev value held for 6 reads) totalReads=20912
SIO1-DIAG t= 48150.933 cyc=1630000742 RXMSG #84 declared=5 got=5 bytes=0a 03 0a
SIO1-DIAG t= 48150.941 cyc=1630000742 RX accept #81 byte=1a fifo=1 ctrl=0225
SIO1-DIAG t= 48150.943 cyc=1630000742 RXMSG #85 declared=5 got=5 bytes=0a 03 0a
SIO1-DIAG t= 48150.944 cyc=1630000742 RX accept #82 byte=00 fifo=2 ctrl=0225
SIO1-DIAG t= 48150.951 cyc=1630000742 RXMSG #86 declared=5 got=5 bytes=0a 03 0a
SIO1-DIAG t= 48150.952 cyc=1630000742 RX accept #83 byte=00 fifo=3 ctrl=0225
SIO1-DIAG t= 48150.953 cyc=1630000742 RXMSG #87 declared=5 got=5 bytes=0a 03 0a
SIO1-DIAG t= 48150.954 cyc=1630000742 RX accept #84 byte=00 fifo=4 ctrl=0225
SIO1-DIAG t= 48150.955 cyc=1630000742 DRAIN 4 messages in one poll
SIO1-DIAG t= 48150.956 cyc=1630000759 game read STAT=0007 ctrl=0225 [DSR=0 CTS=0 RXRDY=1] pc=80153ce4 (prev value held for 333 reads) totalReads=21246
SIO1-DIAG t= 48150.958 cyc=1630000776 game read DATA=1a popped=1 fifo 4->3 stat=0007
SIO1-DIAG t= 48150.960 cyc=1630000826 LINKSTATE WR[act=00000000 buf=00000000 cnt=00000000 latch=00000000] RD[act=00000000 buf=801a9b9d cnt=000002bf] block=4 cfg=0205 DSR=0 DTR=0 stat=0007 ctrl=0225 fifo=3
SIO1-DIAG t= 48150.962 cyc=1630000854 game read DATA=00 popped=1 fifo 3->2 stat=0007
SIO1-DIAG t= 48150.963 cyc=1630000904 LINKSTATE WR[act=00000000 buf=00000000 cnt=00000000 latch=00000000] RD[act=00000000 buf=801a9b9e cnt=000002be] block=4 cfg=0205 DSR=0 DTR=0 stat=0007 ctrl=0225 fifo=2
SIO1-DIAG t= 48150.965 cyc=1630000932 game read DATA=00 popped=1 fifo 2->1 stat=0007
SIO1-DIAG t= 48150.966 cyc=1630000982 LINKSTATE WR[act=00000000 buf=00000000 cnt=00000000 latch=00000000] RD[act=00000000 buf=801a9b9f cnt=000002bd] block=4 cfg=0205 DSR=0 DTR=0 stat=0007 ctrl=0225 fifo=1
SIO1-DIAG t= 48150.967 cyc=1630001010 game read DATA=00 popped=1 fifo 1->0 stat=0005
SIO1-DIAG t= 48150.971 cyc=1630001053 DTR 0->1 (toggle #21) pc=80153d50 ctrl=0227
SIO1-DIAG t= 48150.972 cyc=1630001053 game wrote CTRL=0227 [TXEN=1 DTR=1 RXEN=1 RTS=1 ACK=0 RESET=0 RXIRQEN=0 TXIRQEN=0] stat=0005
SIO1-DIAG t= 48150.974 cyc=1630001053 TXFC dxr=1 xts=1 ctrl=0227 initial=0
SIO1-DIAG t= 48150.975 cyc=1630001053 TXMSG #53 size=6 bytes=12 04 08
SIO1-DIAG t= 48150.980 cyc=1630001076 LINKSTATE WR[act=00000000 buf=00000000 cnt=00000000 latch=00000000] RD[act=00000000 buf=801a9ba0 cnt=000002bc] block=4 cfg=0205 DSR=0 DTR=1 stat=0005 ctrl=0227 fifo=0
SIO1-DIAG t= 48150.982 cyc=1630001076 game read STAT=0005 ctrl=0227 [DSR=0 CTS=0 RXRDY=0] pc=80153c88 (prev value held for 6 reads) totalReads=21253
SIO1-DIAG t= 48154.644 cyc=1630022203 RXMSG #88 declared=5 got=5 bytes=0a 03 0a
SIO1-DIAG t= 48154.659 cyc=1630022203 RX accept #85 byte=05 fifo=1 ctrl=0227
SIO1-DIAG t= 48154.661 cyc=1630022203 RXMSG #89 declared=5 got=5 bytes=0a 03 0a
SIO1-DIAG t= 48154.662 cyc=1630022203 RX accept #86 byte=00 fifo=2 ctrl=0227
SIO1-DIAG t= 48154.663 cyc=1630022203 RXMSG #90 declared=5 got=5 bytes=0a 03 0a
SIO1-DIAG t= 48154.664 cyc=1630022203 RX accept #87 byte=00 fifo=3 ctrl=0227
SIO1-DIAG t= 48154.665 cyc=1630022203 RXMSG #91 declared=5 got=5 bytes=0a 03 0a
SIO1-DIAG t= 48154.666 cyc=1630022203 RX accept #88 byte=00 fifo=4 ctrl=0227
SIO1-DIAG t= 48154.677 cyc=1630022203 DRAIN 4 messages in one poll
SIO1-DIAG t= 48154.679 cyc=1630022234 game read STAT=0007 ctrl=0227 [DSR=0 CTS=0 RXRDY=1] pc=80153ce4 (prev value held for 371 reads) totalReads=21625
SIO1-DIAG t= 48154.682 cyc=1630022251 game read DATA=05 popped=1 fifo 4->3 stat=0007
SIO1-DIAG t= 48154.690 cyc=1630022301 LINKSTATE WR[act=00000000 buf=00000000 cnt=00000000 latch=00000000] RD[act=00000000 buf=801a9ba1 cnt=000002bb] block=4 cfg=0205 DSR=0 DTR=1 stat=0007 ctrl=0227 fifo=3
SIO1-DIAG t= 48154.693 cyc=1630022329 game read DATA=00 popped=1 fifo 3->2 stat=0007
SIO1-DIAG t= 48154.694 cyc=1630022379 LINKSTATE WR[act=00000000 buf=00000000 cnt=00000000 latch=00000000] RD[act=00000000 buf=801a9ba2 cnt=000002ba] block=4 cfg=0205 DSR=0 DTR=1 stat=0007 ctrl=0227 fifo=2
SIO1-DIAG t= 48154.696 cyc=1630022407 game read DATA=00 popped=1 fifo 2->1 stat=0007
SIO1-DIAG t= 48154.697 cyc=1630022457 LINKSTATE WR[act=00000000 buf=00000000 cnt=00000000 latch=00000000] RD[act=00000000 buf=801a9ba3 cnt=000002b9] block=4 cfg=0205 DSR=0 DTR=1 stat=0007 ctrl=0227 fifo=1
SIO1-DIAG t= 48154.698 cyc=1630022485 game read DATA=00 popped=1 fifo 1->0 stat=0005
SIO1-DIAG t= 48154.700 cyc=1630022528 DTR 1->0 (toggle #22) pc=80153d50 ctrl=0225
SIO1-DIAG t= 48154.701 cyc=1630022528 game wrote CTRL=0225 [TXEN=1 DTR=0 RXEN=1 RTS=1 ACK=0 RESET=0 RXIRQEN=0 TXIRQEN=0] stat=0005
SIO1-DIAG t= 48154.702 cyc=1630022528 TXFC dxr=0 xts=1 ctrl=0225 initial=0
SIO1-DIAG t= 48154.704 cyc=1630022528 TXMSG #54 size=4 bytes=12 02 10
SIO1-DIAG t= 48154.713 cyc=1630022551 LINKSTATE WR[act=00000000 buf=00000000 cnt=00000000 latch=00000000] RD[act=00000000 buf=801a9ba4 cnt=000002b8] block=4 cfg=0205 DSR=0 DTR=0 stat=0005 ctrl=0225 fifo=0
SIO1-DIAG t= 48154.715 cyc=1630022551 game read STAT=0005 ctrl=0225 [DSR=0 CTS=0 RXRDY=0] pc=80153c88 (prev value held for 6 reads) totalReads=21632
SIO1-DIAG t= 48161.914 cyc=1630060835 RXMSG #92 declared=5 got=5 bytes=0a 03 0a
SIO1-DIAG t= 48161.927 cyc=1630060835 RX accept #89 byte=00 fifo=1 ctrl=0225
SIO1-DIAG t= 48161.929 cyc=1630060866 game read STAT=0007 ctrl=0225 [DSR=0 CTS=0 RXRDY=1] pc=80153ce4 (prev value held for 672 reads) totalReads=22305
SIO1-DIAG t= 48161.933 cyc=1630060883 game read DATA=00 popped=1 fifo 1->0 stat=0005
SIO1-DIAG t= 48161.935 cyc=1630060933 LINKSTATE WR[act=00000000 buf=00000000 cnt=00000000 latch=00000000] RD[act=00000000 buf=801a9ba5 cnt=000002b7] block=4 cfg=0205 DSR=0 DTR=0 stat=0005 ctrl=0225 fifo=0
SIO1-DIAG t= 48161.937 cyc=1630060933 game read STAT=0005 ctrl=0225 [DSR=0 CTS=0 RXRDY=0] pc=80153c88 (prev value held for 0 reads) totalReads=22306
SIO1-DIAG t= 48162.359 cyc=1630065121 RXMSG #93 declared=5 got=5 bytes=0a 03 0a
SIO1-DIAG t= 48162.360 cyc=1630065121 RX accept #90 byte=00 fifo=1 ctrl=0225
SIO1-DIAG t= 48162.361 cyc=1630065121 RXMSG #94 declared=5 got=5 bytes=0a 03 0a
SIO1-DIAG t= 48162.362 cyc=1630065121 RX accept #91 byte=00 fifo=2 ctrl=0225
SIO1-DIAG t= 48162.363 cyc=1630065121 DRAIN 2 messages in one poll
SIO1-DIAG t= 48162.364 cyc=1630065162 game read STAT=0007 ctrl=0225 [DSR=0 CTS=0 RXRDY=1] pc=80153ce4 (prev value held for 74 reads) totalReads=22381
SIO1-DIAG t= 48162.374 cyc=1630065179 game read DATA=00 popped=1 fifo 2->1 stat=0007
SIO1-DIAG t= 48162.376 cyc=1630065229 LINKSTATE WR[act=00000000 buf=00000000 cnt=00000000 latch=00000000] RD[act=00000000 buf=801a9ba6 cnt=000002b6] block=4 cfg=0205 DSR=0 DTR=0 stat=0007 ctrl=0225 fifo=1
SIO1-DIAG t= 48162.377 cyc=1630065257 game read DATA=00 popped=1 fifo 1->0 stat=0005
SIO1-DIAG t= 48162.378 cyc=1630065307 LINKSTATE WR[act=00000000 buf=00000000 cnt=00000000 latch=00000000] RD[act=00000000 buf=801a9ba7 cnt=000002b5] block=4 cfg=0205 DSR=0 DTR=0 stat=0005 ctrl=0225 fifo=0
SIO1-DIAG t= 48162.380 cyc=1630065307 game read STAT=0005 ctrl=0225 [DSR=0 CTS=0 RXRDY=0] pc=80153c88 (prev value held for 2 reads) totalReads=22384
SIO1-DIAG t= 48162.390 cyc=1630067272 RXMSG #95 declared=5 got=5 bytes=0a 03 0a
SIO1-DIAG t= 48162.391 cyc=1630067272 RX accept #92 byte=00 fifo=1 ctrl=0225
SIO1-DIAG t= 48162.392 cyc=1630067313 game read STAT=0007 ctrl=0225 [DSR=0 CTS=0 RXRDY=1] pc=80153ce4 (prev value held for 35 reads) totalReads=22420
SIO1-DIAG t= 48162.393 cyc=1630067330 game read DATA=00 popped=1 fifo 1->0 stat=0005
SIO1-DIAG t= 48162.395 cyc=1630067373 DTR 0->1 (toggle #23) pc=80153d50 ctrl=0227
SIO1-DIAG t= 48162.400 cyc=1630067373 game wrote CTRL=0227 [TXEN=1 DTR=1 RXEN=1 RTS=1 ACK=0 RESET=0 RXIRQEN=0 TXIRQEN=0] stat=0005
SIO1-DIAG t= 48162.402 cyc=1630067373 TXFC dxr=1 xts=1 ctrl=0227 initial=0
SIO1-DIAG t= 48162.404 cyc=1630067373 TXMSG #55 size=6 bytes=12 04 08
SIO1-DIAG t= 48162.411 cyc=1630067396 LINKSTATE WR[act=00000000 buf=00000000 cnt=00000000 latch=00000000] RD[act=00000000 buf=801a9ba8 cnt=000002b4] block=4 cfg=0205 DSR=0 DTR=1 stat=0005 ctrl=0227 fifo=0
SIO1-DIAG t= 48162.412 cyc=1630067396 game read STAT=0005 ctrl=0227 [DSR=0 CTS=0 RXRDY=0] pc=80153c88 (prev value held for 0 reads) totalReads=22421
SIO1-DIAG t= 48166.594 cyc=1630090874 RXMSG #96 declared=5 got=5 bytes=0a 03 0a
SIO1-DIAG t= 48166.605 cyc=1630090874 RX accept #93 byte=00 fifo=1 ctrl=0227
SIO1-DIAG t= 48166.607 cyc=1630090874 RXMSG #97 declared=5 got=5 bytes=0a 03 0a
SIO1-DIAG t= 48166.608 cyc=1630090874 RX accept #94 byte=00 fifo=2 ctrl=0227
SIO1-DIAG t= 48166.610 cyc=1630090874 RXMSG #98 declared=5 got=5 bytes=0a 03 0a
SIO1-DIAG t= 48166.611 cyc=1630090874 RX accept #95 byte=00 fifo=3 ctrl=0227
SIO1-DIAG t= 48166.612 cyc=1630090874 RXMSG #99 declared=5 got=5 bytes=0a 03 0a
SIO1-DIAG t= 48166.613 cyc=1630090874 RX accept #96 byte=00 fifo=4 ctrl=0227
SIO1-DIAG t= 48166.614 cyc=1630090874 DRAIN 4 messages in one poll
SIO1-DIAG t= 48166.615 cyc=1630090891 game read STAT=0007 ctrl=0227 [DSR=0 CTS=0 RXRDY=1] pc=80153ce4 (prev value held for 412 reads) totalReads=22834
SIO1-DIAG t= 48166.618 cyc=1630090908 game read DATA=00 popped=1 fifo 4->3 stat=0007
SIO1-DIAG t= 48166.620 cyc=1630090958 LINKSTATE WR[act=00000000 buf=00000000 cnt=00000000 latch=00000000] RD[act=00000000 buf=801a9ba9 cnt=000002b3] block=4 cfg=0205 DSR=0 DTR=1 stat=0007 ctrl=0227 fifo=3
SIO1-DIAG t= 48166.628 cyc=1630090986 game read DATA=00 popped=1 fifo 3->2 stat=0007
SIO1-DIAG t= 48166.629 cyc=1630091036 LINKSTATE WR[act=00000000 buf=00000000 cnt=00000000 latch=00000000] RD[act=00000000 buf=801a9baa cnt=000002b2] block=4 cfg=0205 DSR=0 DTR=1 stat=0007 ctrl=0227 fifo=2
SIO1-DIAG t= 48166.631 cyc=1630091064 game read DATA=00 popped=1 fifo 2->1 stat=0007
SIO1-DIAG t= 48166.632 cyc=1630091114 LINKSTATE WR[act=00000000 buf=00000000 cnt=00000000 latch=00000000] RD[act=00000000 buf=801a9bab cnt=000002b1] block=4 cfg=0205 DSR=0 DTR=1 stat=0007 ctrl=0227 fifo=1
SIO1-DIAG t= 48166.634 cyc=1630091142 game read DATA=00 popped=1 fifo 1->0 stat=0005
SIO1-DIAG t= 48166.635 cyc=1630091185 DTR 1->0 (toggle #24) pc=80153d50 ctrl=0225
SIO1-DIAG t= 48166.636 cyc=1630091185 game wrote CTRL=0225 [TXEN=1 DTR=0 RXEN=1 RTS=1 ACK=0 RESET=0 RXIRQEN=0 TXIRQEN=0] stat=0005
SIO1-DIAG t= 48166.637 cyc=1630091185 TXFC dxr=0 xts=1 ctrl=0225 initial=0
SIO1-DIAG t= 48166.639 cyc=1630091185 TXMSG #56 size=4 bytes=12 02 10
SIO1-DIAG t= 48166.647 cyc=1630091208 LINKSTATE WR[act=00000000 buf=00000000 cnt=00000000 latch=00000000] RD[act=00000000 buf=801a9bac cnt=000002b0] block=4 cfg=0205 DSR=0 DTR=0 stat=0005 ctrl=0225 fifo=0
SIO1-DIAG t= 48166.649 cyc=1630091208 game read STAT=0005 ctrl=0225 [DSR=0 CTS=0 RXRDY=0] pc=80153c88 (prev value held for 6 reads) totalReads=22841
SIO1-DIAG t= 48170.156 cyc=1630110195 RXMSG #100 declared=5 got=5 bytes=0a 03 0a
SIO1-DIAG t= 48170.159 cyc=1630110195 RX accept #97 byte=01 fifo=1 ctrl=0225
SIO1-DIAG t= 48170.161 cyc=1630110195 RXMSG #101 declared=5 got=5 bytes=0a 03 0a
SIO1-DIAG t= 48170.162 cyc=1630110195 RX accept #98 byte=00 fifo=2 ctrl=0225
SIO1-DIAG t= 48170.163 cyc=1630110195 RXMSG #102 declared=5 got=5 bytes=0a 03 0a
SIO1-DIAG t= 48170.164 cyc=1630110195 RX accept #99 byte=00 fifo=3 ctrl=0225
SIO1-DIAG t= 48170.165 cyc=1630110195 RXMSG #103 declared=5 got=5 bytes=0a 03 0a
SIO1-DIAG t= 48170.166 cyc=1630110195 RX accept #100 byte=00 fifo=4 ctrl=0225
SIO1-DIAG t= 48170.167 cyc=1630110195 DRAIN 4 messages in one poll
SIO1-DIAG t= 48170.168 cyc=1630110200 game read STAT=0007 ctrl=0225 [DSR=0 CTS=0 RXRDY=1] pc=80153ce4 (prev value held for 333 reads) totalReads=23175
SIO1-DIAG t= 48170.169 cyc=1630110217 game read DATA=01 popped=1 fifo 4->3 stat=0007
SIO1-DIAG t= 48170.176 cyc=1630110267 LINKSTATE WR[act=00000000 buf=00000000 cnt=00000000 latch=00000000] RD[act=00000000 buf=801a9bad cnt=000002af] block=4 cfg=0205 DSR=0 DTR=0 stat=0007 ctrl=0225 fifo=3
SIO1-DIAG t= 48170.177 cyc=1630110295 game read DATA=00 popped=1 fifo 3->2 stat=0007
SIO1-DIAG t= 48170.178 cyc=1630110345 LINKSTATE WR[act=00000000 buf=00000000 cnt=00000000 latch=00000000] RD[act=00000000 buf=801a9bae cnt=000002ae] block=4 cfg=0205 DSR=0 DTR=0 stat=0007 ctrl=0225 fifo=2
SIO1-DIAG t= 48170.180 cyc=1630110373 game read DATA=00 popped=1 fifo 2->1 stat=0007
SIO1-DIAG t= 48170.185 cyc=1630110423 LINKSTATE WR[act=00000000 buf=00000000 cnt=00000000 latch=00000000] RD[act=00000000 buf=801a9baf cnt=000002ad] block=4 cfg=0205 DSR=0 DTR=0 stat=0007 ctrl=0225 fifo=1
SIO1-DIAG t= 48170.187 cyc=1630110451 game read DATA=00 popped=1 fifo 1->0 stat=0005
SIO1-DIAG t= 48170.188 cyc=1630110494 DTR 0->1 (toggle #25) pc=80153d50 ctrl=0227
SIO1-DIAG t= 48170.189 cyc=1630110494 game wrote CTRL=0227 [TXEN=1 DTR=1 RXEN=1 RTS=1 ACK=0 RESET=0 RXIRQEN=0 TXIRQEN=0] stat=0005
SIO1-DIAG t= 48170.191 cyc=1630110494 TXFC dxr=1 xts=1 ctrl=0227 initial=0
SIO1-DIAG t= 48170.192 cyc=1630110494 TXMSG #57 size=6 bytes=12 04 08
SIO1-DIAG t= 48170.196 cyc=1630110517 LINKSTATE WR[act=00000000 buf=00000000 cnt=00000000 latch=00000000] RD[act=00000000 buf=801a9bb0 cnt=000002ac] block=4 cfg=0205 DSR=0 DTR=1 stat=0005 ctrl=0227 fifo=0
SIO1-DIAG t= 48170.198 cyc=1630110517 game read STAT=0005 ctrl=0227 [DSR=0 CTS=0 RXRDY=0] pc=80153c88 (prev value held for 6 reads) totalReads=23182
SIO1-DIAG t= 48173.749 cyc=1630129504 RXMSG #104 declared=5 got=5 bytes=0a 03 0a
SIO1-DIAG t= 48173.757 cyc=1630129504 RX accept #101 byte=2c fifo=1 ctrl=0227
SIO1-DIAG t= 48173.759 cyc=1630129504 RXMSG #105 declared=5 got=5 bytes=0a 03 0a
SIO1-DIAG t= 48173.760 cyc=1630129504 RX accept #102 byte=46 fifo=2 ctrl=0227
SIO1-DIAG t= 48173.761 cyc=1630129504 RXMSG #106 declared=5 got=5 bytes=0a 03 0a
SIO1-DIAG t= 48173.763 cyc=1630129504 RX accept #103 byte=02 fifo=3 ctrl=0227
SIO1-DIAG t= 48173.768 cyc=1630129504 RXMSG #107 declared=5 got=5 bytes=0a 03 0a
SIO1-DIAG t= 48173.769 cyc=1630129504 RX accept #104 byte=80 fifo=4 ctrl=0227
SIO1-DIAG t= 48173.770 cyc=1630129504 DRAIN 4 messages in one poll
SIO1-DIAG t= 48173.771 cyc=1630129509 game read STAT=0007 ctrl=0227 [DSR=0 CTS=0 RXRDY=1] pc=80153ce4 (prev value held for 333 reads) totalReads=23516
SIO1-DIAG t= 48173.774 cyc=1630129526 game read DATA=2c popped=1 fifo 4->3 stat=0007
SIO1-DIAG t= 48173.775 cyc=1630129576 LINKSTATE WR[act=00000000 buf=00000000 cnt=00000000 latch=00000000] RD[act=00000000 buf=801a9bb1 cnt=000002ab] block=4 cfg=0205 DSR=0 DTR=1 stat=0007 ctrl=0227 fifo=3
SIO1-DIAG t= 48173.778 cyc=1630129604 game read DATA=46 popped=1 fifo 3->2 stat=0007
SIO1-DIAG t= 48173.779 cyc=1630129654 LINKSTATE WR[act=00000000 buf=00000000 cnt=00000000 latch=00000000] RD[act=00000000 buf=801a9bb2 cnt=000002aa] block=4 cfg=0205 DSR=0 DTR=1 stat=0007 ctrl=0227 fifo=2
SIO1-DIAG t= 48173.780 cyc=1630129682 game read DATA=02 popped=1 fifo 2->1 stat=0007
SIO1-DIAG t= 48173.781 cyc=1630129732 LINKSTATE WR[act=00000000 buf=00000000 cnt=00000000 latch=00000000] RD[act=00000000 buf=801a9bb3 cnt=000002a9] block=4 cfg=0205 DSR=0 DTR=1 stat=0007 ctrl=0227 fifo=1
SIO1-DIAG t= 48173.783 cyc=1630129760 game read DATA=80 popped=1 fifo 1->0 stat=0005
SIO1-DIAG t= 48173.784 cyc=1630129803 DTR 1->0 (toggle #26) pc=80153d50 ctrl=0225
SIO1-DIAG t= 48173.785 cyc=1630129803 game wrote CTRL=0225 [TXEN=1 DTR=0 RXEN=1 RTS=1 ACK=0 RESET=0 RXIRQEN=0 TXIRQEN=0] stat=0005
SIO1-DIAG t= 48173.788 cyc=1630129803 TXFC dxr=0 xts=1 ctrl=0225 initial=0
SIO1-DIAG t= 48173.790 cyc=1630129803 TXMSG #58 size=4 bytes=12 02 10
SIO1-DIAG t= 48173.799 cyc=1630129826 LINKSTATE WR[act=00000000 buf=00000000 cnt=00000000 latch=00000000] RD[act=00000000 buf=801a9bb4 cnt=000002a8] block=4 cfg=0205 DSR=0 DTR=0 stat=0005 ctrl=0225 fifo=0
SIO1-DIAG t= 48173.800 cyc=1630129826 game read STAT=0005 ctrl=0225 [DSR=0 CTS=0 RXRDY=0] pc=80153c88 (prev value held for 6 reads) totalReads=23523
SIO1-DIAG t= 48177.055 cyc=1630146668 RXMSG #108 declared=5 got=5 bytes=0a 03 0a
SIO1-DIAG t= 48177.066 cyc=1630146668 RX accept #105 byte=00 fifo=1 ctrl=0225
SIO1-DIAG t= 48177.069 cyc=1630146709 game read STAT=0007 ctrl=0225 [DSR=0 CTS=0 RXRDY=1] pc=80153ce4 (prev value held for 296 reads) totalReads=23820
SIO1-DIAG t= 48177.071 cyc=1630146726 game read DATA=00 popped=1 fifo 1->0 stat=0005
SIO1-DIAG t= 48177.073 cyc=1630146776 LINKSTATE WR[act=00000000 buf=00000000 cnt=00000000 latch=00000000] RD[act=00000000 buf=801a9bb5 cnt=000002a7] block=4 cfg=0205 DSR=0 DTR=0 stat=0005 ctrl=0225 fifo=0
SIO1-DIAG t= 48177.075 cyc=1630146776 game read STAT=0005 ctrl=0225 [DSR=0 CTS=0 RXRDY=0] pc=80153c88 (prev value held for 0 reads) totalReads=23821
SIO1-DIAG t= 48178.110 cyc=1630153109 RXMSG #109 declared=5 got=5 bytes=0a 03 0a
SIO1-DIAG t= 48178.111 cyc=1630153109 RX accept #106 byte=00 fifo=1 ctrl=0225
SIO1-DIAG t= 48178.112 cyc=1630153109 RXMSG #110 declared=5 got=5 bytes=0a 03 0a
SIO1-DIAG t= 48178.120 cyc=1630153109 RX accept #107 byte=00 fifo=2 ctrl=0225
SIO1-DIAG t= 48178.121 cyc=1630153109 RXMSG #111 declared=5 got=5 bytes=0a 03 0a
SIO1-DIAG t= 48178.123 cyc=1630153109 RX accept #108 byte=00 fifo=3 ctrl=0225
SIO1-DIAG t= 48178.124 cyc=1630153109 DRAIN 3 messages in one poll
SIO1-DIAG t= 48178.124 cyc=1630153114 game read STAT=0007 ctrl=0225 [DSR=0 CTS=0 RXRDY=1] pc=80153ce4 (prev value held for 111 reads) totalReads=23933
SIO1-DIAG t= 48178.126 cyc=1630153131 game read DATA=00 popped=1 fifo 3->2 stat=0007
SIO1-DIAG t= 48178.127 cyc=1630153181 LINKSTATE WR[act=00000000 buf=00000000 cnt=00000000 latch=00000000] RD[act=00000000 buf=801a9bb6 cnt=000002a6] block=4 cfg=0205 DSR=0 DTR=0 stat=0007 ctrl=0225 fifo=2
SIO1-DIAG t= 48178.129 cyc=1630153209 game read DATA=00 popped=1 fifo 2->1 stat=0007
SIO1-DIAG t= 48178.130 cyc=1630153259 LINKSTATE WR[act=00000000 buf=00000000 cnt=00000000 latch=00000000] RD[act=00000000 buf=801a9bb7 cnt=000002a5] block=4 cfg=0205 DSR=0 DTR=0 stat=0007 ctrl=0225 fifo=1
SIO1-DIAG t= 48178.131 cyc=1630153287 game read DATA=00 popped=1 fifo 1->0 stat=0005
SIO1-DIAG t= 48178.132 cyc=1630153330 DTR 0->1 (toggle #27) pc=80153d50 ctrl=0227
SIO1-DIAG t= 48178.133 cyc=1630153330 game wrote CTRL=0227 [TXEN=1 DTR=1 RXEN=1 RTS=1 ACK=0 RESET=0 RXIRQEN=0 TXIRQEN=0] stat=0005
SIO1-DIAG t= 48178.135 cyc=1630153330 TXFC dxr=1 xts=1 ctrl=0227 initial=0
SIO1-DIAG t= 48178.137 cyc=1630153330 TXMSG #59 size=6 bytes=12 04 08
SIO1-DIAG t= 48178.145 cyc=1630153353 LINKSTATE WR[act=00000000 buf=00000000 cnt=00000000 latch=00000000] RD[act=00000000 buf=801a9bb8 cnt=000002a4] block=4 cfg=0205 DSR=0 DTR=1 stat=0005 ctrl=0227 fifo=0
SIO1-DIAG t= 48178.146 cyc=1630153353 game read STAT=0005 ctrl=0227 [DSR=0 CTS=0 RXRDY=0] pc=80153c88 (prev value held for 4 reads) totalReads=23938
SIO1-DIAG t= 48181.473 cyc=1630172418 RXMSG #112 declared=5 got=5 bytes=0a 03 0a
SIO1-DIAG t= 48181.475 cyc=1630172418 RX accept #109 byte=01 fifo=1 ctrl=0227
SIO1-DIAG t= 48181.476 cyc=1630172418 RXMSG #113 declared=5 got=5 bytes=0a 03 0a
SIO1-DIAG t= 48181.477 cyc=1630172418 RX accept #110 byte=00 fifo=2 ctrl=0227
SIO1-DIAG t= 48181.478 cyc=1630172418 DRAIN 2 messages in one poll
SIO1-DIAG t= 48181.479 cyc=1630172459 game read STAT=0007 ctrl=0227 [DSR=0 CTS=0 RXRDY=1] pc=80153ce4 (prev value held for 335 reads) totalReads=24274
SIO1-DIAG t= 48181.480 cyc=1630172476 game read DATA=01 popped=1 fifo 2->1 stat=0007
SIO1-DIAG t= 48181.481 cyc=1630172526 LINKSTATE WR[act=00000000 buf=00000000 cnt=00000000 latch=00000000] RD[act=00000000 buf=801a9bb9 cnt=000002a3] block=4 cfg=0205 DSR=0 DTR=1 stat=0007 ctrl=0227 fifo=1
SIO1-DIAG t= 48181.483 cyc=1630172554 game read DATA=00 popped=1 fifo 1->0 stat=0005
SIO1-DIAG t= 48181.484 cyc=1630172604 LINKSTATE WR[act=00000000 buf=00000000 cnt=00000000 latch=00000000] RD[act=00000000 buf=801a9bba cnt=000002a2] block=4 cfg=0205 DSR=0 DTR=1 stat=0005 ctrl=0227 fifo=0
SIO1-DIAG t= 48181.485 cyc=1630172604 game read STAT=0005 ctrl=0227 [DSR=0 CTS=0 RXRDY=0] pc=80153c88 (prev value held for 2 reads) totalReads=24277
SIO1-DIAG t= 48182.236 cyc=1630176714 RXMSG #114 declared=5 got=5 bytes=0a 03 0a
SIO1-DIAG t= 48182.243 cyc=1630176714 RX accept #111 byte=00 fifo=1 ctrl=0227
SIO1-DIAG t= 48182.245 cyc=1630176714 RXMSG #115 declared=5 got=5 bytes=0a 03 0a
SIO1-DIAG t= 48182.247 cyc=1630176714 RX accept #112 byte=00 fifo=2 ctrl=0227
SIO1-DIAG t= 48182.248 cyc=1630176714 DRAIN 2 messages in one poll
SIO1-DIAG t= 48182.249 cyc=1630176719 game read STAT=0007 ctrl=0227 [DSR=0 CTS=0 RXRDY=1] pc=80153ce4 (prev value held for 72 reads) totalReads=24350
SIO1-DIAG t= 48182.252 cyc=1630176736 game read DATA=00 popped=1 fifo 2->1 stat=0007
SIO1-DIAG t= 48182.255 cyc=1630176786 LINKSTATE WR[act=00000000 buf=00000000 cnt=00000000 latch=00000000] RD[act=00000000 buf=801a9bbb cnt=000002a1] block=4 cfg=0205 DSR=0 DTR=1 stat=0007 ctrl=0227 fifo=1
SIO1-DIAG t= 48182.258 cyc=1630176814 game read DATA=00 popped=1 fifo 1->0 stat=0005
SIO1-DIAG t= 48182.259 cyc=1630176857 DTR 1->0 (toggle #28) pc=80153d50 ctrl=0225
SIO1-DIAG t= 48182.261 cyc=1630176857 game wrote CTRL=0225 [TXEN=1 DTR=0 RXEN=1 RTS=1 ACK=0 RESET=0 RXIRQEN=0 TXIRQEN=0] stat=0005
SIO1-DIAG t= 48182.263 cyc=1630176857 TXFC dxr=0 xts=1 ctrl=0225 initial=0
SIO1-DIAG t= 48182.265 cyc=1630176857 TXMSG #60 size=4 bytes=12 02 10
SIO1-DIAG t= 48182.278 cyc=1630176880 LINKSTATE WR[act=00000000 buf=00000000 cnt=00000000 latch=00000000] RD[act=00000000 buf=801a9bbc cnt=000002a0] block=4 cfg=0205 DSR=0 DTR=0 stat=0005 ctrl=0225 fifo=0
SIO1-DIAG t= 48182.281 cyc=1630176880 game read STAT=0005 ctrl=0225 [DSR=0 CTS=0 RXRDY=0] pc=80153c88 (prev value held for 2 reads) totalReads=24353
SIO1-DIAG t= 48184.316 cyc=1630189545 STAT poll sample pc=80153ce4 stat=0005 reads=24576
SIO1-DIAG t= 48184.959 cyc=1630191737 RXMSG #116 declared=5 got=5 bytes=0a 03 0a
SIO1-DIAG t= 48184.961 cyc=1630191737 RX accept #113 byte=00 fifo=1 ctrl=0225
SIO1-DIAG t= 48184.962 cyc=1630191737 RXMSG #117 declared=5 got=5 bytes=0a 03 0a
SIO1-DIAG t= 48184.963 cyc=1630191737 RX accept #114 byte=01 fifo=2 ctrl=0225
SIO1-DIAG t= 48184.964 cyc=1630191737 DRAIN 2 messages in one poll
SIO1-DIAG t= 48184.965 cyc=1630191768 game read STAT=0007 ctrl=0225 [DSR=0 CTS=0 RXRDY=1] pc=80153ce4 (prev value held for 261 reads) totalReads=24615
SIO1-DIAG t= 48184.967 cyc=1630191785 game read DATA=00 popped=1 fifo 2->1 stat=0007
SIO1-DIAG t= 48184.968 cyc=1630191835 LINKSTATE WR[act=00000000 buf=00000000 cnt=00000000 latch=00000000] RD[act=00000000 buf=801a9bbd cnt=0000029f] block=4 cfg=0205 DSR=0 DTR=0 stat=0007 ctrl=0225 fifo=1
SIO1-DIAG t= 48184.970 cyc=1630191863 game read DATA=01 popped=1 fifo 1->0 stat=0005
SIO1-DIAG t= 48184.971 cyc=1630191913 LINKSTATE WR[act=00000000 buf=00000000 cnt=00000000 latch=00000000] RD[act=00000000 buf=801a9bbe cnt=0000029e] block=4 cfg=0205 DSR=0 DTR=0 stat=0005 ctrl=0225 fifo=0
SIO1-DIAG t= 48184.973 cyc=1630191913 game read STAT=0005 ctrl=0225 [DSR=0 CTS=0 RXRDY=0] pc=80153c88 (prev value held for 2 reads) totalReads=24618
SIO1-DIAG t= 48186.006 cyc=1630198177 RXMSG #118 declared=5 got=5 bytes=0a 03 0a
SIO1-DIAG t= 48186.010 cyc=1630198177 RX accept #115 byte=00 fifo=1 ctrl=0225
SIO1-DIAG t= 48186.011 cyc=1630198177 RXMSG #119 declared=5 got=5 bytes=0a 03 0a
SIO1-DIAG t= 48186.012 cyc=1630198177 RX accept #116 byte=00 fifo=2 ctrl=0225
SIO1-DIAG t= 48186.013 cyc=1630198177 DRAIN 2 messages in one poll
SIO1-DIAG t= 48186.014 cyc=1630198194 game read STAT=0007 ctrl=0225 [DSR=0 CTS=0 RXRDY=1] pc=80153ce4 (prev value held for 110 reads) totalReads=24729
SIO1-DIAG t= 48186.016 cyc=1630198211 game read DATA=00 popped=1 fifo 2->1 stat=0007
SIO1-DIAG t= 48186.017 cyc=1630198261 LINKSTATE WR[act=00000000 buf=00000000 cnt=00000000 latch=00000000] RD[act=00000000 buf=801a9bbf cnt=0000029d] block=4 cfg=0205 DSR=0 DTR=0 stat=0007 ctrl=0225 fifo=1
SIO1-DIAG t= 48186.019 cyc=1630198289 game read DATA=00 popped=1 fifo 1->0 stat=0005
SIO1-DIAG t= 48186.020 cyc=1630198332 DTR 0->1 (toggle #29) pc=80153d50 ctrl=0227
SIO1-DIAG t= 48186.021 cyc=1630198332 game wrote CTRL=0227 [TXEN=1 DTR=1 RXEN=1 RTS=1 ACK=0 RESET=0 RXIRQEN=0 TXIRQEN=0] stat=0005
SIO1-DIAG t= 48186.026 cyc=1630198332 TXFC dxr=1 xts=1 ctrl=0227 initial=0
SIO1-DIAG t= 48186.029 cyc=1630198332 TXMSG #61 size=6 bytes=12 04 08
SIO1-DIAG t= 48186.037 cyc=1630198355 LINKSTATE WR[act=00000000 buf=00000000 cnt=00000000 latch=00000000] RD[act=00000000 buf=801a9bc0 cnt=0000029c] block=4 cfg=0205 DSR=0 DTR=1 stat=0005 ctrl=0227 fifo=0
SIO1-DIAG t= 48186.039 cyc=1630198355 game read STAT=0005 ctrl=0227 [DSR=0 CTS=0 RXRDY=0] pc=80153c88 (prev value held for 2 reads) totalReads=24732
SIO1-DIAG t= 48189.578 cyc=1630217487 RXMSG #120 declared=5 got=5 bytes=0a 03 0a
SIO1-DIAG t= 48189.587 cyc=1630217487 RX accept #117 byte=7b fifo=1 ctrl=0227
SIO1-DIAG t= 48189.589 cyc=1630217487 RXMSG #121 declared=5 got=5 bytes=0a 03 0a
SIO1-DIAG t= 48189.590 cyc=1630217487 RX accept #118 byte=00 fifo=2 ctrl=0227
SIO1-DIAG t= 48189.591 cyc=1630217487 RXMSG #122 declared=5 got=5 bytes=0a 03 0a
SIO1-DIAG t= 48189.592 cyc=1630217487 RX accept #119 byte=00 fifo=3 ctrl=0227
SIO1-DIAG t= 48189.593 cyc=1630217487 RXMSG #123 declared=5 got=5 bytes=0a 03 0a
SIO1-DIAG t= 48189.595 cyc=1630217487 RX accept #120 byte=00 fifo=4 ctrl=0227
SIO1-DIAG t= 48189.596 cyc=1630217487 DRAIN 4 messages in one poll
SIO1-DIAG t= 48189.598 cyc=1630217518 game read STAT=0007 ctrl=0227 [DSR=0 CTS=0 RXRDY=1] pc=80153ce4 (prev value held for 336 reads) totalReads=25069
SIO1-DIAG t= 48189.601 cyc=1630217535 game read DATA=7b popped=1 fifo 4->3 stat=0007
SIO1-DIAG t= 48189.603 cyc=1630217585 LINKSTATE WR[act=00000000 buf=00000000 cnt=00000000 latch=00000000] RD[act=00000000 buf=801a9bc1 cnt=0000029b] block=4 cfg=0205 DSR=0 DTR=1 stat=0007 ctrl=0227 fifo=3
SIO1-DIAG t= 48189.606 cyc=1630217613 game read DATA=00 popped=1 fifo 3->2 stat=0007
SIO1-DIAG t= 48189.614 cyc=1630217663 LINKSTATE WR[act=00000000 buf=00000000 cnt=00000000 latch=00000000] RD[act=00000000 buf=801a9bc2 cnt=0000029a] block=4 cfg=0205 DSR=0 DTR=1 stat=0007 ctrl=0227 fifo=2
SIO1-DIAG t= 48189.615 cyc=1630217691 game read DATA=00 popped=1 fifo 2->1 stat=0007
SIO1-DIAG t= 48189.616 cyc=1630217741 LINKSTATE WR[act=00000000 buf=00000000 cnt=00000000 latch=00000000] RD[act=00000000 buf=801a9bc3 cnt=00000299] block=4 cfg=0205 DSR=0 DTR=1 stat=0007 ctrl=0227 fifo=1
SIO1-DIAG t= 48189.619 cyc=1630217769 game read DATA=00 popped=1 fifo 1->0 stat=0005
SIO1-DIAG t= 48189.620 cyc=1630217812 DTR 1->0 (toggle #30) pc=80153d50 ctrl=0225
SIO1-DIAG t= 48189.621 cyc=1630217812 game wrote CTRL=0225 [TXEN=1 DTR=0 RXEN=1 RTS=1 ACK=0 RESET=0 RXIRQEN=0 TXIRQEN=0] stat=0005
SIO1-DIAG t= 48189.622 cyc=1630217812 TXFC dxr=0 xts=1 ctrl=0225 initial=0
SIO1-DIAG t= 48189.624 cyc=1630217812 TXMSG #62 size=4 bytes=12 02 10
SIO1-DIAG t= 48189.629 cyc=1630217835 LINKSTATE WR[act=00000000 buf=00000000 cnt=00000000 latch=00000000] RD[act=00000000 buf=801a9bc4 cnt=00000298] block=4 cfg=0205 DSR=0 DTR=0 stat=0005 ctrl=0225 fifo=0
SIO1-DIAG t= 48189.631 cyc=1630217835 game read STAT=0005 ctrl=0225 [DSR=0 CTS=0 RXRDY=0] pc=80153c88 (prev value held for 6 reads) totalReads=25076
SIO1-DIAG t= 48193.014 cyc=1630236802 RXMSG #124 declared=5 got=5 bytes=0a 03 0a
SIO1-DIAG t= 48193.023 cyc=1630236802 RX accept #121 byte=bc fifo=1 ctrl=0225
SIO1-DIAG t= 48193.025 cyc=1630236802 RXMSG #125 declared=5 got=5 bytes=0a 03 0a
SIO1-DIAG t= 48193.034 cyc=1630236802 RX accept #122 byte=00 fifo=2 ctrl=0225
SIO1-DIAG t= 48193.036 cyc=1630236802 RXMSG #126 declared=5 got=5 bytes=0a 03 0a
SIO1-DIAG t= 48193.037 cyc=1630236802 RX accept #123 byte=00 fifo=3 ctrl=0225
SIO1-DIAG t= 48193.039 cyc=1630236802 RXMSG #127 declared=5 got=5 bytes=0a 03 0a
SIO1-DIAG t= 48193.040 cyc=1630236802 RX accept #124 byte=00 fifo=4 ctrl=0225
SIO1-DIAG t= 48193.042 cyc=1630236802 DRAIN 4 messages in one poll
SIO1-DIAG t= 48193.043 cyc=1630236827 game read STAT=0007 ctrl=0225 [DSR=0 CTS=0 RXRDY=1] pc=80153ce4 (prev value held for 333 reads) totalReads=25410
SIO1-DIAG t= 48193.045 cyc=1630236844 game read DATA=bc popped=1 fifo 4->3 stat=0007
SIO1-DIAG t= 48193.047 cyc=1630236894 LINKSTATE WR[act=00000000 buf=00000000 cnt=00000000 latch=00000000] RD[act=00000000 buf=801a9bc5 cnt=00000297] block=4 cfg=0205 DSR=0 DTR=0 stat=0007 ctrl=0225 fifo=3
SIO1-DIAG t= 48193.054 cyc=1630236922 game read DATA=00 popped=1 fifo 3->2 stat=0007
SIO1-DIAG t= 48193.056 cyc=1630236972 LINKSTATE WR[act=00000000 buf=00000000 cnt=00000000 latch=00000000] RD[act=00000000 buf=801a9bc6 cnt=00000296] block=4 cfg=0205 DSR=0 DTR=0 stat=0007 ctrl=0225 fifo=2
SIO1-DIAG t= 48193.058 cyc=1630237000 game read DATA=00 popped=1 fifo 2->1 stat=0007
SIO1-DIAG t= 48193.059 cyc=1630237050 LINKSTATE WR[act=00000000 buf=00000000 cnt=00000000 latch=00000000] RD[act=00000000 buf=801a9bc7 cnt=00000295] block=4 cfg=0205 DSR=0 DTR=0 stat=0007 ctrl=0225 fifo=1
SIO1-DIAG t= 48193.062 cyc=1630237078 game read DATA=00 popped=1 fifo 1->0 stat=0005
SIO1-DIAG t= 48193.066 cyc=1630237121 DTR 0->1 (toggle #31) pc=80153d50 ctrl=0227
SIO1-DIAG t= 48193.067 cyc=1630237121 game wrote CTRL=0227 [TXEN=1 DTR=1 RXEN=1 RTS=1 ACK=0 RESET=0 RXIRQEN=0 TXIRQEN=0] stat=0005
SIO1-DIAG t= 48193.069 cyc=1630237121 TXFC dxr=1 xts=1 ctrl=0227 initial=0
SIO1-DIAG t= 48193.071 cyc=1630237121 TXMSG #63 size=6 bytes=12 04 08
SIO1-DIAG t= 48193.076 cyc=1630237144 LINKSTATE WR[act=00000000 buf=00000000 cnt=00000000 latch=00000000] RD[act=00000000 buf=801a9bc8 cnt=00000294] block=4 cfg=0205 DSR=0 DTR=1 stat=0005 ctrl=0227 fifo=0
SIO1-DIAG t= 48193.078 cyc=1630237144 game read STAT=0005 ctrl=0227 [DSR=0 CTS=0 RXRDY=0] pc=80153c88 (prev value held for 6 reads) totalReads=25417
SIO1-DIAG t= 48199.534 cyc=1630271143 RXMSG #128 declared=5 got=5 bytes=0a 03 0a
SIO1-DIAG t= 48199.544 cyc=1630271143 RX accept #125 byte=0d fifo=1 ctrl=0227
SIO1-DIAG t= 48199.545 cyc=1630271143 RXMSG #129 declared=5 got=5 bytes=0a 03 0a
SIO1-DIAG t= 48199.546 cyc=1630271143 RX accept #126 byte=00 fifo=2 ctrl=0227
SIO1-DIAG t= 48199.547 cyc=1630271143 RXMSG #130 declared=5 got=5 bytes=0a 03 0a
SIO1-DIAG t= 48199.548 cyc=1630271143 RX accept #127 byte=00 fifo=3 ctrl=0227
SIO1-DIAG t= 48199.549 cyc=1630271143 RXMSG #131 declared=5 got=5 bytes=0a 03 0a
SIO1-DIAG t= 48199.550 cyc=1630271143 RX accept #128 byte=00 fifo=4 ctrl=0227
SIO1-DIAG t= 48199.557 cyc=1630271143 DRAIN 4 messages in one poll
SIO1-DIAG t= 48199.559 cyc=1630271184 game read STAT=0007 ctrl=0227 [DSR=0 CTS=0 RXRDY=1] pc=80153ce4 (prev value held for 597 reads) totalReads=26015
SIO1-DIAG t= 48199.562 cyc=1630271201 game read DATA=0d popped=1 fifo 4->3 stat=0007
SIO1-DIAG t= 48199.564 cyc=1630271251 LINKSTATE WR[act=00000000 buf=00000000 cnt=00000000 latch=00000000] RD[act=00000000 buf=801a9bc9 cnt=00000293] block=4 cfg=0205 DSR=0 DTR=1 stat=0007 ctrl=0227 fifo=3
SIO1-DIAG t= 48199.567 cyc=1630271279 game read DATA=00 popped=1 fifo 3->2 stat=0007
SIO1-DIAG t= 48199.569 cyc=1630271329 LINKSTATE WR[act=00000000 buf=00000000 cnt=00000000 latch=00000000] RD[act=00000000 buf=801a9bca cnt=00000292] block=4 cfg=0205 DSR=0 DTR=1 stat=0007 ctrl=0227 fifo=2
SIO1-DIAG t= 48199.571 cyc=1630271357 game read DATA=00 popped=1 fifo 2->1 stat=0007
SIO1-DIAG t= 48199.572 cyc=1630271407 LINKSTATE WR[act=00000000 buf=00000000 cnt=00000000 latch=00000000] RD[act=00000000 buf=801a9bcb cnt=00000291] block=4 cfg=0205 DSR=0 DTR=1 stat=0007 ctrl=0227 fifo=1
SIO1-DIAG t= 48199.574 cyc=1630271435 game read DATA=00 popped=1 fifo 1->0 stat=0005
SIO1-DIAG t= 48199.576 cyc=1630271478 DTR 1->0 (toggle #32) pc=80153d50 ctrl=0225
SIO1-DIAG t= 48199.577 cyc=1630271478 game wrote CTRL=0225 [TXEN=1 DTR=0 RXEN=1 RTS=1 ACK=0 RESET=0 RXIRQEN=0 TXIRQEN=0] stat=0005
SIO1-DIAG t= 48199.579 cyc=1630271478 TXFC dxr=0 xts=1 ctrl=0225 initial=0
SIO1-DIAG t= 48199.580 cyc=1630271478 TXMSG #64 size=4 bytes=12 02 10
SIO1-DIAG t= 48199.591 cyc=1630271501 LINKSTATE WR[act=00000000 buf=00000000 cnt=00000000 latch=00000000] RD[act=00000000 buf=801a9bcc cnt=00000290] block=4 cfg=0205 DSR=0 DTR=0 stat=0005 ctrl=0225 fifo=0
SIO1-DIAG t= 48199.593 cyc=1630271501 game read STAT=0005 ctrl=0225 [DSR=0 CTS=0 RXRDY=0] pc=80153c88 (prev value held for 6 reads) totalReads=26022
SIO1-DIAG t= 48204.971 cyc=1630301178 RXMSG #132 declared=5 got=5 bytes=0a 03 0a
SIO1-DIAG t= 48204.983 cyc=1630301178 RX accept #129 byte=01 fifo=1 ctrl=0225
SIO1-DIAG t= 48204.990 cyc=1630301178 RXMSG #133 declared=5 got=5 bytes=0a 03 0a
SIO1-DIAG t= 48204.992 cyc=1630301178 RX accept #130 byte=00 fifo=2 ctrl=0225
SIO1-DIAG t= 48204.993 cyc=1630301178 RXMSG #134 declared=5 got=5 bytes=0a 03 0a
SIO1-DIAG t= 48204.995 cyc=1630301178 RX accept #131 byte=00 fifo=3 ctrl=0225
SIO1-DIAG t= 48204.996 cyc=1630301178 RXMSG #135 declared=5 got=5 bytes=0a 03 0a
SIO1-DIAG t= 48204.998 cyc=1630301178 RX accept #132 byte=00 fifo=4 ctrl=0225
SIO1-DIAG t= 48204.999 cyc=1630301178 DRAIN 4 messages in one poll
SIO1-DIAG t= 48205.000 cyc=1630301209 game read STAT=0007 ctrl=0225 [DSR=0 CTS=0 RXRDY=1] pc=80153ce4 (prev value held for 521 reads) totalReads=26544
SIO1-DIAG t= 48205.003 cyc=1630301226 game read DATA=01 popped=1 fifo 4->3 stat=0007
SIO1-DIAG t= 48205.005 cyc=1630301276 LINKSTATE WR[act=00000000 buf=00000000 cnt=00000000 latch=00000000] RD[act=00000000 buf=801a9bcd cnt=0000028f] block=4 cfg=0205 DSR=0 DTR=0 stat=0007 ctrl=0225 fifo=3
SIO1-DIAG t= 48205.017 cyc=1630301304 game read DATA=00 popped=1 fifo 3->2 stat=0007
SIO1-DIAG t= 48205.019 cyc=1630301354 LINKSTATE WR[act=00000000 buf=00000000 cnt=00000000 latch=00000000] RD[act=00000000 buf=801a9bce cnt=0000028e] block=4 cfg=0205 DSR=0 DTR=0 stat=0007 ctrl=0225 fifo=2
SIO1-DIAG t= 48205.021 cyc=1630301382 game read DATA=00 popped=1 fifo 2->1 stat=0007
SIO1-DIAG t= 48205.022 cyc=1630301432 LINKSTATE WR[act=00000000 buf=00000000 cnt=00000000 latch=00000000] RD[act=00000000 buf=801a9bcf cnt=0000028d] block=4 cfg=0205 DSR=0 DTR=0 stat=0007 ctrl=0225 fifo=1
SIO1-DIAG t= 48205.025 cyc=1630301460 game read DATA=00 popped=1 fifo 1->0 stat=0005
SIO1-DIAG t= 48205.026 cyc=1630301503 DTR 0->1 (toggle #33) pc=80153d50 ctrl=0227
SIO1-DIAG t= 48205.028 cyc=1630301503 game wrote CTRL=0227 [TXEN=1 DTR=1 RXEN=1 RTS=1 ACK=0 RESET=0 RXIRQEN=0 TXIRQEN=0] stat=0005
SIO1-DIAG t= 48205.030 cyc=1630301503 TXFC dxr=1 xts=1 ctrl=0227 initial=0
SIO1-DIAG t= 48205.032 cyc=1630301503 TXMSG #65 size=6 bytes=12 04 08
SIO1-DIAG t= 48205.037 cyc=1630301526 LINKSTATE WR[act=00000000 buf=00000000 cnt=00000000 latch=00000000] RD[act=00000000 buf=801a9bd0 cnt=0000028c] block=4 cfg=0205 DSR=0 DTR=1 stat=0005 ctrl=0227 fifo=0
SIO1-DIAG t= 48205.039 cyc=1630301526 game read STAT=0005 ctrl=0227 [DSR=0 CTS=0 RXRDY=0] pc=80153c88 (prev value held for 6 reads) totalReads=26551
SIO1-DIAG t= 48208.271 cyc=1630318347 RXMSG #136 declared=5 got=5 bytes=0a 03 0a
SIO1-DIAG t= 48208.284 cyc=1630318347 RX accept #133 byte=1b fifo=1 ctrl=0227
SIO1-DIAG t= 48208.286 cyc=1630318347 RXMSG #137 declared=5 got=5 bytes=0a 03 0a
SIO1-DIAG t= 48208.288 cyc=1630318347 RX accept #134 byte=00 fifo=2 ctrl=0227
SIO1-DIAG t= 48208.289 cyc=1630318347 DRAIN 2 messages in one poll
SIO1-DIAG t= 48208.291 cyc=1630318352 game read STAT=0007 ctrl=0227 [DSR=0 CTS=0 RXRDY=1] pc=80153ce4 (prev value held for 295 reads) totalReads=26847
SIO1-DIAG t= 48208.294 cyc=1630318369 game read DATA=1b popped=1 fifo 2->1 stat=0007
SIO1-DIAG t= 48208.297 cyc=1630318419 LINKSTATE WR[act=00000000 buf=00000000 cnt=00000000 latch=00000000] RD[act=00000000 buf=801a9bd1 cnt=0000028b] block=4 cfg=0205 DSR=0 DTR=1 stat=0007 ctrl=0227 fifo=1
SIO1-DIAG t= 48208.300 cyc=1630318447 game read DATA=00 popped=1 fifo 1->0 stat=0005
SIO1-DIAG t= 48208.302 cyc=1630318497 LINKSTATE WR[act=00000000 buf=00000000 cnt=00000000 latch=00000000] RD[act=00000000 buf=801a9bd2 cnt=0000028a] block=4 cfg=0205 DSR=0 DTR=1 stat=0005 ctrl=0227 fifo=0
SIO1-DIAG t= 48208.304 cyc=1630318497 game read STAT=0005 ctrl=0227 [DSR=0 CTS=0 RXRDY=0] pc=80153c88 (prev value held for 2 reads) totalReads=26850
SIO1-DIAG t= 48208.781 cyc=1630322638 RXMSG #138 declared=5 got=5 bytes=0a 03 0a
SIO1-DIAG t= 48208.783 cyc=1630322638 RX accept #135 byte=00 fifo=1 ctrl=0227
SIO1-DIAG t= 48208.785 cyc=1630322638 RXMSG #139 declared=5 got=5 bytes=0a 03 0a
SIO1-DIAG t= 48208.786 cyc=1630322638 RX accept #136 byte=00 fifo=2 ctrl=0227
SIO1-DIAG t= 48208.796 cyc=1630322638 DRAIN 2 messages in one poll
SIO1-DIAG t= 48208.797 cyc=1630322669 game read STAT=0007 ctrl=0227 [DSR=0 CTS=0 RXRDY=1] pc=80153ce4 (prev value held for 73 reads) totalReads=26924
SIO1-DIAG t= 48208.804 cyc=1630322686 game read DATA=00 popped=1 fifo 2->1 stat=0007
SIO1-DIAG t= 48208.805 cyc=1630322736 LINKSTATE WR[act=00000000 buf=00000000 cnt=00000000 latch=00000000] RD[act=00000000 buf=801a9bd3 cnt=00000289] block=4 cfg=0205 DSR=0 DTR=1 stat=0007 ctrl=0227 fifo=1
SIO1-DIAG t= 48208.808 cyc=1630322764 game read DATA=00 popped=1 fifo 1->0 stat=0005
SIO1-DIAG t= 48208.810 cyc=1630322807 DTR 1->0 (toggle #34) pc=80153d50 ctrl=0225
SIO1-DIAG t= 48208.811 cyc=1630322807 game wrote CTRL=0225 [TXEN=1 DTR=0 RXEN=1 RTS=1 ACK=0 RESET=0 RXIRQEN=0 TXIRQEN=0] stat=0005
SIO1-DIAG t= 48208.813 cyc=1630322807 TXFC dxr=0 xts=1 ctrl=0225 initial=0
SIO1-DIAG t= 48208.816 cyc=1630322807 TXMSG #66 size=4 bytes=12 02 10
SIO1-DIAG t= 48208.821 cyc=1630322830 LINKSTATE WR[act=00000000 buf=00000000 cnt=00000000 latch=00000000] RD[act=00000000 buf=801a9bd4 cnt=00000288] block=4 cfg=0205 DSR=0 DTR=0 stat=0005 ctrl=0225 fifo=0
SIO1-DIAG t= 48208.823 cyc=1630322830 game read STAT=0005 ctrl=0225 [DSR=0 CTS=0 RXRDY=0] pc=80153c88 (prev value held for 2 reads) totalReads=26927
SIO1-DIAG t= 48212.428 cyc=1630341952 RXMSG #140 declared=5 got=5 bytes=0a 03 0a
SIO1-DIAG t= 48212.439 cyc=1630341952 RX accept #137 byte=00 fifo=1 ctrl=0225
SIO1-DIAG t= 48212.440 cyc=1630341952 RXMSG #141 declared=5 got=5 bytes=0a 03 0a
SIO1-DIAG t= 48212.449 cyc=1630341952 RX accept #138 byte=00 fifo=2 ctrl=0225
SIO1-DIAG t= 48212.451 cyc=1630341952 RXMSG #142 declared=5 got=5 bytes=0a 03 0a
SIO1-DIAG t= 48212.452 cyc=1630341952 RX accept #139 byte=00 fifo=3 ctrl=0225
SIO1-DIAG t= 48212.454 cyc=1630341952 RXMSG #143 declared=5 got=5 bytes=0a 03 0a
SIO1-DIAG t= 48212.456 cyc=1630341952 RX accept #140 byte=00 fifo=4 ctrl=0225
SIO1-DIAG t= 48212.457 cyc=1630341952 DRAIN 4 messages in one poll
SIO1-DIAG t= 48212.459 cyc=1630341993 game read STAT=0007 ctrl=0225 [DSR=0 CTS=0 RXRDY=1] pc=80153ce4 (prev value held for 336 reads) totalReads=27264
SIO1-DIAG t= 48212.462 cyc=1630342010 game read DATA=00 popped=1 fifo 4->3 stat=0007
SIO1-DIAG t= 48212.464 cyc=1630342060 LINKSTATE WR[act=00000000 buf=00000000 cnt=00000000 latch=00000000] RD[act=00000000 buf=801a9bd5 cnt=00000287] block=4 cfg=0205 DSR=0 DTR=0 stat=0007 ctrl=0225 fifo=3
SIO1-DIAG t= 48212.466 cyc=1630342088 game read DATA=00 popped=1 fifo 3->2 stat=0007
SIO1-DIAG t= 48212.467 cyc=1630342138 LINKSTATE WR[act=00000000 buf=00000000 cnt=00000000 latch=00000000] RD[act=00000000 buf=801a9bd6 cnt=00000286] block=4 cfg=0205 DSR=0 DTR=0 stat=0007 ctrl=0225 fifo=2
SIO1-DIAG t= 48212.469 cyc=1630342166 game read DATA=00 popped=1 fifo 2->1 stat=0007
SIO1-DIAG t= 48212.470 cyc=1630342216 LINKSTATE WR[act=00000000 buf=00000000 cnt=00000000 latch=00000000] RD[act=00000000 buf=801a9bd7 cnt=00000285] block=4 cfg=0205 DSR=0 DTR=0 stat=0007 ctrl=0225 fifo=1
SIO1-DIAG t= 48212.474 cyc=1630342244 game read DATA=00 popped=1 fifo 1->0 stat=0005
SIO1-DIAG t= 48212.476 cyc=1630342287 DTR 0->1 (toggle #35) pc=80153d50 ctrl=0227
SIO1-DIAG t= 48212.478 cyc=1630342287 game wrote CTRL=0227 [TXEN=1 DTR=1 RXEN=1 RTS=1 ACK=0 RESET=0 RXIRQEN=0 TXIRQEN=0] stat=0005
SIO1-DIAG t= 48212.480 cyc=1630342287 TXFC dxr=1 xts=1 ctrl=0227 initial=0
SIO1-DIAG t= 48212.482 cyc=1630342287 TXMSG #67 size=6 bytes=12 04 08
SIO1-DIAG t= 48212.488 cyc=1630342310 LINKSTATE WR[act=00000000 buf=00000000 cnt=00000000 latch=00000000] RD[act=00000000 buf=801a9bd8 cnt=00000284] block=4 cfg=0205 DSR=0 DTR=1 stat=0005 ctrl=0227 fifo=0
SIO1-DIAG t= 48212.490 cyc=1630342310 game read STAT=0005 ctrl=0227 [DSR=0 CTS=0 RXRDY=0] pc=80153c88 (prev value held for 6 reads) totalReads=27271
SIO1-DIAG t= 48215.607 cyc=1630359131 RXMSG #144 declared=5 got=5 bytes=0a 03 0a
SIO1-DIAG t= 48215.611 cyc=1630359131 RX accept #141 byte=00 fifo=1 ctrl=0227
SIO1-DIAG t= 48215.613 cyc=1630359136 game read STAT=0007 ctrl=0227 [DSR=0 CTS=0 RXRDY=1] pc=80153ce4 (prev value held for 295 reads) totalReads=27567
SIO1-DIAG t= 48215.615 cyc=1630359153 game read DATA=00 popped=1 fifo 1->0 stat=0005
SIO1-DIAG t= 48215.621 cyc=1630359203 LINKSTATE WR[act=00000000 buf=00000000 cnt=00000000 latch=00000000] RD[act=00000000 buf=801a9bd9 cnt=00000283] block=4 cfg=0205 DSR=0 DTR=1 stat=0005 ctrl=0227 fifo=0
SIO1-DIAG t= 48215.624 cyc=1630359203 game read STAT=0005 ctrl=0227 [DSR=0 CTS=0 RXRDY=0] pc=80153c88 (prev value held for 0 reads) totalReads=27568
SIO1-DIAG t= 48217.320 cyc=1630369856 RXMSG #145 declared=5 got=5 bytes=0a 03 0a
SIO1-DIAG t= 48217.329 cyc=1630369856 RX accept #142 byte=00 fifo=1 ctrl=0227
SIO1-DIAG t= 48217.331 cyc=1630369856 RXMSG #146 declared=5 got=5 bytes=0a 03 0a
SIO1-DIAG t= 48217.333 cyc=1630369856 RX accept #143 byte=00 fifo=2 ctrl=0227
SIO1-DIAG t= 48217.334 cyc=1630369856 DRAIN 2 messages in one poll
SIO1-DIAG t= 48217.336 cyc=1630369873 game read STAT=0007 ctrl=0227 [DSR=0 CTS=0 RXRDY=1] pc=80153ce4 (prev value held for 187 reads) totalReads=27756
SIO1-DIAG t= 48217.339 cyc=1630369890 game read DATA=00 popped=1 fifo 2->1 stat=0007
SIO1-DIAG t= 48217.341 cyc=1630369940 LINKSTATE WR[act=00000000 buf=00000000 cnt=00000000 latch=00000000] RD[act=00000000 buf=801a9bda cnt=00000282] block=4 cfg=0205 DSR=0 DTR=1 stat=0007 ctrl=0227 fifo=1
SIO1-DIAG t= 48217.344 cyc=1630369968 game read DATA=00 popped=1 fifo 1->0 stat=0005
SIO1-DIAG t= 48217.346 cyc=1630370018 LINKSTATE WR[act=00000000 buf=00000000 cnt=00000000 latch=00000000] RD[act=00000000 buf=801a9bdb cnt=00000281] block=4 cfg=0205 DSR=0 DTR=1 stat=0005 ctrl=0227 fifo=0
SIO1-DIAG t= 48217.348 cyc=1630370018 game read STAT=0005 ctrl=0227 [DSR=0 CTS=0 RXRDY=0] pc=80153c88 (prev value held for 2 reads) totalReads=27759
SIO1-DIAG t= 48217.775 cyc=1630374149 RXMSG #147 declared=5 got=5 bytes=0a 03 0a
SIO1-DIAG t= 48217.778 cyc=1630374149 RX accept #144 byte=00 fifo=1 ctrl=0227
SIO1-DIAG t= 48217.780 cyc=1630374190 game read STAT=0007 ctrl=0227 [DSR=0 CTS=0 RXRDY=1] pc=80153ce4 (prev value held for 73 reads) totalReads=27833
SIO1-DIAG t= 48217.791 cyc=1630374207 game read DATA=00 popped=1 fifo 1->0 stat=0005
SIO1-DIAG t= 48217.793 cyc=1630374250 DTR 1->0 (toggle #36) pc=80153d50 ctrl=0225
SIO1-DIAG t= 48217.794 cyc=1630374250 game wrote CTRL=0225 [TXEN=1 DTR=0 RXEN=1 RTS=1 ACK=0 RESET=0 RXIRQEN=0 TXIRQEN=0] stat=0005
SIO1-DIAG t= 48217.797 cyc=1630374250 TXFC dxr=0 xts=1 ctrl=0225 initial=0
SIO1-DIAG t= 48217.799 cyc=1630374250 TXMSG #68 size=4 bytes=12 02 10
SIO1-DIAG t= 48217.806 cyc=1630374273 LINKSTATE WR[act=00000000 buf=00000000 cnt=00000000 latch=00000000] RD[act=00000000 buf=801a9bdc cnt=00000280] block=4 cfg=0205 DSR=0 DTR=0 stat=0005 ctrl=0225 fifo=0
SIO1-DIAG t= 48217.808 cyc=1630374273 game read STAT=0005 ctrl=0225 [DSR=0 CTS=0 RXRDY=0] pc=80153c88 (prev value held for 0 reads) totalReads=27834
SIO1-DIAG t= 48222.453 cyc=1630399903 RXMSG #148 declared=5 got=5 bytes=0a 03 0a
SIO1-DIAG t= 48222.459 cyc=1630399903 RX accept #145 byte=00 fifo=1 ctrl=0225
SIO1-DIAG t= 48222.461 cyc=1630399903 RXMSG #149 declared=5 got=5 bytes=0a 03 0a
SIO1-DIAG t= 48222.463 cyc=1630399903 RX accept #146 byte=00 fifo=2 ctrl=0225
SIO1-DIAG t= 48222.465 cyc=1630399903 RXMSG #150 declared=5 got=5 bytes=0a 03 0a
SIO1-DIAG t= 48222.466 cyc=1630399903 RX accept #147 byte=00 fifo=3 ctrl=0225
SIO1-DIAG t= 48222.468 cyc=1630399903 RXMSG #151 declared=5 got=5 bytes=0a 03 0a
SIO1-DIAG t= 48222.476 cyc=1630399903 RX accept #148 byte=00 fifo=4 ctrl=0225
SIO1-DIAG t= 48222.478 cyc=1630399903 DRAIN 4 messages in one poll
SIO1-DIAG t= 48222.480 cyc=1630399934 game read STAT=0007 ctrl=0225 [DSR=0 CTS=0 RXRDY=1] pc=80153ce4 (prev value held for 450 reads) totalReads=28285
SIO1-DIAG t= 48222.482 cyc=1630399951 game read DATA=00 popped=1 fifo 4->3 stat=0007
SIO1-DIAG t= 48222.484 cyc=1630400001 LINKSTATE WR[act=00000000 buf=00000000 cnt=00000000 latch=00000000] RD[act=00000000 buf=801a9bdd cnt=0000027f] block=4 cfg=0205 DSR=0 DTR=0 stat=0007 ctrl=0225 fifo=3
SIO1-DIAG t= 48222.487 cyc=1630400029 game read DATA=00 popped=1 fifo 3->2 stat=0007
SIO1-DIAG t= 48222.488 cyc=1630400079 LINKSTATE WR[act=00000000 buf=00000000 cnt=00000000 latch=00000000] RD[act=00000000 buf=801a9bde cnt=0000027e] block=4 cfg=0205 DSR=0 DTR=0 stat=0007 ctrl=0225 fifo=2
SIO1-DIAG t= 48222.497 cyc=1630400107 game read DATA=00 popped=1 fifo 2->1 stat=0007
SIO1-DIAG t= 48222.499 cyc=1630400157 LINKSTATE WR[act=00000000 buf=00000000 cnt=00000000 latch=00000000] RD[act=00000000 buf=801a9bdf cnt=0000027d] block=4 cfg=0205 DSR=0 DTR=0 stat=0007 ctrl=0225 fifo=1
SIO1-DIAG t= 48222.501 cyc=1630400185 game read DATA=00 popped=1 fifo 1->0 stat=0005
SIO1-DIAG t= 48222.503 cyc=1630400228 DTR 0->1 (toggle #37) pc=80153d50 ctrl=0227
SIO1-DIAG t= 48222.504 cyc=1630400228 game wrote CTRL=0227 [TXEN=1 DTR=1 RXEN=1 RTS=1 ACK=0 RESET=0 RXIRQEN=0 TXIRQEN=0] stat=0005
SIO1-DIAG t= 48222.506 cyc=1630400228 TXFC dxr=1 xts=1 ctrl=0227 initial=0
SIO1-DIAG t= 48222.511 cyc=1630400228 TXMSG #69 size=6 bytes=12 04 08
SIO1-DIAG t= 48222.516 cyc=1630400251 LINKSTATE WR[act=00000000 buf=00000000 cnt=00000000 latch=00000000] RD[act=00000000 buf=801a9be0 cnt=0000027c] block=4 cfg=0205 DSR=0 DTR=1 stat=0005 ctrl=0227 fifo=0
SIO1-DIAG t= 48222.517 cyc=1630400251 game read STAT=0005 ctrl=0227 [DSR=0 CTS=0 RXRDY=0] pc=80153c88 (prev value held for 6 reads) totalReads=28292
SIO1-DIAG t= 48225.492 cyc=1630417072 RXMSG #152 declared=5 got=5 bytes=0a 03 0a
SIO1-DIAG t= 48225.502 cyc=1630417072 RX accept #149 byte=01 fifo=1 ctrl=0227
SIO1-DIAG t= 48225.504 cyc=1630417072 RXMSG #153 declared=5 got=5 bytes=0a 03 0a
SIO1-DIAG t= 48225.505 cyc=1630417072 RX accept #150 byte=00 fifo=2 ctrl=0227
SIO1-DIAG t= 48225.506 cyc=1630417072 RXMSG #154 declared=5 got=5 bytes=0a 03 0a
SIO1-DIAG t= 48225.507 cyc=1630417072 RX accept #151 byte=00 fifo=3 ctrl=0227
SIO1-DIAG t= 48225.508 cyc=1630417072 RXMSG #155 declared=5 got=5 bytes=0a 03 0a
SIO1-DIAG t= 48225.509 cyc=1630417072 RX accept #152 byte=00 fifo=4 ctrl=0227
SIO1-DIAG t= 48225.510 cyc=1630417072 DRAIN 4 messages in one poll
SIO1-DIAG t= 48225.511 cyc=1630417077 game read STAT=0007 ctrl=0227 [DSR=0 CTS=0 RXRDY=1] pc=80153ce4 (prev value held for 295 reads) totalReads=28588
SIO1-DIAG t= 48225.513 cyc=1630417094 game read DATA=01 popped=1 fifo 4->3 stat=0007
SIO1-DIAG t= 48225.521 cyc=1630417144 LINKSTATE WR[act=00000000 buf=00000000 cnt=00000000 latch=00000000] RD[act=00000000 buf=801a9be1 cnt=0000027b] block=4 cfg=0205 DSR=0 DTR=1 stat=0007 ctrl=0227 fifo=3
SIO1-DIAG t= 48225.524 cyc=1630417172 game read DATA=00 popped=1 fifo 3->2 stat=0007
SIO1-DIAG t= 48225.525 cyc=1630417222 LINKSTATE WR[act=00000000 buf=00000000 cnt=00000000 latch=00000000] RD[act=00000000 buf=801a9be2 cnt=0000027a] block=4 cfg=0205 DSR=0 DTR=1 stat=0007 ctrl=0227 fifo=2
SIO1-DIAG t= 48225.526 cyc=1630417250 game read DATA=00 popped=1 fifo 2->1 stat=0007
SIO1-DIAG t= 48225.527 cyc=1630417300 LINKSTATE WR[act=00000000 buf=00000000 cnt=00000000 latch=00000000] RD[act=00000000 buf=801a9be3 cnt=00000279] block=4 cfg=0205 DSR=0 DTR=1 stat=0007 ctrl=0227 fifo=1
SIO1-DIAG t= 48225.529 cyc=1630417328 game read DATA=00 popped=1 fifo 1->0 stat=0005
SIO1-DIAG t= 48225.531 cyc=1630417371 DTR 1->0 (toggle #38) pc=80153d50 ctrl=0225
SIO1-DIAG t= 48225.533 cyc=1630417371 game wrote CTRL=0225 [TXEN=1 DTR=0 RXEN=1 RTS=1 ACK=0 RESET=0 RXIRQEN=0 TXIRQEN=0] stat=0005
SIO1-DIAG t= 48225.535 cyc=1630417371 TXFC dxr=0 xts=1 ctrl=0225 initial=0
SIO1-DIAG t= 48225.537 cyc=1630417371 TXMSG #70 size=4 bytes=12 02 10
SIO1-DIAG t= 48225.543 cyc=1630417394 LINKSTATE WR[act=00000000 buf=00000000 cnt=00000000 latch=00000000] RD[act=00000000 buf=801a9be4 cnt=00000278] block=4 cfg=0205 DSR=0 DTR=0 stat=0005 ctrl=0225 fifo=0
SIO1-DIAG t= 48225.547 cyc=1630417394 game read STAT=0005 ctrl=0225 [DSR=0 CTS=0 RXRDY=0] pc=80153c88 (prev value held for 6 reads) totalReads=28595
SIO1-DIAG t= 48226.512 cyc=1630421737 STAT poll sample pc=80153ce4 stat=0005 reads=28672
SIO1-DIAG t= 48228.759 cyc=1630434236 RXMSG #156 declared=5 got=5 bytes=0a 03 0a
SIO1-DIAG t= 48228.764 cyc=1630434236 RX accept #153 byte=00 fifo=1 ctrl=0225
SIO1-DIAG t= 48228.765 cyc=1630434236 RXMSG #157 declared=5 got=5 bytes=0a 03 0a
SIO1-DIAG t= 48228.766 cyc=1630434236 RX accept #154 byte=00 fifo=2 ctrl=0225
SIO1-DIAG t= 48228.775 cyc=1630434236 RXMSG #158 declared=5 got=5 bytes=0a 03 0a
SIO1-DIAG t= 48228.777 cyc=1630434236 RX accept #155 byte=00 fifo=3 ctrl=0225
SIO1-DIAG t= 48228.779 cyc=1630434236 RXMSG #159 declared=5 got=5 bytes=0a 03 0a
SIO1-DIAG t= 48228.780 cyc=1630434236 RX accept #156 byte=00 fifo=4 ctrl=0225
SIO1-DIAG t= 48228.782 cyc=1630434236 DRAIN 4 messages in one poll
SIO1-DIAG t= 48228.784 cyc=1630434277 game read STAT=0007 ctrl=0225 [DSR=0 CTS=0 RXRDY=1] pc=80153ce4 (prev value held for 296 reads) totalReads=28892
SIO1-DIAG t= 48228.786 cyc=1630434294 game read DATA=00 popped=1 fifo 4->3 stat=0007
SIO1-DIAG t= 48228.788 cyc=1630434344 LINKSTATE WR[act=00000000 buf=00000000 cnt=00000000 latch=00000000] RD[act=00000000 buf=801a9be5 cnt=00000277] block=4 cfg=0205 DSR=0 DTR=0 stat=0007 ctrl=0225 fifo=3
SIO1-DIAG t= 48228.791 cyc=1630434372 game read DATA=00 popped=1 fifo 3->2 stat=0007
SIO1-DIAG t= 48228.792 cyc=1630434422 LINKSTATE WR[act=00000000 buf=00000000 cnt=00000000 latch=00000000] RD[act=00000000 buf=801a9be6 cnt=00000276] block=4 cfg=0205 DSR=0 DTR=0 stat=0007 ctrl=0225 fifo=2
SIO1-DIAG t= 48228.800 cyc=1630434450 game read DATA=00 popped=1 fifo 2->1 stat=0007
SIO1-DIAG t= 48228.801 cyc=1630434500 LINKSTATE WR[act=00000000 buf=00000000 cnt=00000000 latch=00000000] RD[act=00000000 buf=801a9be7 cnt=00000275] block=4 cfg=0205 DSR=0 DTR=0 stat=0007 ctrl=0225 fifo=1
SIO1-DIAG t= 48228.803 cyc=1630434528 game read DATA=00 popped=1 fifo 1->0 stat=0005
SIO1-DIAG t= 48228.804 cyc=1630434571 DTR 0->1 (toggle #39) pc=80153d50 ctrl=0227
SIO1-DIAG t= 48228.805 cyc=1630434571 game wrote CTRL=0227 [TXEN=1 DTR=1 RXEN=1 RTS=1 ACK=0 RESET=0 RXIRQEN=0 TXIRQEN=0] stat=0005
SIO1-DIAG t= 48228.807 cyc=1630434571 TXFC dxr=1 xts=1 ctrl=0227 initial=0
SIO1-DIAG t= 48228.809 cyc=1630434571 TXMSG #71 size=6 bytes=12 04 08
SIO1-DIAG t= 48228.813 cyc=1630434594 LINKSTATE WR[act=00000000 buf=00000000 cnt=00000000 latch=00000000] RD[act=00000000 buf=801a9be8 cnt=00000274] block=4 cfg=0205 DSR=0 DTR=1 stat=0005 ctrl=0227 fifo=0
SIO1-DIAG t= 48228.814 cyc=1630434594 game read STAT=0005 ctrl=0227 [DSR=0 CTS=0 RXRDY=0] pc=80153c88 (prev value held for 6 reads) totalReads=28899
SIO1-DIAG t= 48232.272 cyc=1630453545 RXMSG #160 declared=5 got=5 bytes=0a 03 0a
SIO1-DIAG t= 48232.280 cyc=1630453545 RX accept #157 byte=08 fifo=1 ctrl=0227
SIO1-DIAG t= 48232.282 cyc=1630453545 RXMSG #161 declared=5 got=5 bytes=0a 03 0a
SIO1-DIAG t= 48232.284 cyc=1630453545 RX accept #158 byte=94 fifo=2 ctrl=0227
SIO1-DIAG t= 48232.291 cyc=1630453545 RXMSG #162 declared=5 got=5 bytes=0a 03 0a
SIO1-DIAG t= 48232.292 cyc=1630453545 RX accept #159 byte=01 fifo=3 ctrl=0227
SIO1-DIAG t= 48232.293 cyc=1630453545 RXMSG #163 declared=5 got=5 bytes=0a 03 0a
SIO1-DIAG t= 48232.294 cyc=1630453545 RX accept #160 byte=80 fifo=4 ctrl=0227
SIO1-DIAG t= 48232.295 cyc=1630453545 DRAIN 4 messages in one poll
SIO1-DIAG t= 48232.297 cyc=1630453586 game read STAT=0007 ctrl=0227 [DSR=0 CTS=0 RXRDY=1] pc=80153ce4 (prev value held for 333 reads) totalReads=29233
SIO1-DIAG t= 48232.299 cyc=1630453603 game read DATA=08 popped=1 fifo 4->3 stat=0007
SIO1-DIAG t= 48232.300 cyc=1630453653 LINKSTATE WR[act=00000000 buf=00000000 cnt=00000000 latch=00000000] RD[act=00000000 buf=801a9be9 cnt=00000273] block=4 cfg=0205 DSR=0 DTR=1 stat=0007 ctrl=0227 fifo=3
SIO1-DIAG t= 48232.303 cyc=1630453681 game read DATA=94 popped=1 fifo 3->2 stat=0007
SIO1-DIAG t= 48232.304 cyc=1630453731 LINKSTATE WR[act=00000000 buf=00000000 cnt=00000000 latch=00000000] RD[act=00000000 buf=801a9bea cnt=00000272] block=4 cfg=0205 DSR=0 DTR=1 stat=0007 ctrl=0227 fifo=2
SIO1-DIAG t= 48232.305 cyc=1630453759 game read DATA=01 popped=1 fifo 2->1 stat=0007
SIO1-DIAG t= 48232.306 cyc=1630453809 LINKSTATE WR[act=00000000 buf=00000000 cnt=00000000 latch=00000000] RD[act=00000000 buf=801a9beb cnt=00000271] block=4 cfg=0205 DSR=0 DTR=1 stat=0007 ctrl=0227 fifo=1
SIO1-DIAG t= 48232.308 cyc=1630453837 game read DATA=80 popped=1 fifo 1->0 stat=0005
SIO1-DIAG t= 48232.309 cyc=1630453880 DTR 1->0 (toggle #40) pc=80153d50 ctrl=0225
SIO1-DIAG t= 48232.315 cyc=1630453880 game wrote CTRL=0225 [TXEN=1 DTR=0 RXEN=1 RTS=1 ACK=0 RESET=0 RXIRQEN=0 TXIRQEN=0] stat=0005
SIO1-DIAG t= 48232.317 cyc=1630453880 TXFC dxr=0 xts=1 ctrl=0225 initial=0
SIO1-DIAG t= 48232.318 cyc=1630453880 TXMSG #72 size=4 bytes=12 02 10
SIO1-DIAG t= 48232.322 cyc=1630453903 LINKSTATE WR[act=00000000 buf=00000000 cnt=00000000 latch=00000000] RD[act=00000000 buf=801a9bec cnt=00000270] block=4 cfg=0205 DSR=0 DTR=0 stat=0005 ctrl=0225 fifo=0
SIO1-DIAG t= 48232.324 cyc=1630453903 game read STAT=0005 ctrl=0225 [DSR=0 CTS=0 RXRDY=0] pc=80153c88 (prev value held for 6 reads) totalReads=29240
SIO1-DIAG t= 48242.896 cyc=1630505053 RXMSG #164 declared=5 got=5 bytes=0a 03 0a
SIO1-DIAG t= 48242.913 cyc=1630505053 RX accept #161 byte=02 fifo=1 ctrl=0225
SIO1-DIAG t= 48242.915 cyc=1630505053 RXMSG #165 declared=5 got=5 bytes=0a 03 0a
SIO1-DIAG t= 48242.916 cyc=1630505053 RX accept #162 byte=00 fifo=2 ctrl=0225
SIO1-DIAG t= 48242.918 cyc=1630505053 RXMSG #166 declared=5 got=5 bytes=0a 03 0a
SIO1-DIAG t= 48242.919 cyc=1630505053 RX accept #163 byte=00 fifo=3 ctrl=0225
SIO1-DIAG t= 48242.920 cyc=1630505053 RXMSG #167 declared=5 got=5 bytes=0a 03 0a
SIO1-DIAG t= 48242.921 cyc=1630505053 RX accept #164 byte=00 fifo=4 ctrl=0225
SIO1-DIAG t= 48242.922 cyc=1630505053 DRAIN 4 messages in one poll
SIO1-DIAG t= 48243.758 cyc=1630517154 game read STAT=0007 ctrl=0225 [DSR=0 CTS=0 RXRDY=1] pc=80153ce4 (prev value held for 860 reads) totalReads=30101
SIO1-DIAG t= 48243.761 cyc=1630517171 game read DATA=02 popped=1 fifo 4->3 stat=0007
SIO1-DIAG t= 48243.762 cyc=1630517221 LINKSTATE WR[act=00000000 buf=00000000 cnt=00000000 latch=00000000] RD[act=00000000 buf=801a9bed cnt=0000026f] block=4 cfg=0205 DSR=0 DTR=0 stat=0007 ctrl=0225 fifo=3
SIO1-DIAG t= 48243.765 cyc=1630517249 game read DATA=00 popped=1 fifo 3->2 stat=0007
SIO1-DIAG t= 48243.766 cyc=1630517299 LINKSTATE WR[act=00000000 buf=00000000 cnt=00000000 latch=00000000] RD[act=00000000 buf=801a9bee cnt=0000026e] block=4 cfg=0205 DSR=0 DTR=0 stat=0007 ctrl=0225 fifo=2
SIO1-DIAG t= 48243.768 cyc=1630517327 game read DATA=00 popped=1 fifo 2->1 stat=0007
SIO1-DIAG t= 48243.769 cyc=1630517377 LINKSTATE WR[act=00000000 buf=00000000 cnt=00000000 latch=00000000] RD[act=00000000 buf=801a9bef cnt=0000026d] block=4 cfg=0205 DSR=0 DTR=0 stat=0007 ctrl=0225 fifo=1
SIO1-DIAG t= 48243.771 cyc=1630517405 game read DATA=00 popped=1 fifo 1->0 stat=0005
SIO1-DIAG t= 48243.772 cyc=1630517448 DTR 0->1 (toggle #41) pc=80153d50 ctrl=0227
SIO1-DIAG t= 48243.774 cyc=1630517448 game wrote CTRL=0227 [TXEN=1 DTR=1 RXEN=1 RTS=1 ACK=0 RESET=0 RXIRQEN=0 TXIRQEN=0] stat=0005
SIO1-DIAG t= 48243.776 cyc=1630517448 TXFC dxr=1 xts=1 ctrl=0227 initial=0
SIO1-DIAG t= 48243.779 cyc=1630517448 TXMSG #73 size=6 bytes=12 04 08
SIO1-DIAG t= 48243.810 cyc=1630517471 LINKSTATE WR[act=00000000 buf=00000000 cnt=00000000 latch=00000000] RD[act=00000000 buf=801a9bf0 cnt=0000026c] block=4 cfg=0205 DSR=0 DTR=1 stat=0005 ctrl=0227 fifo=0
SIO1-DIAG t= 48243.812 cyc=1630517471 game read STAT=0005 ctrl=0227 [DSR=0 CTS=0 RXRDY=0] pc=80153c88 (prev value held for 6 reads) totalReads=30108
SIO1-DIAG t= 48247.126 cyc=1630535094 RXMSG #168 declared=5 got=5 bytes=0a 03 0a
SIO1-DIAG t= 48247.132 cyc=1630535094 RX accept #165 byte=00 fifo=1 ctrl=0227
SIO1-DIAG t= 48247.134 cyc=1630535094 RXMSG #169 declared=5 got=5 bytes=0a 03 0a
SIO1-DIAG t= 48247.135 cyc=1630535094 RX accept #166 byte=00 fifo=2 ctrl=0227
SIO1-DIAG t= 48247.136 cyc=1630535094 DRAIN 2 messages in one poll
SIO1-DIAG t= 48247.137 cyc=1630535095 game read STAT=0007 ctrl=0227 [DSR=0 CTS=0 RXRDY=1] pc=80153ce4 (prev value held for 309 reads) totalReads=30418
SIO1-DIAG t= 48247.139 cyc=1630535112 game read DATA=00 popped=1 fifo 2->1 stat=0007
SIO1-DIAG t= 48247.141 cyc=1630535162 LINKSTATE WR[act=00000000 buf=00000000 cnt=00000000 latch=00000000] RD[act=00000000 buf=801a9bf1 cnt=0000026b] block=4 cfg=0205 DSR=0 DTR=1 stat=0007 ctrl=0227 fifo=1
SIO1-DIAG t= 48247.143 cyc=1630535190 game read DATA=00 popped=1 fifo 1->0 stat=0005
SIO1-DIAG t= 48247.144 cyc=1630535240 LINKSTATE WR[act=00000000 buf=00000000 cnt=00000000 latch=00000000] RD[act=00000000 buf=801a9bf2 cnt=0000026a] block=4 cfg=0205 DSR=0 DTR=1 stat=0005 ctrl=0227 fifo=0
SIO1-DIAG t= 48247.151 cyc=1630535240 game read STAT=0005 ctrl=0227 [DSR=0 CTS=0 RXRDY=0] pc=80153c88 (prev value held for 2 reads) totalReads=30421
SIO1-DIAG t= 48247.160 cyc=1630537241 RXMSG #170 declared=5 got=5 bytes=0a 03 0a
SIO1-DIAG t= 48247.167 cyc=1630537241 RX accept #167 byte=00 fifo=1 ctrl=0227
SIO1-DIAG t= 48247.169 cyc=1630537241 RXMSG #171 declared=5 got=5 bytes=0a 03 0a
SIO1-DIAG t= 48247.171 cyc=1630537241 RX accept #168 byte=00 fifo=2 ctrl=0227
SIO1-DIAG t= 48247.172 cyc=1630537241 DRAIN 2 messages in one poll
SIO1-DIAG t= 48247.173 cyc=1630537246 game read STAT=0007 ctrl=0227 [DSR=0 CTS=0 RXRDY=1] pc=80153ce4 (prev value held for 35 reads) totalReads=30457
SIO1-DIAG t= 48247.175 cyc=1630537263 game read DATA=00 popped=1 fifo 2->1 stat=0007
SIO1-DIAG t= 48247.176 cyc=1630537313 LINKSTATE WR[act=00000000 buf=00000000 cnt=00000000 latch=00000000] RD[act=00000000 buf=801a9bf3 cnt=00000269] block=4 cfg=0205 DSR=0 DTR=1 stat=0007 ctrl=0227 fifo=1
SIO1-DIAG t= 48247.178 cyc=1630537341 game read DATA=00 popped=1 fifo 1->0 stat=0005
SIO1-DIAG t= 48247.180 cyc=1630537384 DTR 1->0 (toggle #42) pc=80153d50 ctrl=0225
SIO1-DIAG t= 48247.182 cyc=1630537384 game wrote CTRL=0225 [TXEN=1 DTR=0 RXEN=1 RTS=1 ACK=0 RESET=0 RXIRQEN=0 TXIRQEN=0] stat=0005
SIO1-DIAG t= 48247.183 cyc=1630537384 TXFC dxr=0 xts=1 ctrl=0225 initial=0
SIO1-DIAG t= 48247.185 cyc=1630537384 TXMSG #74 size=4 bytes=12 02 10
SIO1-DIAG t= 48247.193 cyc=1630537407 LINKSTATE WR[act=00000000 buf=00000000 cnt=00000000 latch=00000000] RD[act=00000000 buf=801a9bf4 cnt=00000268] block=4 cfg=0205 DSR=0 DTR=0 stat=0005 ctrl=0225 fifo=0
SIO1-DIAG t= 48247.196 cyc=1630537407 game read STAT=0005 ctrl=0225 [DSR=0 CTS=0 RXRDY=0] pc=80153c88 (prev value held for 2 reads) totalReads=30460
SIO1-DIAG t= 48252.047 cyc=1630565136 RXMSG #172 declared=5 got=5 bytes=0a 03 0a
SIO1-DIAG t= 48252.058 cyc=1630565136 RX accept #169 byte=00 fifo=1 ctrl=0225
SIO1-DIAG t= 48252.060 cyc=1630565136 RXMSG #173 declared=5 got=5 bytes=0a 03 0a
SIO1-DIAG t= 48252.062 cyc=1630565136 RX accept #170 byte=00 fifo=2 ctrl=0225
SIO1-DIAG t= 48252.064 cyc=1630565136 RXMSG #174 declared=5 got=5 bytes=0a 03 0a
SIO1-DIAG t= 48252.065 cyc=1630565136 RX accept #171 byte=00 fifo=3 ctrl=0225
SIO1-DIAG t= 48252.067 cyc=1630565136 RXMSG #175 declared=5 got=5 bytes=0a 03 0a
SIO1-DIAG t= 48252.068 cyc=1630565136 RX accept #172 byte=00 fifo=4 ctrl=0225
SIO1-DIAG t= 48252.070 cyc=1630565136 DRAIN 4 messages in one poll
SIO1-DIAG t= 48252.071 cyc=1630565177 game read STAT=0007 ctrl=0225 [DSR=0 CTS=0 RXRDY=1] pc=80153ce4 (prev value held for 487 reads) totalReads=30948
SIO1-DIAG t= 48252.074 cyc=1630565194 game read DATA=00 popped=1 fifo 4->3 stat=0007
SIO1-DIAG t= 48252.077 cyc=1630565244 LINKSTATE WR[act=00000000 buf=00000000 cnt=00000000 latch=00000000] RD[act=00000000 buf=801a9bf5 cnt=00000267] block=4 cfg=0205 DSR=0 DTR=0 stat=0007 ctrl=0225 fifo=3
SIO1-DIAG t= 48252.080 cyc=1630565272 game read DATA=00 popped=1 fifo 3->2 stat=0007
SIO1-DIAG t= 48252.081 cyc=1630565322 LINKSTATE WR[act=00000000 buf=00000000 cnt=00000000 latch=00000000] RD[act=00000000 buf=801a9bf6 cnt=00000266] block=4 cfg=0205 DSR=0 DTR=0 stat=0007 ctrl=0225 fifo=2
SIO1-DIAG t= 48252.111 cyc=1630565350 game read DATA=00 popped=1 fifo 2->1 stat=0007
SIO1-DIAG t= 48252.113 cyc=1630565400 LINKSTATE WR[act=00000000 buf=00000000 cnt=00000000 latch=00000000] RD[act=00000000 buf=801a9bf7 cnt=00000265] block=4 cfg=0205 DSR=0 DTR=0 stat=0007 ctrl=0225 fifo=1
SIO1-DIAG t= 48252.115 cyc=1630565428 game read DATA=00 popped=1 fifo 1->0 stat=0005
SIO1-DIAG t= 48252.117 cyc=1630565471 DTR 0->1 (toggle #43) pc=80153d50 ctrl=0227
SIO1-DIAG t= 48252.119 cyc=1630565471 game wrote CTRL=0227 [TXEN=1 DTR=1 RXEN=1 RTS=1 ACK=0 RESET=0 RXIRQEN=0 TXIRQEN=0] stat=0005
SIO1-DIAG t= 48252.121 cyc=1630565471 TXFC dxr=1 xts=1 ctrl=0227 initial=0
SIO1-DIAG t= 48252.123 cyc=1630565471 TXMSG #75 size=6 bytes=12 04 08
SIO1-DIAG t= 48252.135 cyc=1630565494 LINKSTATE WR[act=00000000 buf=00000000 cnt=00000000 latch=00000000] RD[act=00000000 buf=801a9bf8 cnt=00000264] block=4 cfg=0205 DSR=0 DTR=1 stat=0005 ctrl=0227 fifo=0
SIO1-DIAG t= 48252.137 cyc=1630565494 game read STAT=0005 ctrl=0227 [DSR=0 CTS=0 RXRDY=0] pc=80153c88 (prev value held for 6 reads) totalReads=30955
SIO1-DIAG t= 48257.163 cyc=1630593035 RXMSG #176 declared=5 got=5 bytes=0a 03 0a
SIO1-DIAG t= 48257.181 cyc=1630593035 RX accept #173 byte=00 fifo=1 ctrl=0227
SIO1-DIAG t= 48257.183 cyc=1630593035 RXMSG #177 declared=5 got=5 bytes=0a 03 0a
SIO1-DIAG t= 48257.185 cyc=1630593035 RX accept #174 byte=00 fifo=2 ctrl=0227
SIO1-DIAG t= 48257.196 cyc=1630593035 RXMSG #178 declared=5 got=5 bytes=0a 03 0a
SIO1-DIAG t= 48257.197 cyc=1630593035 RX accept #175 byte=00 fifo=3 ctrl=0227
SIO1-DIAG t= 48257.198 cyc=1630593035 RXMSG #179 declared=5 got=5 bytes=0a 03 0a
SIO1-DIAG t= 48257.199 cyc=1630593035 RX accept #176 byte=00 fifo=4 ctrl=0227
SIO1-DIAG t= 48257.200 cyc=1630593035 DRAIN 4 messages in one poll
SIO1-DIAG t= 48257.202 cyc=1630593036 game read STAT=0007 ctrl=0227 [DSR=0 CTS=0 RXRDY=1] pc=80153ce4 (prev value held for 483 reads) totalReads=31439
SIO1-DIAG t= 48257.204 cyc=1630593053 game read DATA=00 popped=1 fifo 4->3 stat=0007
SIO1-DIAG t= 48257.207 cyc=1630593103 LINKSTATE WR[act=00000000 buf=00000000 cnt=00000000 latch=00000000] RD[act=00000000 buf=801a9bf9 cnt=00000263] block=4 cfg=0205 DSR=0 DTR=1 stat=0007 ctrl=0227 fifo=3
SIO1-DIAG t= 48257.209 cyc=1630593131 game read DATA=00 popped=1 fifo 3->2 stat=0007
SIO1-DIAG t= 48257.211 cyc=1630593181 LINKSTATE WR[act=00000000 buf=00000000 cnt=00000000 latch=00000000] RD[act=00000000 buf=801a9bfa cnt=00000262] block=4 cfg=0205 DSR=0 DTR=1 stat=0007 ctrl=0227 fifo=2
SIO1-DIAG t= 48257.212 cyc=1630593209 game read DATA=00 popped=1 fifo 2->1 stat=0007
SIO1-DIAG t= 48257.213 cyc=1630593259 LINKSTATE WR[act=00000000 buf=00000000 cnt=00000000 latch=00000000] RD[act=00000000 buf=801a9bfb cnt=00000261] block=4 cfg=0205 DSR=0 DTR=1 stat=0007 ctrl=0227 fifo=1
SIO1-DIAG t= 48257.215 cyc=1630593287 game read DATA=00 popped=1 fifo 1->0 stat=0005
SIO1-DIAG t= 48257.219 cyc=1630593330 DTR 1->0 (toggle #44) pc=80153d50 ctrl=0225
SIO1-DIAG t= 48257.220 cyc=1630593330 game wrote CTRL=0225 [TXEN=1 DTR=0 RXEN=1 RTS=1 ACK=0 RESET=0 RXIRQEN=0 TXIRQEN=0] stat=0005
SIO1-DIAG t= 48257.222 cyc=1630593330 TXFC dxr=0 xts=1 ctrl=0225 initial=0
SIO1-DIAG t= 48257.224 cyc=1630593330 TXMSG #76 size=4 bytes=12 02 10
SIO1-DIAG t= 48257.237 cyc=1630593353 LINKSTATE WR[act=00000000 buf=00000000 cnt=00000000 latch=00000000] RD[act=00000000 buf=801a9bfc cnt=00000260] block=4 cfg=0205 DSR=0 DTR=0 stat=0005 ctrl=0225 fifo=0
SIO1-DIAG t= 48257.239 cyc=1630593353 game read STAT=0005 ctrl=0225 [DSR=0 CTS=0 RXRDY=0] pc=80153c88 (prev value held for 6 reads) totalReads=31446
SIO1-DIAG t= 48261.820 cyc=1630618802 RXMSG #180 declared=5 got=5 bytes=0a 03 0a
SIO1-DIAG t= 48261.823 cyc=1630618802 RX accept #177 byte=00 fifo=1 ctrl=0225
SIO1-DIAG t= 48261.825 cyc=1630618843 game read STAT=0007 ctrl=0225 [DSR=0 CTS=0 RXRDY=1] pc=80153ce4 (prev value held for 447 reads) totalReads=31894
SIO1-DIAG t= 48261.827 cyc=1630618860 game read DATA=00 popped=1 fifo 1->0 stat=0005
SIO1-DIAG t= 48261.828 cyc=1630618910 LINKSTATE WR[act=00000000 buf=00000000 cnt=00000000 latch=00000000] RD[act=00000000 buf=801a9bfd cnt=0000025f] block=4 cfg=0205 DSR=0 DTR=0 stat=0005 ctrl=0225 fifo=0
SIO1-DIAG t= 48261.830 cyc=1630618910 game read STAT=0005 ctrl=0225 [DSR=0 CTS=0 RXRDY=0] pc=80153c88 (prev value held for 0 reads) totalReads=31895
SIO1-DIAG t= 48261.836 cyc=1630620932 RXMSG #181 declared=5 got=5 bytes=0a 03 0a
SIO1-DIAG t= 48261.843 cyc=1630620932 RX accept #178 byte=00 fifo=1 ctrl=0225
SIO1-DIAG t= 48261.848 cyc=1630620932 RXMSG #182 declared=5 got=5 bytes=0a 03 0a
SIO1-DIAG t= 48261.849 cyc=1630620932 RX accept #179 byte=00 fifo=2 ctrl=0225
SIO1-DIAG t= 48261.850 cyc=1630620932 DRAIN 2 messages in one poll
SIO1-DIAG t= 48261.851 cyc=1630620973 game read STAT=0007 ctrl=0225 [DSR=0 CTS=0 RXRDY=1] pc=80153ce4 (prev value held for 36 reads) totalReads=31932
SIO1-DIAG t= 48261.857 cyc=1630620990 game read DATA=00 popped=1 fifo 2->1 stat=0007
SIO1-DIAG t= 48261.859 cyc=1630621040 LINKSTATE WR[act=00000000 buf=00000000 cnt=00000000 latch=00000000] RD[act=00000000 buf=801a9bfe cnt=0000025e] block=4 cfg=0205 DSR=0 DTR=0 stat=0007 ctrl=0225 fifo=1
SIO1-DIAG t= 48261.861 cyc=1630621068 game read DATA=00 popped=1 fifo 1->0 stat=0005
SIO1-DIAG t= 48261.862 cyc=1630621118 LINKSTATE WR[act=00000000 buf=00000000 cnt=00000000 latch=00000000] RD[act=00000000 buf=801a9bff cnt=0000025d] block=4 cfg=0205 DSR=0 DTR=0 stat=0005 ctrl=0225 fifo=0
SIO1-DIAG t= 48261.864 cyc=1630621118 game read STAT=0005 ctrl=0225 [DSR=0 CTS=0 RXRDY=0] pc=80153c88 (prev value held for 2 reads) totalReads=31935
SIO1-DIAG t= 48261.872 cyc=1630623083 RXMSG #183 declared=5 got=5 bytes=0a 03 0a
SIO1-DIAG t= 48261.873 cyc=1630623083 RX accept #180 byte=00 fifo=1 ctrl=0225
SIO1-DIAG t= 48261.875 cyc=1630623124 game read STAT=0007 ctrl=0225 [DSR=0 CTS=0 RXRDY=1] pc=80153ce4 (prev value held for 35 reads) totalReads=31971
SIO1-DIAG t= 48261.877 cyc=1630623141 game read DATA=00 popped=1 fifo 1->0 stat=0005
SIO1-DIAG t= 48261.881 cyc=1630623184 DTR 0->1 (toggle #45) pc=80153d50 ctrl=0227
SIO1-DIAG t= 48261.882 cyc=1630623184 game wrote CTRL=0227 [TXEN=1 DTR=1 RXEN=1 RTS=1 ACK=0 RESET=0 RXIRQEN=0 TXIRQEN=0] stat=0005
SIO1-DIAG t= 48261.884 cyc=1630623184 TXFC dxr=1 xts=1 ctrl=0227 initial=0
SIO1-DIAG t= 48261.886 cyc=1630623184 TXMSG #77 size=6 bytes=12 04 08
SIO1-DIAG t= 48261.891 cyc=1630623207 LINKSTATE WR[act=00000000 buf=00000000 cnt=00000000 latch=00000000] RD[act=00000000 buf=801a9c00 cnt=0000025c] block=4 cfg=0205 DSR=0 DTR=1 stat=0005 ctrl=0227 fifo=0
SIO1-DIAG t= 48261.893 cyc=1630623207 game read STAT=0005 ctrl=0227 [DSR=0 CTS=0 RXRDY=0] pc=80153c88 (prev value held for 0 reads) totalReads=31972
SIO1-DIAG t= 48270.453 cyc=1630668533 STAT poll sample pc=80153ce4 stat=0005 reads=32768
SIO1-DIAG t= 48270.551 cyc=1630670295 RXMSG #184 declared=5 got=5 bytes=0a 03 0a
SIO1-DIAG t= 48270.555 cyc=1630670295 RX accept #181 byte=00 fifo=1 ctrl=0227
SIO1-DIAG t= 48270.558 cyc=1630670295 RXMSG #185 declared=5 got=5 bytes=0a 03 0a
SIO1-DIAG t= 48270.559 cyc=1630670295 RX accept #182 byte=00 fifo=2 ctrl=0227
SIO1-DIAG t= 48270.560 cyc=1630670295 DRAIN 2 messages in one poll
SIO1-DIAG t= 48270.561 cyc=1630670300 game read STAT=0007 ctrl=0227 [DSR=0 CTS=0 RXRDY=1] pc=80153ce4 (prev value held for 826 reads) totalReads=32799
SIO1-DIAG t= 48270.565 cyc=1630670317 game read DATA=00 popped=1 fifo 2->1 stat=0007
SIO1-DIAG t= 48270.578 cyc=1630670367 LINKSTATE WR[act=00000000 buf=00000000 cnt=00000000 latch=00000000] RD[act=00000000 buf=801a9c01 cnt=0000025b] block=4 cfg=0205 DSR=0 DTR=1 stat=0007 ctrl=0227 fifo=1
SIO1-DIAG t= 48270.581 cyc=1630670395 game read DATA=00 popped=1 fifo 1->0 stat=0005
SIO1-DIAG t= 48270.583 cyc=1630670445 LINKSTATE WR[act=00000000 buf=00000000 cnt=00000000 latch=00000000] RD[act=00000000 buf=801a9c02 cnt=0000025a] block=4 cfg=0205 DSR=0 DTR=1 stat=0005 ctrl=0227 fifo=0
SIO1-DIAG t= 48270.585 cyc=1630670445 game read STAT=0005 ctrl=0227 [DSR=0 CTS=0 RXRDY=0] pc=80153c88 (prev value held for 2 reads) totalReads=32802
SIO1-DIAG t= 48271.354 cyc=1630674586 RXMSG #186 declared=5 got=5 bytes=0a 03 0a
SIO1-DIAG t= 48271.356 cyc=1630674586 RX accept #183 byte=00 fifo=1 ctrl=0227
SIO1-DIAG t= 48271.357 cyc=1630674617 game read STAT=0007 ctrl=0227 [DSR=0 CTS=0 RXRDY=1] pc=80153ce4 (prev value held for 73 reads) totalReads=32876
SIO1-DIAG t= 48271.358 cyc=1630674634 game read DATA=00 popped=1 fifo 1->0 stat=0005
SIO1-DIAG t= 48271.359 cyc=1630674684 LINKSTATE WR[act=00000000 buf=00000000 cnt=00000000 latch=00000000] RD[act=00000000 buf=801a9c03 cnt=00000259] block=4 cfg=0205 DSR=0 DTR=1 stat=0005 ctrl=0227 fifo=0
SIO1-DIAG t= 48271.361 cyc=1630674684 game read STAT=0005 ctrl=0227 [DSR=0 CTS=0 RXRDY=0] pc=80153c88 (prev value held for 0 reads) totalReads=32877
SIO1-DIAG t= 48271.370 cyc=1630676730 RXMSG #187 declared=5 got=5 bytes=0a 03 0a
SIO1-DIAG t= 48271.377 cyc=1630676730 RX accept #184 byte=00 fifo=1 ctrl=0227
SIO1-DIAG t= 48271.378 cyc=1630676747 game read STAT=0007 ctrl=0227 [DSR=0 CTS=0 RXRDY=1] pc=80153ce4 (prev value held for 36 reads) totalReads=32914
SIO1-DIAG t= 48271.386 cyc=1630676764 game read DATA=00 popped=1 fifo 1->0 stat=0005
SIO1-DIAG t= 48271.387 cyc=1630676807 DTR 1->0 (toggle #46) pc=80153d50 ctrl=0225
SIO1-DIAG t= 48271.389 cyc=1630676807 game wrote CTRL=0225 [TXEN=1 DTR=0 RXEN=1 RTS=1 ACK=0 RESET=0 RXIRQEN=0 TXIRQEN=0] stat=0005
SIO1-DIAG t= 48271.391 cyc=1630676807 TXFC dxr=0 xts=1 ctrl=0225 initial=0
SIO1-DIAG t= 48271.394 cyc=1630676807 TXMSG #78 size=4 bytes=12 02 10
SIO1-DIAG t= 48271.400 cyc=1630676830 LINKSTATE WR[act=00000000 buf=00000000 cnt=00000000 latch=00000000] RD[act=00000000 buf=801a9c04 cnt=00000258] block=4 cfg=0205 DSR=0 DTR=0 stat=0005 ctrl=0225 fifo=0
SIO1-DIAG t= 48271.402 cyc=1630676830 game read STAT=0005 ctrl=0225 [DSR=0 CTS=0 RXRDY=0] pc=80153c88 (prev value held for 0 reads) totalReads=32915
SIO1-DIAG t= 48274.509 cyc=1630693900 RXMSG #188 declared=5 got=5 bytes=0a 03 0a
SIO1-DIAG t= 48274.525 cyc=1630693900 RX accept #185 byte=00 fifo=1 ctrl=0225
SIO1-DIAG t= 48274.527 cyc=1630693900 RXMSG #189 declared=5 got=5 bytes=0a 03 0a
SIO1-DIAG t= 48274.528 cyc=1630693900 RX accept #186 byte=00 fifo=2 ctrl=0225
SIO1-DIAG t= 48274.530 cyc=1630693900 DRAIN 2 messages in one poll
SIO1-DIAG t= 48274.531 cyc=1630693941 game read STAT=0007 ctrl=0225 [DSR=0 CTS=0 RXRDY=1] pc=80153ce4 (prev value held for 300 reads) totalReads=33216
SIO1-DIAG t= 48274.533 cyc=1630693958 game read DATA=00 popped=1 fifo 2->1 stat=0007
SIO1-DIAG t= 48274.544 cyc=1630694008 LINKSTATE WR[act=00000000 buf=00000000 cnt=00000000 latch=00000000] RD[act=00000000 buf=801a9c05 cnt=00000257] block=4 cfg=0205 DSR=0 DTR=0 stat=0007 ctrl=0225 fifo=1
SIO1-DIAG t= 48274.547 cyc=1630694036 game read DATA=00 popped=1 fifo 1->0 stat=0005
SIO1-DIAG t= 48274.548 cyc=1630694086 LINKSTATE WR[act=00000000 buf=00000000 cnt=00000000 latch=00000000] RD[act=00000000 buf=801a9c06 cnt=00000256] block=4 cfg=0205 DSR=0 DTR=0 stat=0005 ctrl=0225 fifo=0
SIO1-DIAG t= 48274.550 cyc=1630694086 game read STAT=0005 ctrl=0225 [DSR=0 CTS=0 RXRDY=0] pc=80153c88 (prev value held for 2 reads) totalReads=33219
SIO1-DIAG t= 48274.556 cyc=1630696051 RXMSG #190 declared=5 got=5 bytes=0a 03 0a
SIO1-DIAG t= 48274.557 cyc=1630696051 RX accept #187 byte=00 fifo=1 ctrl=0225
SIO1-DIAG t= 48274.559 cyc=1630696051 RXMSG #191 declared=5 got=5 bytes=0a 03 0a
SIO1-DIAG t= 48274.560 cyc=1630696051 RX accept #188 byte=00 fifo=2 ctrl=0225
SIO1-DIAG t= 48274.561 cyc=1630696051 DRAIN 2 messages in one poll
SIO1-DIAG t= 48274.562 cyc=1630696092 game read STAT=0007 ctrl=0225 [DSR=0 CTS=0 RXRDY=1] pc=80153ce4 (prev value held for 35 reads) totalReads=33255
SIO1-DIAG t= 48274.563 cyc=1630696109 game read DATA=00 popped=1 fifo 2->1 stat=0007
SIO1-DIAG t= 48274.564 cyc=1630696159 LINKSTATE WR[act=00000000 buf=00000000 cnt=00000000 latch=00000000] RD[act=00000000 buf=801a9c07 cnt=00000255] block=4 cfg=0205 DSR=0 DTR=0 stat=0007 ctrl=0225 fifo=1
SIO1-DIAG t= 48274.566 cyc=1630696187 game read DATA=00 popped=1 fifo 1->0 stat=0005
SIO1-DIAG t= 48274.571 cyc=1630696230 DTR 0->1 (toggle #47) pc=80153d50 ctrl=0227
SIO1-DIAG t= 48274.572 cyc=1630696230 game wrote CTRL=0227 [TXEN=1 DTR=1 RXEN=1 RTS=1 ACK=0 RESET=0 RXIRQEN=0 TXIRQEN=0] stat=0005
SIO1-DIAG t= 48274.574 cyc=1630696230 TXFC dxr=1 xts=1 ctrl=0227 initial=0
SIO1-DIAG t= 48274.577 cyc=1630696230 TXMSG #79 size=6 bytes=12 04 08
SIO1-DIAG t= 48274.586 cyc=1630696253 LINKSTATE WR[act=00000000 buf=00000000 cnt=00000000 latch=00000000] RD[act=00000000 buf=801a9c08 cnt=00000254] block=4 cfg=0205 DSR=0 DTR=1 stat=0005 ctrl=0227 fifo=0
SIO1-DIAG t= 48274.589 cyc=1630696253 game read STAT=0005 ctrl=0227 [DSR=0 CTS=0 RXRDY=0] pc=80153c88 (prev value held for 2 reads) totalReads=33258
SIO1-DIAG t= 48279.231 cyc=1630721795 RXMSG #192 declared=5 got=5 bytes=0a 03 0a
SIO1-DIAG t= 48279.241 cyc=1630721795 RX accept #189 byte=00 fifo=1 ctrl=0227
SIO1-DIAG t= 48279.243 cyc=1630721795 RXMSG #193 declared=5 got=5 bytes=0a 03 0a
SIO1-DIAG t= 48279.252 cyc=1630721795 RX accept #190 byte=00 fifo=2 ctrl=0227
SIO1-DIAG t= 48279.253 cyc=1630721795 RXMSG #194 declared=5 got=5 bytes=0a 03 0a
SIO1-DIAG t= 48279.255 cyc=1630721795 RX accept #191 byte=00 fifo=3 ctrl=0227
SIO1-DIAG t= 48279.256 cyc=1630721795 DRAIN 3 messages in one poll
SIO1-DIAG t= 48279.258 cyc=1630721800 game read STAT=0007 ctrl=0227 [DSR=0 CTS=0 RXRDY=1] pc=80153ce4 (prev value held for 448 reads) totalReads=33707
SIO1-DIAG t= 48279.268 cyc=1630721817 game read DATA=00 popped=1 fifo 3->2 stat=0007
SIO1-DIAG t= 48279.271 cyc=1630721867 LINKSTATE WR[act=00000000 buf=00000000 cnt=00000000 latch=00000000] RD[act=00000000 buf=801a9c09 cnt=00000253] block=4 cfg=0205 DSR=0 DTR=1 stat=0007 ctrl=0227 fifo=2
SIO1-DIAG t= 48279.274 cyc=1630721895 game read DATA=00 popped=1 fifo 2->1 stat=0007
SIO1-DIAG t= 48279.275 cyc=1630721945 LINKSTATE WR[act=00000000 buf=00000000 cnt=00000000 latch=00000000] RD[act=00000000 buf=801a9c0a cnt=00000252] block=4 cfg=0205 DSR=0 DTR=1 stat=0007 ctrl=0227 fifo=1
SIO1-DIAG t= 48279.277 cyc=1630721973 game read DATA=00 popped=1 fifo 1->0 stat=0005
SIO1-DIAG t= 48279.278 cyc=1630722023 LINKSTATE WR[act=00000000 buf=00000000 cnt=00000000 latch=00000000] RD[act=00000000 buf=801a9c0b cnt=00000251] block=4 cfg=0205 DSR=0 DTR=1 stat=0005 ctrl=0227 fifo=0
SIO1-DIAG t= 48279.280 cyc=1630722023 game read STAT=0005 ctrl=0227 [DSR=0 CTS=0 RXRDY=0] pc=80153c88 (prev value held for 4 reads) totalReads=33712
SIO1-DIAG t= 48280.182 cyc=1630728242 RXMSG #195 declared=5 got=5 bytes=0a 03 0a
SIO1-DIAG t= 48280.185 cyc=1630728242 RX accept #192 byte=00 fifo=1 ctrl=0227
SIO1-DIAG t= 48280.187 cyc=1630728247 game read STAT=0007 ctrl=0227 [DSR=0 CTS=0 RXRDY=1] pc=80153ce4 (prev value held for 109 reads) totalReads=33822
SIO1-DIAG t= 48280.189 cyc=1630728264 game read DATA=00 popped=1 fifo 1->0 stat=0005
SIO1-DIAG t= 48280.191 cyc=1630728307 DTR 1->0 (toggle #48) pc=80153d50 ctrl=0225
SIO1-DIAG t= 48280.192 cyc=1630728307 game wrote CTRL=0225 [TXEN=1 DTR=0 RXEN=1 RTS=1 ACK=0 RESET=0 RXIRQEN=0 TXIRQEN=0] stat=0005
SIO1-DIAG t= 48280.198 cyc=1630728307 TXFC dxr=0 xts=1 ctrl=0225 initial=0
SIO1-DIAG t= 48280.200 cyc=1630728307 TXMSG #80 size=4 bytes=12 02 10
SIO1-DIAG t= 48280.205 cyc=1630728330 LINKSTATE WR[act=00000000 buf=00000000 cnt=00000000 latch=00000000] RD[act=00000000 buf=801a9c0c cnt=00000250] block=4 cfg=0205 DSR=0 DTR=0 stat=0005 ctrl=0225 fifo=0
SIO1-DIAG t= 48280.207 cyc=1630728330 game read STAT=0005 ctrl=0225 [DSR=0 CTS=0 RXRDY=0] pc=80153c88 (prev value held for 0 reads) totalReads=33823
SIO1-DIAG t= 48284.499 cyc=1630751841 RXMSG #196 declared=5 got=5 bytes=0a 03 0a
SIO1-DIAG t= 48284.507 cyc=1630751841 RX accept #193 byte=04 fifo=1 ctrl=0225
SIO1-DIAG t= 48284.509 cyc=1630751841 RXMSG #197 declared=5 got=5 bytes=0a 03 0a
SIO1-DIAG t= 48284.510 cyc=1630751841 RX accept #194 byte=00 fifo=2 ctrl=0225
SIO1-DIAG t= 48284.511 cyc=1630751841 RXMSG #198 declared=5 got=5 bytes=0a 03 0a
SIO1-DIAG t= 48284.512 cyc=1630751841 RX accept #195 byte=00 fifo=3 ctrl=0225
SIO1-DIAG t= 48284.513 cyc=1630751841 RXMSG #199 declared=5 got=5 bytes=0a 03 0a
SIO1-DIAG t= 48284.515 cyc=1630751841 RX accept #196 byte=00 fifo=4 ctrl=0225
SIO1-DIAG t= 48284.517 cyc=1630751841 DRAIN 4 messages in one poll
SIO1-DIAG t= 48284.518 cyc=1630751882 game read STAT=0007 ctrl=0225 [DSR=0 CTS=0 RXRDY=1] pc=80153ce4 (prev value held for 413 reads) totalReads=34237
SIO1-DIAG t= 48284.527 cyc=1630751899 game read DATA=04 popped=1 fifo 4->3 stat=0007
SIO1-DIAG t= 48284.528 cyc=1630751949 LINKSTATE WR[act=00000000 buf=00000000 cnt=00000000 latch=00000000] RD[act=00000000 buf=801a9c0d cnt=0000024f] block=4 cfg=0205 DSR=0 DTR=0 stat=0007 ctrl=0225 fifo=3
SIO1-DIAG t= 48284.531 cyc=1630751977 game read DATA=00 popped=1 fifo 3->2 stat=0007
SIO1-DIAG t= 48284.532 cyc=1630752027 LINKSTATE WR[act=00000000 buf=00000000 cnt=00000000 latch=00000000] RD[act=00000000 buf=801a9c0e cnt=0000024e] block=4 cfg=0205 DSR=0 DTR=0 stat=0007 ctrl=0225 fifo=2
SIO1-DIAG t= 48284.534 cyc=1630752055 game read DATA=00 popped=1 fifo 2->1 stat=0007
SIO1-DIAG t= 48284.540 cyc=1630752105 LINKSTATE WR[act=00000000 buf=00000000 cnt=00000000 latch=00000000] RD[act=00000000 buf=801a9c0f cnt=0000024d] block=4 cfg=0205 DSR=0 DTR=0 stat=0007 ctrl=0225 fifo=1
SIO1-DIAG t= 48284.542 cyc=1630752133 game read DATA=00 popped=1 fifo 1->0 stat=0005
SIO1-DIAG t= 48284.544 cyc=1630752176 DTR 0->1 (toggle #49) pc=80153d50 ctrl=0227
SIO1-DIAG t= 48284.546 cyc=1630752176 game wrote CTRL=0227 [TXEN=1 DTR=1 RXEN=1 RTS=1 ACK=0 RESET=0 RXIRQEN=0 TXIRQEN=0] stat=0005
SIO1-DIAG t= 48284.548 cyc=1630752176 TXFC dxr=1 xts=1 ctrl=0227 initial=0
SIO1-DIAG t= 48284.550 cyc=1630752176 TXMSG #81 size=6 bytes=12 04 08
SIO1-DIAG t= 48284.557 cyc=1630752199 LINKSTATE WR[act=00000000 buf=00000000 cnt=00000000 latch=00000000] RD[act=00000000 buf=801a9c10 cnt=0000024c] block=4 cfg=0205 DSR=0 DTR=1 stat=0005 ctrl=0227 fifo=0
SIO1-DIAG t= 48284.559 cyc=1630752199 game read STAT=0005 ctrl=0227 [DSR=0 CTS=0 RXRDY=0] pc=80153c88 (prev value held for 6 reads) totalReads=34244
SIO1-DIAG t= 48289.892 cyc=1630781882 RXMSG #200 declared=5 got=5 bytes=0a 03 0a
SIO1-DIAG t= 48289.901 cyc=1630781882 RX accept #197 byte=00 fifo=1 ctrl=0227
SIO1-DIAG t= 48289.903 cyc=1630781907 game read STAT=0007 ctrl=0227 [DSR=0 CTS=0 RXRDY=1] pc=80153ce4 (prev value held for 521 reads) totalReads=34766
SIO1-DIAG t= 48289.905 cyc=1630781924 game read DATA=00 popped=1 fifo 1->0 stat=0005
SIO1-DIAG t= 48289.907 cyc=1630781974 LINKSTATE WR[act=00000000 buf=00000000 cnt=00000000 latch=00000000] RD[act=00000000 buf=801a9c11 cnt=0000024b] block=4 cfg=0205 DSR=0 DTR=1 stat=0005 ctrl=0227 fifo=0
SIO1-DIAG t= 48289.909 cyc=1630781974 game read STAT=0005 ctrl=0227 [DSR=0 CTS=0 RXRDY=0] pc=80153c88 (prev value held for 0 reads) totalReads=34767
SIO1-DIAG t= 48289.916 cyc=1630784032 RXMSG #201 declared=5 got=5 bytes=0a 03 0a
SIO1-DIAG t= 48289.917 cyc=1630784032 RX accept #198 byte=00 fifo=1 ctrl=0227
SIO1-DIAG t= 48289.918 cyc=1630784032 RXMSG #202 declared=5 got=5 bytes=0a 03 0a
SIO1-DIAG t= 48289.919 cyc=1630784032 RX accept #199 byte=00 fifo=2 ctrl=0227
SIO1-DIAG t= 48289.920 cyc=1630784032 DRAIN 2 messages in one poll
SIO1-DIAG t= 48289.921 cyc=1630784037 game read STAT=0007 ctrl=0227 [DSR=0 CTS=0 RXRDY=1] pc=80153ce4 (prev value held for 36 reads) totalReads=34804
SIO1-DIAG t= 48289.922 cyc=1630784054 game read DATA=00 popped=1 fifo 2->1 stat=0007
SIO1-DIAG t= 48289.930 cyc=1630784104 LINKSTATE WR[act=00000000 buf=00000000 cnt=00000000 latch=00000000] RD[act=00000000 buf=801a9c12 cnt=0000024a] block=4 cfg=0205 DSR=0 DTR=1 stat=0007 ctrl=0227 fifo=1
SIO1-DIAG t= 48289.933 cyc=1630784132 game read DATA=00 popped=1 fifo 1->0 stat=0005
SIO1-DIAG t= 48289.935 cyc=1630784182 LINKSTATE WR[act=00000000 buf=00000000 cnt=00000000 latch=00000000] RD[act=00000000 buf=801a9c13 cnt=00000249] block=4 cfg=0205 DSR=0 DTR=1 stat=0005 ctrl=0227 fifo=0
SIO1-DIAG t= 48289.937 cyc=1630784182 game read STAT=0005 ctrl=0227 [DSR=0 CTS=0 RXRDY=0] pc=80153c88 (prev value held for 2 reads) totalReads=34807
SIO1-DIAG t= 48289.944 cyc=1630786183 RXMSG #203 declared=5 got=5 bytes=0a 03 0a
SIO1-DIAG t= 48289.945 cyc=1630786183 RX accept #200 byte=00 fifo=1 ctrl=0227
SIO1-DIAG t= 48289.946 cyc=1630786188 game read STAT=0007 ctrl=0227 [DSR=0 CTS=0 RXRDY=1] pc=80153ce4 (prev value held for 35 reads) totalReads=34843
SIO1-DIAG t= 48289.947 cyc=1630786205 game read DATA=00 popped=1 fifo 1->0 stat=0005
SIO1-DIAG t= 48289.948 cyc=1630786248 DTR 1->0 (toggle #50) pc=80153d50 ctrl=0225
SIO1-DIAG t= 48289.949 cyc=1630786248 game wrote CTRL=0225 [TXEN=1 DTR=0 RXEN=1 RTS=1 ACK=0 RESET=0 RXIRQEN=0 TXIRQEN=0] stat=0005
SIO1-DIAG t= 48289.951 cyc=1630786248 TXFC dxr=0 xts=1 ctrl=0225 initial=0
SIO1-DIAG t= 48289.954 cyc=1630786248 TXMSG #82 size=4 bytes=12 02 10
SIO1-DIAG t= 48289.964 cyc=1630786271 LINKSTATE WR[act=00000000 buf=00000000 cnt=00000000 latch=00000000] RD[act=00000000 buf=801a9c14 cnt=00000248] block=4 cfg=0205 DSR=0 DTR=0 stat=0005 ctrl=0225 fifo=0
SIO1-DIAG t= 48289.966 cyc=1630786271 game read STAT=0005 ctrl=0225 [DSR=0 CTS=0 RXRDY=0] pc=80153c88 (prev value held for 0 reads) totalReads=34844
SIO1-DIAG t= 48293.233 cyc=1630805490 RXMSG #204 declared=5 got=5 bytes=0a 03 0a
SIO1-DIAG t= 48293.243 cyc=1630805490 RX accept #201 byte=00 fifo=1 ctrl=0225
SIO1-DIAG t= 48293.245 cyc=1630805491 game read STAT=0007 ctrl=0225 [DSR=0 CTS=0 RXRDY=1] pc=80153ce4 (prev value held for 337 reads) totalReads=35182
SIO1-DIAG t= 48293.248 cyc=1630805508 game read DATA=00 popped=1 fifo 1->0 stat=0005
SIO1-DIAG t= 48293.250 cyc=1630805558 LINKSTATE WR[act=00000000 buf=00000000 cnt=00000000 latch=00000000] RD[act=00000000 buf=801a9c15 cnt=00000247] block=4 cfg=0205 DSR=0 DTR=0 stat=0005 ctrl=0225 fifo=0
SIO1-DIAG t= 48293.253 cyc=1630805558 game read STAT=0005 ctrl=0225 [DSR=0 CTS=0 RXRDY=0] pc=80153c88 (prev value held for 0 reads) totalReads=35183
SIO1-DIAG t= 48294.155 cyc=1630811928 RXMSG #205 declared=5 got=5 bytes=0a 03 0a
SIO1-DIAG t= 48294.159 cyc=1630811928 RX accept #202 byte=00 fifo=1 ctrl=0225
SIO1-DIAG t= 48294.160 cyc=1630811928 RXMSG #206 declared=5 got=5 bytes=0a 03 0a
SIO1-DIAG t= 48294.161 cyc=1630811928 RX accept #203 byte=00 fifo=2 ctrl=0225
SIO1-DIAG t= 48294.162 cyc=1630811928 RXMSG #207 declared=5 got=5 bytes=0a 03 0a
SIO1-DIAG t= 48294.163 cyc=1630811928 RX accept #204 byte=00 fifo=3 ctrl=0225
SIO1-DIAG t= 48294.164 cyc=1630811928 DRAIN 3 messages in one poll
SIO1-DIAG t= 48294.174 cyc=1630811953 game read STAT=0007 ctrl=0225 [DSR=0 CTS=0 RXRDY=1] pc=80153ce4 (prev value held for 112 reads) totalReads=35296
SIO1-DIAG t= 48294.175 cyc=1630811970 game read DATA=00 popped=1 fifo 3->2 stat=0007
SIO1-DIAG t= 48294.176 cyc=1630812020 LINKSTATE WR[act=00000000 buf=00000000 cnt=00000000 latch=00000000] RD[act=00000000 buf=801a9c16 cnt=00000246] block=4 cfg=0205 DSR=0 DTR=0 stat=0007 ctrl=0225 fifo=2
SIO1-DIAG t= 48294.178 cyc=1630812048 game read DATA=00 popped=1 fifo 2->1 stat=0007
SIO1-DIAG t= 48294.180 cyc=1630812098 LINKSTATE WR[act=00000000 buf=00000000 cnt=00000000 latch=00000000] RD[act=00000000 buf=801a9c17 cnt=00000245] block=4 cfg=0205 DSR=0 DTR=0 stat=0007 ctrl=0225 fifo=1
SIO1-DIAG t= 48294.183 cyc=1630812126 game read DATA=00 popped=1 fifo 1->0 stat=0005
SIO1-DIAG t= 48294.184 cyc=1630812169 DTR 0->1 (toggle #51) pc=80153d50 ctrl=0227
SIO1-DIAG t= 48294.186 cyc=1630812169 game wrote CTRL=0227 [TXEN=1 DTR=1 RXEN=1 RTS=1 ACK=0 RESET=0 RXIRQEN=0 TXIRQEN=0] stat=0005
SIO1-DIAG t= 48294.188 cyc=1630812169 TXFC dxr=1 xts=1 ctrl=0227 initial=0
SIO1-DIAG t= 48294.191 cyc=1630812169 TXMSG #83 size=6 bytes=12 04 08
SIO1-DIAG t= 48294.197 cyc=1630812192 LINKSTATE WR[act=00000000 buf=00000000 cnt=00000000 latch=00000000] RD[act=00000000 buf=801a9c18 cnt=00000244] block=4 cfg=0205 DSR=0 DTR=1 stat=0005 ctrl=0227 fifo=0
SIO1-DIAG t= 48294.202 cyc=1630812192 game read STAT=0005 ctrl=0227 [DSR=0 CTS=0 RXRDY=0] pc=80153c88 (prev value held for 4 reads) totalReads=35301
SIO1-DIAG t= 48300.110 cyc=1630844118 RXMSG #208 declared=5 got=5 bytes=0a 03 0a
SIO1-DIAG t= 48300.118 cyc=1630844118 RX accept #205 byte=00 fifo=1 ctrl=0227
SIO1-DIAG t= 48300.120 cyc=1630844118 RXMSG #209 declared=5 got=5 bytes=0a 03 0a
SIO1-DIAG t= 48300.121 cyc=1630844118 RX accept #206 byte=00 fifo=2 ctrl=0227
SIO1-DIAG t= 48300.123 cyc=1630844118 RXMSG #210 declared=5 got=5 bytes=0a 03 0a
SIO1-DIAG t= 48300.124 cyc=1630844118 RX accept #207 byte=00 fifo=3 ctrl=0227
SIO1-DIAG t= 48300.126 cyc=1630844118 RXMSG #211 declared=5 got=5 bytes=0a 03 0a
SIO1-DIAG t= 48300.127 cyc=1630844118 RX accept #208 byte=00 fifo=4 ctrl=0227
SIO1-DIAG t= 48300.129 cyc=1630844118 DRAIN 4 messages in one poll
SIO1-DIAG t= 48300.130 cyc=1630844123 game read STAT=0007 ctrl=0227 [DSR=0 CTS=0 RXRDY=1] pc=80153ce4 (prev value held for 560 reads) totalReads=35862
SIO1-DIAG t= 48300.133 cyc=1630844140 game read DATA=00 popped=1 fifo 4->3 stat=0007
SIO1-DIAG t= 48300.135 cyc=1630844190 LINKSTATE WR[act=00000000 buf=00000000 cnt=00000000 latch=00000000] RD[act=00000000 buf=801a9c19 cnt=00000243] block=4 cfg=0205 DSR=0 DTR=1 stat=0007 ctrl=0227 fifo=3
SIO1-DIAG t= 48300.138 cyc=1630844218 game read DATA=00 popped=1 fifo 3->2 stat=0007
SIO1-DIAG t= 48300.145 cyc=1630844268 LINKSTATE WR[act=00000000 buf=00000000 cnt=00000000 latch=00000000] RD[act=00000000 buf=801a9c1a cnt=00000242] block=4 cfg=0205 DSR=0 DTR=1 stat=0007 ctrl=0227 fifo=2
SIO1-DIAG t= 48300.148 cyc=1630844296 game read DATA=00 popped=1 fifo 2->1 stat=0007
SIO1-DIAG t= 48300.157 cyc=1630844346 LINKSTATE WR[act=00000000 buf=00000000 cnt=00000000 latch=00000000] RD[act=00000000 buf=801a9c1b cnt=00000241] block=4 cfg=0205 DSR=0 DTR=1 stat=0007 ctrl=0227 fifo=1
SIO1-DIAG t= 48300.160 cyc=1630844374 game read DATA=00 popped=1 fifo 1->0 stat=0005
SIO1-DIAG t= 48300.161 cyc=1630844417 DTR 1->0 (toggle #52) pc=80153d50 ctrl=0225
SIO1-DIAG t= 48300.163 cyc=1630844417 game wrote CTRL=0225 [TXEN=1 DTR=0 RXEN=1 RTS=1 ACK=0 RESET=0 RXIRQEN=0 TXIRQEN=0] stat=0005
SIO1-DIAG t= 48300.165 cyc=1630844417 TXFC dxr=0 xts=1 ctrl=0225 initial=0
SIO1-DIAG t= 48300.167 cyc=1630844417 TXMSG #84 size=4 bytes=12 02 10
SIO1-DIAG t= 48300.172 cyc=1630844440 LINKSTATE WR[act=00000000 buf=00000000 cnt=00000000 latch=00000000] RD[act=00000000 buf=801a9c1c cnt=00000240] block=4 cfg=0205 DSR=0 DTR=0 stat=0005 ctrl=0225 fifo=0
SIO1-DIAG t= 48300.174 cyc=1630844440 game read STAT=0005 ctrl=0225 [DSR=0 CTS=0 RXRDY=0] pc=80153c88 (prev value held for 6 reads) totalReads=35869
SIO1-DIAG t= 48304.112 cyc=1630865581 RXMSG #212 declared=5 got=5 bytes=0a 03 0a
SIO1-DIAG t= 48304.129 cyc=1630865581 RX accept #209 byte=04 fifo=1 ctrl=0225
SIO1-DIAG t= 48304.131 cyc=1630865581 RXMSG #213 declared=5 got=5 bytes=0a 03 0a
SIO1-DIAG t= 48304.132 cyc=1630865581 RX accept #210 byte=98 fifo=2 ctrl=0225
SIO1-DIAG t= 48304.133 cyc=1630865581 RXMSG #214 declared=5 got=5 bytes=0a 03 0a
SIO1-DIAG t= 48304.151 cyc=1630865581 RX accept #211 byte=01 fifo=3 ctrl=0225
SIO1-DIAG t= 48304.153 cyc=1630865581 RXMSG #215 declared=5 got=5 bytes=0a 03 0a
SIO1-DIAG t= 48304.154 cyc=1630865581 RX accept #212 byte=80 fifo=4 ctrl=0225
SIO1-DIAG t= 48304.155 cyc=1630865581 DRAIN 4 messages in one poll
SIO1-DIAG t= 48304.156 cyc=1630865598 game read STAT=0007 ctrl=0225 [DSR=0 CTS=0 RXRDY=1] pc=80153ce4 (prev value held for 371 reads) totalReads=36241
SIO1-DIAG t= 48304.158 cyc=1630865615 game read DATA=04 popped=1 fifo 4->3 stat=0007
SIO1-DIAG t= 48304.160 cyc=1630865665 LINKSTATE WR[act=00000000 buf=00000000 cnt=00000000 latch=00000000] RD[act=00000000 buf=801a9c1d cnt=0000023f] block=4 cfg=0205 DSR=0 DTR=0 stat=0007 ctrl=0225 fifo=3
SIO1-DIAG t= 48304.163 cyc=1630865693 game read DATA=98 popped=1 fifo 3->2 stat=0007
SIO1-DIAG t= 48304.164 cyc=1630865743 LINKSTATE WR[act=00000000 buf=00000000 cnt=00000000 latch=00000000] RD[act=00000000 buf=801a9c1e cnt=0000023e] block=4 cfg=0205 DSR=0 DTR=0 stat=0007 ctrl=0225 fifo=2
SIO1-DIAG t= 48304.166 cyc=1630865771 game read DATA=01 popped=1 fifo 2->1 stat=0007
SIO1-DIAG t= 48304.167 cyc=1630865821 LINKSTATE WR[act=00000000 buf=00000000 cnt=00000000 latch=00000000] RD[act=00000000 buf=801a9c1f cnt=0000023d] block=4 cfg=0205 DSR=0 DTR=0 stat=0007 ctrl=0225 fifo=1
SIO1-DIAG t= 48304.168 cyc=1630865849 game read DATA=80 popped=1 fifo 1->0 stat=0005
SIO1-DIAG t= 48304.170 cyc=1630865892 DTR 0->1 (toggle #53) pc=80153d50 ctrl=0227
SIO1-DIAG t= 48304.171 cyc=1630865892 game wrote CTRL=0227 [TXEN=1 DTR=1 RXEN=1 RTS=1 ACK=0 RESET=0 RXIRQEN=0 TXIRQEN=0] stat=0005
SIO1-DIAG t= 48304.174 cyc=1630865892 TXFC dxr=1 xts=1 ctrl=0227 initial=0
SIO1-DIAG t= 48304.176 cyc=1630865892 TXMSG #85 size=6 bytes=12 04 08
SIO1-DIAG t= 48304.182 cyc=1630865915 LINKSTATE WR[act=00000000 buf=00000000 cnt=00000000 latch=00000000] RD[act=00000000 buf=801a9c20 cnt=0000023c] block=4 cfg=0205 DSR=0 DTR=1 stat=0005 ctrl=0227 fifo=0
SIO1-DIAG t= 48304.184 cyc=1630865915 game read STAT=0005 ctrl=0227 [DSR=0 CTS=0 RXRDY=0] pc=80153c88 (prev value held for 6 reads) totalReads=36248
SIO1-DIAG t= 48307.491 cyc=1630882757 RXMSG #216 declared=5 got=5 bytes=0a 03 0a
SIO1-DIAG t= 48307.505 cyc=1630882757 RX accept #213 byte=03 fifo=1 ctrl=0227
SIO1-DIAG t= 48307.508 cyc=1630882798 game read STAT=0007 ctrl=0227 [DSR=0 CTS=0 RXRDY=1] pc=80153ce4 (prev value held for 296 reads) totalReads=36545
SIO1-DIAG t= 48307.517 cyc=1630882815 game read DATA=03 popped=1 fifo 1->0 stat=0005
SIO1-DIAG t= 48307.520 cyc=1630882865 LINKSTATE WR[act=00000000 buf=00000000 cnt=00000000 latch=00000000] RD[act=00000000 buf=801a9c21 cnt=0000023b] block=4 cfg=0205 DSR=0 DTR=1 stat=0005 ctrl=0227 fifo=0
SIO1-DIAG t= 48307.523 cyc=1630882865 game read STAT=0005 ctrl=0227 [DSR=0 CTS=0 RXRDY=0] pc=80153c88 (prev value held for 0 reads) totalReads=36546
SIO1-DIAG t= 48309.291 cyc=1630893477 RXMSG #217 declared=5 got=5 bytes=0a 03 0a
SIO1-DIAG t= 48309.302 cyc=1630893477 RX accept #214 byte=00 fifo=1 ctrl=0227
SIO1-DIAG t= 48309.304 cyc=1630893477 RXMSG #218 declared=5 got=5 bytes=0a 03 0a
SIO1-DIAG t= 48309.314 cyc=1630893477 RX accept #215 byte=00 fifo=2 ctrl=0227
SIO1-DIAG t= 48309.316 cyc=1630893477 RXMSG #219 declared=5 got=5 bytes=0a 03 0a
SIO1-DIAG t= 48309.318 cyc=1630893477 RX accept #216 byte=00 fifo=3 ctrl=0227
SIO1-DIAG t= 48309.319 cyc=1630893477 DRAIN 3 messages in one poll
SIO1-DIAG t= 48309.321 cyc=1630893478 game read STAT=0007 ctrl=0227 [DSR=0 CTS=0 RXRDY=1] pc=80153ce4 (prev value held for 186 reads) totalReads=36733
SIO1-DIAG t= 48309.325 cyc=1630893495 game read DATA=00 popped=1 fifo 3->2 stat=0007
SIO1-DIAG t= 48309.328 cyc=1630893545 LINKSTATE WR[act=00000000 buf=00000000 cnt=00000000 latch=00000000] RD[act=00000000 buf=801a9c22 cnt=0000023a] block=4 cfg=0205 DSR=0 DTR=1 stat=0007 ctrl=0227 fifo=2
SIO1-DIAG t= 48309.331 cyc=1630893573 game read DATA=00 popped=1 fifo 2->1 stat=0007
SIO1-DIAG t= 48309.333 cyc=1630893623 LINKSTATE WR[act=00000000 buf=00000000 cnt=00000000 latch=00000000] RD[act=00000000 buf=801a9c23 cnt=00000239] block=4 cfg=0205 DSR=0 DTR=1 stat=0007 ctrl=0227 fifo=1
SIO1-DIAG t= 48309.336 cyc=1630893651 game read DATA=00 popped=1 fifo 1->0 stat=0005
SIO1-DIAG t= 48309.338 cyc=1630893694 DTR 1->0 (toggle #54) pc=80153d50 ctrl=0225
SIO1-DIAG t= 48309.339 cyc=1630893694 game wrote CTRL=0225 [TXEN=1 DTR=0 RXEN=1 RTS=1 ACK=0 RESET=0 RXIRQEN=0 TXIRQEN=0] stat=0005
SIO1-DIAG t= 48309.341 cyc=1630893694 TXFC dxr=0 xts=1 ctrl=0225 initial=0
SIO1-DIAG t= 48309.345 cyc=1630893694 TXMSG #86 size=4 bytes=12 02 10
SIO1-DIAG t= 48309.351 cyc=1630893717 LINKSTATE WR[act=00000000 buf=00000000 cnt=00000000 latch=00000000] RD[act=00000000 buf=801a9c24 cnt=00000238] block=4 cfg=0205 DSR=0 DTR=0 stat=0005 ctrl=0225 fifo=0
SIO1-DIAG t= 48309.353 cyc=1630893717 game read STAT=0005 ctrl=0225 [DSR=0 CTS=0 RXRDY=0] pc=80153c88 (prev value held for 4 reads) totalReads=36738
SIO1-DIAG t= 48310.572 cyc=1630900853 STAT poll sample pc=80153ce4 stat=0005 reads=36864
SIO1-DIAG t= 48315.683 cyc=1630927813 RXMSG #220 declared=5 got=5 bytes=0a 03 0a
SIO1-DIAG t= 48315.689 cyc=1630927813 RX accept #217 byte=6e fifo=1 ctrl=0225
SIO1-DIAG t= 48315.691 cyc=1630927813 RXMSG #221 declared=5 got=5 bytes=0a 03 0a
SIO1-DIAG t= 48315.692 cyc=1630927813 RX accept #218 byte=01 fifo=2 ctrl=0225
SIO1-DIAG t= 48315.693 cyc=1630927813 RXMSG #222 declared=5 got=5 bytes=0a 03 0a
SIO1-DIAG t= 48315.694 cyc=1630927813 RX accept #219 byte=00 fifo=3 ctrl=0225
SIO1-DIAG t= 48315.695 cyc=1630927813 RXMSG #223 declared=5 got=5 bytes=0a 03 0a
SIO1-DIAG t= 48315.696 cyc=1630927813 RX accept #220 byte=00 fifo=4 ctrl=0225
SIO1-DIAG t= 48315.697 cyc=1630927813 DRAIN 4 messages in one poll
SIO1-DIAG t= 48315.698 cyc=1630927814 game read STAT=0007 ctrl=0225 [DSR=0 CTS=0 RXRDY=1] pc=80153ce4 (prev value held for 598 reads) totalReads=37337
SIO1-DIAG t= 48315.701 cyc=1630927831 game read DATA=6e popped=1 fifo 4->3 stat=0007
SIO1-DIAG t= 48315.713 cyc=1630927881 LINKSTATE WR[act=00000000 buf=00000000 cnt=00000000 latch=00000000] RD[act=00000000 buf=801a9c25 cnt=00000237] block=4 cfg=0205 DSR=0 DTR=0 stat=0007 ctrl=0225 fifo=3
SIO1-DIAG t= 48315.716 cyc=1630927909 game read DATA=01 popped=1 fifo 3->2 stat=0007
SIO1-DIAG t= 48315.718 cyc=1630927959 LINKSTATE WR[act=00000000 buf=00000000 cnt=00000000 latch=00000000] RD[act=00000000 buf=801a9c26 cnt=00000236] block=4 cfg=0205 DSR=0 DTR=0 stat=0007 ctrl=0225 fifo=2
SIO1-DIAG t= 48315.725 cyc=1630927987 game read DATA=00 popped=1 fifo 2->1 stat=0007
SIO1-DIAG t= 48315.726 cyc=1630928037 LINKSTATE WR[act=00000000 buf=00000000 cnt=00000000 latch=00000000] RD[act=00000000 buf=801a9c27 cnt=00000235] block=4 cfg=0205 DSR=0 DTR=0 stat=0007 ctrl=0225 fifo=1
SIO1-DIAG t= 48315.729 cyc=1630928065 game read DATA=00 popped=1 fifo 1->0 stat=0005
SIO1-DIAG t= 48315.730 cyc=1630928108 DTR 0->1 (toggle #55) pc=80153d50 ctrl=0227
SIO1-DIAG t= 48315.732 cyc=1630928108 game wrote CTRL=0227 [TXEN=1 DTR=1 RXEN=1 RTS=1 ACK=0 RESET=0 RXIRQEN=0 TXIRQEN=0] stat=0005
SIO1-DIAG t= 48315.734 cyc=1630928108 TXFC dxr=1 xts=1 ctrl=0227 initial=0
SIO1-DIAG t= 48315.736 cyc=1630928108 TXMSG #87 size=6 bytes=12 04 08
SIO1-DIAG t= 48315.742 cyc=1630928131 LINKSTATE WR[act=00000000 buf=00000000 cnt=00000000 latch=00000000] RD[act=00000000 buf=801a9c28 cnt=00000234] block=4 cfg=0205 DSR=0 DTR=1 stat=0005 ctrl=0227 fifo=0
SIO1-DIAG t= 48315.747 cyc=1630928131 game read STAT=0005 ctrl=0227 [DSR=0 CTS=0 RXRDY=0] pc=80153c88 (prev value held for 6 reads) totalReads=37344
SIO1-DIAG t= 48319.241 cyc=1630947139 RXMSG #224 declared=5 got=5 bytes=0a 03 0a
SIO1-DIAG t= 48319.248 cyc=1630947139 RX accept #221 byte=26 fifo=1 ctrl=0227
SIO1-DIAG t= 48319.251 cyc=1630947139 RXMSG #225 declared=5 got=5 bytes=0a 03 0a
SIO1-DIAG t= 48319.252 cyc=1630947139 RX accept #222 byte=00 fifo=2 ctrl=0227
SIO1-DIAG t= 48319.254 cyc=1630947139 RXMSG #226 declared=5 got=5 bytes=0a 03 0a
SIO1-DIAG t= 48319.256 cyc=1630947139 RX accept #223 byte=00 fifo=3 ctrl=0227
SIO1-DIAG t= 48319.257 cyc=1630947139 RXMSG #227 declared=5 got=5 bytes=0a 03 0a
SIO1-DIAG t= 48319.258 cyc=1630947139 RX accept #224 byte=00 fifo=4 ctrl=0227
SIO1-DIAG t= 48319.259 cyc=1630947139 DRAIN 4 messages in one poll
SIO1-DIAG t= 48319.260 cyc=1630947180 game read STAT=0007 ctrl=0227 [DSR=0 CTS=0 RXRDY=1] pc=80153ce4 (prev value held for 334 reads) totalReads=37679
SIO1-DIAG t= 48319.262 cyc=1630947197 game read DATA=26 popped=1 fifo 4->3 stat=0007
SIO1-DIAG t= 48319.263 cyc=1630947247 LINKSTATE WR[act=00000000 buf=00000000 cnt=00000000 latch=00000000] RD[act=00000000 buf=801a9c29 cnt=00000233] block=4 cfg=0205 DSR=0 DTR=1 stat=0007 ctrl=0227 fifo=3
SIO1-DIAG t= 48319.265 cyc=1630947275 game read DATA=00 popped=1 fifo 3->2 stat=0007
SIO1-DIAG t= 48319.266 cyc=1630947325 LINKSTATE WR[act=00000000 buf=00000000 cnt=00000000 latch=00000000] RD[act=00000000 buf=801a9c2a cnt=00000232] block=4 cfg=0205 DSR=0 DTR=1 stat=0007 ctrl=0227 fifo=2
SIO1-DIAG t= 48319.276 cyc=1630947353 game read DATA=00 popped=1 fifo 2->1 stat=0007
SIO1-DIAG t= 48319.277 cyc=1630947403 LINKSTATE WR[act=00000000 buf=00000000 cnt=00000000 latch=00000000] RD[act=00000000 buf=801a9c2b cnt=00000231] block=4 cfg=0205 DSR=0 DTR=1 stat=0007 ctrl=0227 fifo=1
SIO1-DIAG t= 48319.279 cyc=1630947431 game read DATA=00 popped=1 fifo 1->0 stat=0005
SIO1-DIAG t= 48319.280 cyc=1630947474 DTR 1->0 (toggle #56) pc=80153d50 ctrl=0225
SIO1-DIAG t= 48319.281 cyc=1630947474 game wrote CTRL=0225 [TXEN=1 DTR=0 RXEN=1 RTS=1 ACK=0 RESET=0 RXIRQEN=0 TXIRQEN=0] stat=0005
SIO1-DIAG t= 48319.283 cyc=1630947474 TXFC dxr=0 xts=1 ctrl=0225 initial=0
SIO1-DIAG t= 48319.285 cyc=1630947474 TXMSG #88 size=4 bytes=12 02 10
SIO1-DIAG t= 48319.289 cyc=1630947497 LINKSTATE WR[act=00000000 buf=00000000 cnt=00000000 latch=00000000] RD[act=00000000 buf=801a9c2c cnt=00000230] block=4 cfg=0205 DSR=0 DTR=0 stat=0005 ctrl=0225 fifo=0
SIO1-DIAG t= 48319.291 cyc=1630947497 game read STAT=0005 ctrl=0225 [DSR=0 CTS=0 RXRDY=0] pc=80153c88 (prev value held for 6 reads) totalReads=37686
SIO1-DIAG t= 48322.491 cyc=1630964292 RXMSG #228 declared=5 got=5 bytes=0a 03 0a
SIO1-DIAG t= 48322.497 cyc=1630964292 RX accept #225 byte=32 fifo=1 ctrl=0225
SIO1-DIAG t= 48322.498 cyc=1630964292 RXMSG #229 declared=5 got=5 bytes=0a 03 0a
SIO1-DIAG t= 48322.499 cyc=1630964292 RX accept #226 byte=00 fifo=2 ctrl=0225
SIO1-DIAG t= 48322.501 cyc=1630964292 RXMSG #230 declared=5 got=5 bytes=0a 03 0a
SIO1-DIAG t= 48322.507 cyc=1630964292 RX accept #227 byte=00 fifo=3 ctrl=0225
SIO1-DIAG t= 48322.512 cyc=1630964292 RXMSG #231 declared=5 got=5 bytes=0a 03 0a
SIO1-DIAG t= 48322.514 cyc=1630964292 RX accept #228 byte=00 fifo=4 ctrl=0225
SIO1-DIAG t= 48322.516 cyc=1630964292 DRAIN 4 messages in one poll
SIO1-DIAG t= 48322.517 cyc=1630964323 game read STAT=0007 ctrl=0225 [DSR=0 CTS=0 RXRDY=1] pc=80153ce4 (prev value held for 295 reads) totalReads=37982
SIO1-DIAG t= 48322.520 cyc=1630964340 game read DATA=32 popped=1 fifo 4->3 stat=0007
SIO1-DIAG t= 48322.522 cyc=1630964390 LINKSTATE WR[act=00000000 buf=00000000 cnt=00000000 latch=00000000] RD[act=00000000 buf=801a9c2d cnt=0000022f] block=4 cfg=0205 DSR=0 DTR=0 stat=0007 ctrl=0225 fifo=3
SIO1-DIAG t= 48322.524 cyc=1630964418 game read DATA=00 popped=1 fifo 3->2 stat=0007
SIO1-DIAG t= 48322.526 cyc=1630964468 LINKSTATE WR[act=00000000 buf=00000000 cnt=00000000 latch=00000000] RD[act=00000000 buf=801a9c2e cnt=0000022e] block=4 cfg=0205 DSR=0 DTR=0 stat=0007 ctrl=0225 fifo=2
SIO1-DIAG t= 48322.528 cyc=1630964496 game read DATA=00 popped=1 fifo 2->1 stat=0007
SIO1-DIAG t= 48322.529 cyc=1630964546 LINKSTATE WR[act=00000000 buf=00000000 cnt=00000000 latch=00000000] RD[act=00000000 buf=801a9c2f cnt=0000022d] block=4 cfg=0205 DSR=0 DTR=0 stat=0007 ctrl=0225 fifo=1
SIO1-DIAG t= 48322.532 cyc=1630964574 game read DATA=00 popped=1 fifo 1->0 stat=0005
SIO1-DIAG t= 48322.533 cyc=1630964617 DTR 0->1 (toggle #57) pc=80153d50 ctrl=0227
SIO1-DIAG t= 48322.537 cyc=1630964617 game wrote CTRL=0227 [TXEN=1 DTR=1 RXEN=1 RTS=1 ACK=0 RESET=0 RXIRQEN=0 TXIRQEN=0] stat=0005
SIO1-DIAG t= 48322.539 cyc=1630964617 TXFC dxr=1 xts=1 ctrl=0227 initial=0
SIO1-DIAG t= 48322.541 cyc=1630964617 TXMSG #89 size=6 bytes=12 04 08
SIO1-DIAG t= 48322.547 cyc=1630964640 LINKSTATE WR[act=00000000 buf=00000000 cnt=00000000 latch=00000000] RD[act=00000000 buf=801a9c30 cnt=0000022c] block=4 cfg=0205 DSR=0 DTR=1 stat=0005 ctrl=0227 fifo=0
SIO1-DIAG t= 48322.549 cyc=1630964640 game read STAT=0005 ctrl=0227 [DSR=0 CTS=0 RXRDY=0] pc=80153c88 (prev value held for 6 reads) totalReads=37989
SIO1-DIAG t= 48325.710 cyc=1630981461 RXMSG #232 declared=5 got=5 bytes=0a 03 0a
SIO1-DIAG t= 48325.715 cyc=1630981461 RX accept #229 byte=0d fifo=1 ctrl=0227
SIO1-DIAG t= 48325.717 cyc=1630981461 RXMSG #233 declared=5 got=5 bytes=0a 03 0a
SIO1-DIAG t= 48325.718 cyc=1630981461 RX accept #230 byte=00 fifo=2 ctrl=0227
SIO1-DIAG t= 48325.719 cyc=1630981461 RXMSG #234 declared=5 got=5 bytes=0a 03 0a
SIO1-DIAG t= 48325.720 cyc=1630981461 RX accept #231 byte=00 fifo=3 ctrl=0227
SIO1-DIAG t= 48325.721 cyc=1630981461 RXMSG #235 declared=5 got=5 bytes=0a 03 0a
SIO1-DIAG t= 48325.722 cyc=1630981461 RX accept #232 byte=00 fifo=4 ctrl=0227
SIO1-DIAG t= 48325.724 cyc=1630981461 DRAIN 4 messages in one poll
SIO1-DIAG t= 48325.730 cyc=1630981466 game read STAT=0007 ctrl=0227 [DSR=0 CTS=0 RXRDY=1] pc=80153ce4 (prev value held for 295 reads) totalReads=38285
SIO1-DIAG t= 48325.732 cyc=1630981483 game read DATA=0d popped=1 fifo 4->3 stat=0007
SIO1-DIAG t= 48325.735 cyc=1630981533 LINKSTATE WR[act=00000000 buf=00000000 cnt=00000000 latch=00000000] RD[act=00000000 buf=801a9c31 cnt=0000022b] block=4 cfg=0205 DSR=0 DTR=1 stat=0007 ctrl=0227 fifo=3
SIO1-DIAG t= 48325.738 cyc=1630981561 game read DATA=00 popped=1 fifo 3->2 stat=0007
SIO1-DIAG t= 48325.739 cyc=1630981611 LINKSTATE WR[act=00000000 buf=00000000 cnt=00000000 latch=00000000] RD[act=00000000 buf=801a9c32 cnt=0000022a] block=4 cfg=0205 DSR=0 DTR=1 stat=0007 ctrl=0227 fifo=2
SIO1-DIAG t= 48325.742 cyc=1630981639 game read DATA=00 popped=1 fifo 2->1 stat=0007
SIO1-DIAG t= 48325.743 cyc=1630981689 LINKSTATE WR[act=00000000 buf=00000000 cnt=00000000 latch=00000000] RD[act=00000000 buf=801a9c33 cnt=00000229] block=4 cfg=0205 DSR=0 DTR=1 stat=0007 ctrl=0227 fifo=1
SIO1-DIAG t= 48325.745 cyc=1630981717 game read DATA=00 popped=1 fifo 1->0 stat=0005
SIO1-DIAG t= 48325.746 cyc=1630981760 DTR 1->0 (toggle #58) pc=80153d50 ctrl=0225
SIO1-DIAG t= 48325.747 cyc=1630981760 game wrote CTRL=0225 [TXEN=1 DTR=0 RXEN=1 RTS=1 ACK=0 RESET=0 RXIRQEN=0 TXIRQEN=0] stat=0005
SIO1-DIAG t= 48325.749 cyc=1630981760 TXFC dxr=0 xts=1 ctrl=0225 initial=0
SIO1-DIAG t= 48325.754 cyc=1630981760 TXMSG #90 size=4 bytes=12 02 10
SIO1-DIAG t= 48325.762 cyc=1630981783 LINKSTATE WR[act=00000000 buf=00000000 cnt=00000000 latch=00000000] RD[act=00000000 buf=801a9c34 cnt=00000228] block=4 cfg=0205 DSR=0 DTR=0 stat=0005 ctrl=0225 fifo=0
SIO1-DIAG t= 48325.764 cyc=1630981783 game read STAT=0005 ctrl=0225 [DSR=0 CTS=0 RXRDY=0] pc=80153c88 (prev value held for 6 reads) totalReads=38292
SIO1-DIAG t= 48328.994 cyc=1630998635 RXMSG #236 declared=5 got=5 bytes=0a 03 0a
SIO1-DIAG t= 48328.999 cyc=1630998635 RX accept #233 byte=01 fifo=1 ctrl=0225
SIO1-DIAG t= 48329.000 cyc=1630998635 RXMSG #237 declared=5 got=5 bytes=0a 03 0a
SIO1-DIAG t= 48329.001 cyc=1630998635 RX accept #234 byte=00 fifo=2 ctrl=0225
SIO1-DIAG t= 48329.002 cyc=1630998635 RXMSG #238 declared=5 got=5 bytes=0a 03 0a
SIO1-DIAG t= 48329.003 cyc=1630998635 RX accept #235 byte=00 fifo=3 ctrl=0225
SIO1-DIAG t= 48329.005 cyc=1630998635 RXMSG #239 declared=5 got=5 bytes=0a 03 0a
SIO1-DIAG t= 48329.006 cyc=1630998635 RX accept #236 byte=00 fifo=4 ctrl=0225
SIO1-DIAG t= 48329.007 cyc=1630998635 DRAIN 4 messages in one poll
SIO1-DIAG t= 48329.008 cyc=1630998666 game read STAT=0007 ctrl=0225 [DSR=0 CTS=0 RXRDY=1] pc=80153ce4 (prev value held for 296 reads) totalReads=38589
SIO1-DIAG t= 48329.009 cyc=1630998683 game read DATA=01 popped=1 fifo 4->3 stat=0007
SIO1-DIAG t= 48329.011 cyc=1630998733 LINKSTATE WR[act=00000000 buf=00000000 cnt=00000000 latch=00000000] RD[act=00000000 buf=801a9c35 cnt=00000227] block=4 cfg=0205 DSR=0 DTR=0 stat=0007 ctrl=0225 fifo=3
SIO1-DIAG t= 48329.012 cyc=1630998761 game read DATA=00 popped=1 fifo 3->2 stat=0007
SIO1-DIAG t= 48329.018 cyc=1630998811 LINKSTATE WR[act=00000000 buf=00000000 cnt=00000000 latch=00000000] RD[act=00000000 buf=801a9c36 cnt=00000226] block=4 cfg=0205 DSR=0 DTR=0 stat=0007 ctrl=0225 fifo=2
SIO1-DIAG t= 48329.020 cyc=1630998839 game read DATA=00 popped=1 fifo 2->1 stat=0007
SIO1-DIAG t= 48329.022 cyc=1630998889 LINKSTATE WR[act=00000000 buf=00000000 cnt=00000000 latch=00000000] RD[act=00000000 buf=801a9c37 cnt=00000225] block=4 cfg=0205 DSR=0 DTR=0 stat=0007 ctrl=0225 fifo=1
SIO1-DIAG t= 48329.024 cyc=1630998917 game read DATA=00 popped=1 fifo 1->0 stat=0005
SIO1-DIAG t= 48329.025 cyc=1630998960 DTR 0->1 (toggle #59) pc=80153d50 ctrl=0227
SIO1-DIAG t= 48329.026 cyc=1630998960 game wrote CTRL=0227 [TXEN=1 DTR=1 RXEN=1 RTS=1 ACK=0 RESET=0 RXIRQEN=0 TXIRQEN=0] stat=0005
SIO1-DIAG t= 48329.028 cyc=1630998960 TXFC dxr=1 xts=1 ctrl=0227 initial=0
SIO1-DIAG t= 48329.029 cyc=1630998960 TXMSG #91 size=6 bytes=12 04 08
SIO1-DIAG t= 48329.036 cyc=1630998983 LINKSTATE WR[act=00000000 buf=00000000 cnt=00000000 latch=00000000] RD[act=00000000 buf=801a9c38 cnt=00000224] block=4 cfg=0205 DSR=0 DTR=1 stat=0005 ctrl=0227 fifo=0
SIO1-DIAG t= 48329.038 cyc=1630998983 game read STAT=0005 ctrl=0227 [DSR=0 CTS=0 RXRDY=0] pc=80153c88 (prev value held for 6 reads) totalReads=38596
SIO1-DIAG t= 48332.354 cyc=1631017944 RXMSG #240 declared=5 got=5 bytes=0a 03 0a
SIO1-DIAG t= 48332.359 cyc=1631017944 RX accept #237 byte=1c fifo=1 ctrl=0227
SIO1-DIAG t= 48332.360 cyc=1631017944 RXMSG #241 declared=5 got=5 bytes=0a 03 0a
SIO1-DIAG t= 48332.366 cyc=1631017944 RX accept #238 byte=00 fifo=2 ctrl=0227
SIO1-DIAG t= 48332.370 cyc=1631017944 RXMSG #242 declared=5 got=5 bytes=0a 03 0a
SIO1-DIAG t= 48332.371 cyc=1631017944 RX accept #239 byte=00 fifo=3 ctrl=0227
SIO1-DIAG t= 48332.372 cyc=1631017944 RXMSG #243 declared=5 got=5 bytes=0a 03 0a
SIO1-DIAG t= 48332.373 cyc=1631017944 RX accept #240 byte=00 fifo=4 ctrl=0227
SIO1-DIAG t= 48332.374 cyc=1631017944 DRAIN 4 messages in one poll
SIO1-DIAG t= 48332.375 cyc=1631017975 game read STAT=0007 ctrl=0227 [DSR=0 CTS=0 RXRDY=1] pc=80153ce4 (prev value held for 333 reads) totalReads=38930
SIO1-DIAG t= 48332.376 cyc=1631017992 game read DATA=1c popped=1 fifo 4->3 stat=0007
SIO1-DIAG t= 48332.378 cyc=1631018042 LINKSTATE WR[act=00000000 buf=00000000 cnt=00000000 latch=00000000] RD[act=00000000 buf=801a9c39 cnt=00000223] block=4 cfg=0205 DSR=0 DTR=1 stat=0007 ctrl=0227 fifo=3
SIO1-DIAG t= 48332.383 cyc=1631018070 game read DATA=00 popped=1 fifo 3->2 stat=0007
SIO1-DIAG t= 48332.385 cyc=1631018120 LINKSTATE WR[act=00000000 buf=00000000 cnt=00000000 latch=00000000] RD[act=00000000 buf=801a9c3a cnt=00000222] block=4 cfg=0205 DSR=0 DTR=1 stat=0007 ctrl=0227 fifo=2
SIO1-DIAG t= 48332.388 cyc=1631018148 game read DATA=00 popped=1 fifo 2->1 stat=0007
SIO1-DIAG t= 48332.389 cyc=1631018198 LINKSTATE WR[act=00000000 buf=00000000 cnt=00000000 latch=00000000] RD[act=00000000 buf=801a9c3b cnt=00000221] block=4 cfg=0205 DSR=0 DTR=1 stat=0007 ctrl=0227 fifo=1
SIO1-DIAG t= 48332.392 cyc=1631018226 game read DATA=00 popped=1 fifo 1->0 stat=0005
SIO1-DIAG t= 48332.395 cyc=1631018269 DTR 1->0 (toggle #60) pc=80153d50 ctrl=0225
SIO1-DIAG t= 48332.397 cyc=1631018269 game wrote CTRL=0225 [TXEN=1 DTR=0 RXEN=1 RTS=1 ACK=0 RESET=0 RXIRQEN=0 TXIRQEN=0] stat=0005
SIO1-DIAG t= 48332.398 cyc=1631018269 TXFC dxr=0 xts=1 ctrl=0225 initial=0
SIO1-DIAG t= 48332.400 cyc=1631018269 TXMSG #92 size=4 bytes=12 02 10
SIO1-DIAG t= 48332.405 cyc=1631018292 LINKSTATE WR[act=00000000 buf=00000000 cnt=00000000 latch=00000000] RD[act=00000000 buf=801a9c3c cnt=00000220] block=4 cfg=0205 DSR=0 DTR=0 stat=0005 ctrl=0225 fifo=0
SIO1-DIAG t= 48332.408 cyc=1631018292 game read STAT=0005 ctrl=0225 [DSR=0 CTS=0 RXRDY=0] pc=80153c88 (prev value held for 6 reads) totalReads=38937
SIO1-DIAG t= 48336.109 cyc=1631039409 RXMSG #244 declared=5 got=5 bytes=0a 03 0a
SIO1-DIAG t= 48336.115 cyc=1631039409 RX accept #241 byte=6a fifo=1 ctrl=0225
SIO1-DIAG t= 48336.116 cyc=1631039409 RXMSG #245 declared=5 got=5 bytes=0a 03 0a
SIO1-DIAG t= 48336.117 cyc=1631039409 RX accept #242 byte=00 fifo=2 ctrl=0225
SIO1-DIAG t= 48336.118 cyc=1631039409 RXMSG #246 declared=5 got=5 bytes=0a 03 0a
SIO1-DIAG t= 48336.120 cyc=1631039409 RX accept #243 byte=00 fifo=3 ctrl=0225
SIO1-DIAG t= 48336.121 cyc=1631039409 RXMSG #247 declared=5 got=5 bytes=0a 03 0a
SIO1-DIAG t= 48336.122 cyc=1631039409 RX accept #244 byte=00 fifo=4 ctrl=0225
SIO1-DIAG t= 48336.128 cyc=1631039409 DRAIN 4 messages in one poll
SIO1-DIAG t= 48336.129 cyc=1631039450 game read STAT=0007 ctrl=0225 [DSR=0 CTS=0 RXRDY=1] pc=80153ce4 (prev value held for 371 reads) totalReads=39309
SIO1-DIAG t= 48336.131 cyc=1631039467 game read DATA=6a popped=1 fifo 4->3 stat=0007
SIO1-DIAG t= 48336.133 cyc=1631039517 LINKSTATE WR[act=00000000 buf=00000000 cnt=00000000 latch=00000000] RD[act=00000000 buf=801a9c3d cnt=0000021f] block=4 cfg=0205 DSR=0 DTR=0 stat=0007 ctrl=0225 fifo=3
SIO1-DIAG t= 48336.135 cyc=1631039545 game read DATA=00 popped=1 fifo 3->2 stat=0007
SIO1-DIAG t= 48336.136 cyc=1631039595 LINKSTATE WR[act=00000000 buf=00000000 cnt=00000000 latch=00000000] RD[act=00000000 buf=801a9c3e cnt=0000021e] block=4 cfg=0205 DSR=0 DTR=0 stat=0007 ctrl=0225 fifo=2
SIO1-DIAG t= 48336.138 cyc=1631039623 game read DATA=00 popped=1 fifo 2->1 stat=0007
SIO1-DIAG t= 48336.139 cyc=1631039673 LINKSTATE WR[act=00000000 buf=00000000 cnt=00000000 latch=00000000] RD[act=00000000 buf=801a9c3f cnt=0000021d] block=4 cfg=0205 DSR=0 DTR=0 stat=0007 ctrl=0225 fifo=1
SIO1-DIAG t= 48336.140 cyc=1631039701 game read DATA=00 popped=1 fifo 1->0 stat=0005
SIO1-DIAG t= 48336.141 cyc=1631039744 DTR 0->1 (toggle #61) pc=80153d50 ctrl=0227
SIO1-DIAG t= 48336.142 cyc=1631039744 game wrote CTRL=0227 [TXEN=1 DTR=1 RXEN=1 RTS=1 ACK=0 RESET=0 RXIRQEN=0 TXIRQEN=0] stat=0005
SIO1-DIAG t= 48336.144 cyc=1631039744 TXFC dxr=1 xts=1 ctrl=0227 initial=0
SIO1-DIAG t= 48336.145 cyc=1631039744 TXMSG #93 size=6 bytes=12 04 08
SIO1-DIAG t= 48336.169 cyc=1631039767 LINKSTATE WR[act=00000000 buf=00000000 cnt=00000000 latch=00000000] RD[act=00000000 buf=801a9c40 cnt=0000021c] block=4 cfg=0205 DSR=0 DTR=1 stat=0005 ctrl=0227 fifo=0
SIO1-DIAG t= 48336.170 cyc=1631039767 game read STAT=0005 ctrl=0227 [DSR=0 CTS=0 RXRDY=0] pc=80153c88 (prev value held for 6 reads) totalReads=39316
SIO1-DIAG t= 48340.813 cyc=1631065159 RXMSG #248 declared=5 got=5 bytes=0a 03 0a
SIO1-DIAG t= 48340.817 cyc=1631065159 RX accept #245 byte=01 fifo=1 ctrl=0227
SIO1-DIAG t= 48340.824 cyc=1631065159 RXMSG #249 declared=5 got=5 bytes=0a 03 0a
SIO1-DIAG t= 48340.826 cyc=1631065159 RX accept #246 byte=00 fifo=2 ctrl=0227
SIO1-DIAG t= 48340.827 cyc=1631065159 DRAIN 2 messages in one poll
SIO1-DIAG t= 48340.829 cyc=1631065200 game read STAT=0007 ctrl=0227 [DSR=0 CTS=0 RXRDY=1] pc=80153ce4 (prev value held for 446 reads) totalReads=39763
SIO1-DIAG t= 48340.831 cyc=1631065217 game read DATA=01 popped=1 fifo 2->1 stat=0007
SIO1-DIAG t= 48340.832 cyc=1631065267 LINKSTATE WR[act=00000000 buf=00000000 cnt=00000000 latch=00000000] RD[act=00000000 buf=801a9c41 cnt=0000021b] block=4 cfg=0205 DSR=0 DTR=1 stat=0007 ctrl=0227 fifo=1
SIO1-DIAG t= 48340.835 cyc=1631065295 game read DATA=00 popped=1 fifo 1->0 stat=0005
SIO1-DIAG t= 48340.836 cyc=1631065345 LINKSTATE WR[act=00000000 buf=00000000 cnt=00000000 latch=00000000] RD[act=00000000 buf=801a9c42 cnt=0000021a] block=4 cfg=0205 DSR=0 DTR=1 stat=0005 ctrl=0227 fifo=0
SIO1-DIAG t= 48340.838 cyc=1631065345 game read STAT=0005 ctrl=0227 [DSR=0 CTS=0 RXRDY=0] pc=80153c88 (prev value held for 2 reads) totalReads=39766
SIO1-DIAG t= 48340.850 cyc=1631067310 RXMSG #250 declared=5 got=5 bytes=0a 03 0a
SIO1-DIAG t= 48340.851 cyc=1631067310 RX accept #247 byte=00 fifo=1 ctrl=0227
SIO1-DIAG t= 48341.697 cyc=1631069446 RXMSG #251 declared=5 got=5 bytes=0a 03 0a
SIO1-DIAG t= 48341.711 cyc=1631069446 RX accept #248 byte=00 fifo=2 ctrl=0227
SIO1-DIAG t= 48342.546 cyc=1631081571 game read STAT=0007 ctrl=0227 [DSR=0 CTS=0 RXRDY=1] pc=80153ce4 (prev value held for 35 reads) totalReads=39802
SIO1-DIAG t= 48342.550 cyc=1631081588 game read DATA=00 popped=1 fifo 2->1 stat=0007
SIO1-DIAG t= 48342.551 cyc=1631081638 LINKSTATE WR[act=00000000 buf=00000000 cnt=00000000 latch=00000000] RD[act=00000000 buf=801a9c43 cnt=00000219] block=4 cfg=0205 DSR=0 DTR=1 stat=0007 ctrl=0227 fifo=1
SIO1-DIAG t= 48342.554 cyc=1631081666 game read DATA=00 popped=1 fifo 1->0 stat=0005
SIO1-DIAG t= 48342.555 cyc=1631081709 DTR 1->0 (toggle #62) pc=80153d50 ctrl=0225
SIO1-DIAG t= 48342.556 cyc=1631081709 game wrote CTRL=0225 [TXEN=1 DTR=0 RXEN=1 RTS=1 ACK=0 RESET=0 RXIRQEN=0 TXIRQEN=0] stat=0005
SIO1-DIAG t= 48342.557 cyc=1631081709 TXFC dxr=0 xts=1 ctrl=0225 initial=0
SIO1-DIAG t= 48342.559 cyc=1631081709 TXMSG #94 size=4 bytes=12 02 10
SIO1-DIAG t= 48342.564 cyc=1631081732 LINKSTATE WR[act=00000000 buf=00000000 cnt=00000000 latch=00000000] RD[act=00000000 buf=801a9c44 cnt=00000218] block=4 cfg=0205 DSR=0 DTR=0 stat=0005 ctrl=0225 fifo=0
SIO1-DIAG t= 48342.573 cyc=1631081732 game read STAT=0005 ctrl=0225 [DSR=0 CTS=0 RXRDY=0] pc=80153c88 (prev value held for 2 reads) totalReads=39805
SIO1-DIAG t= 48346.136 cyc=1631099496 RXMSG #252 declared=5 got=5 bytes=0a 03 0a
SIO1-DIAG t= 48346.148 cyc=1631099496 RX accept #249 byte=01 fifo=1 ctrl=0225
SIO1-DIAG t= 48346.151 cyc=1631099527 game read STAT=0007 ctrl=0225 [DSR=0 CTS=0 RXRDY=1] pc=80153ce4 (prev value held for 312 reads) totalReads=40118
SIO1-DIAG t= 48346.153 cyc=1631099544 game read DATA=01 popped=1 fifo 1->0 stat=0005
SIO1-DIAG t= 48346.156 cyc=1631099594 LINKSTATE WR[act=00000000 buf=00000000 cnt=00000000 latch=00000000] RD[act=00000000 buf=801a9c45 cnt=00000217] block=4 cfg=0205 DSR=0 DTR=0 stat=0005 ctrl=0225 fifo=0
SIO1-DIAG t= 48346.158 cyc=1631099594 game read STAT=0005 ctrl=0225 [DSR=0 CTS=0 RXRDY=0] pc=80153c88 (prev value held for 0 reads) totalReads=40119
SIO1-DIAG t= 48347.343 cyc=1631105931 RXMSG #253 declared=5 got=5 bytes=0a 03 0a
SIO1-DIAG t= 48347.349 cyc=1631105931 RX accept #250 byte=00 fifo=1 ctrl=0225
SIO1-DIAG t= 48347.352 cyc=1631105931 RXMSG #254 declared=5 got=5 bytes=0a 03 0a
SIO1-DIAG t= 48347.353 cyc=1631105931 RX accept #251 byte=00 fifo=2 ctrl=0225
SIO1-DIAG t= 48347.355 cyc=1631105931 RXMSG #255 declared=5 got=5 bytes=0a 03 0a
SIO1-DIAG t= 48347.357 cyc=1631105931 RX accept #252 byte=00 fifo=3 ctrl=0225
SIO1-DIAG t= 48347.358 cyc=1631105931 DRAIN 3 messages in one poll
SIO1-DIAG t= 48347.360 cyc=1631105932 game read STAT=0007 ctrl=0225 [DSR=0 CTS=0 RXRDY=1] pc=80153ce4 (prev value held for 111 reads) totalReads=40231
SIO1-DIAG t= 48347.376 cyc=1631105949 game read DATA=00 popped=1 fifo 3->2 stat=0007
SIO1-DIAG t= 48347.378 cyc=1631105999 LINKSTATE WR[act=00000000 buf=00000000 cnt=00000000 latch=00000000] RD[act=00000000 buf=801a9c46 cnt=00000216] block=4 cfg=0205 DSR=0 DTR=0 stat=0007 ctrl=0225 fifo=2
SIO1-DIAG t= 48347.380 cyc=1631106027 game read DATA=00 popped=1 fifo 2->1 stat=0007
SIO1-DIAG t= 48347.382 cyc=1631106077 LINKSTATE WR[act=00000000 buf=00000000 cnt=00000000 latch=00000000] RD[act=00000000 buf=801a9c47 cnt=00000215] block=4 cfg=0205 DSR=0 DTR=0 stat=0007 ctrl=0225 fifo=1
SIO1-DIAG t= 48347.384 cyc=1631106105 game read DATA=00 popped=1 fifo 1->0 stat=0005
SIO1-DIAG t= 48347.386 cyc=1631106148 DTR 0->1 (toggle #63) pc=80153d50 ctrl=0227
SIO1-DIAG t= 48347.387 cyc=1631106148 game wrote CTRL=0227 [TXEN=1 DTR=1 RXEN=1 RTS=1 ACK=0 RESET=0 RXIRQEN=0 TXIRQEN=0] stat=0005
SIO1-DIAG t= 48347.389 cyc=1631106148 TXFC dxr=1 xts=1 ctrl=0227 initial=0
SIO1-DIAG t= 48347.391 cyc=1631106148 TXMSG #95 size=6 bytes=12 04 08
SIO1-DIAG t= 48347.397 cyc=1631106171 LINKSTATE WR[act=00000000 buf=00000000 cnt=00000000 latch=00000000] RD[act=00000000 buf=801a9c48 cnt=00000214] block=4 cfg=0205 DSR=0 DTR=1 stat=0005 ctrl=0227 fifo=0
SIO1-DIAG t= 48347.399 cyc=1631106171 game read STAT=0005 ctrl=0227 [DSR=0 CTS=0 RXRDY=0] pc=80153c88 (prev value held for 4 reads) totalReads=40236
SIO1-DIAG t= 48352.461 cyc=1631133826 RXMSG #256 declared=5 got=5 bytes=0a 03 0a
SIO1-DIAG t= 48352.470 cyc=1631133826 RX accept #253 byte=01 fifo=1 ctrl=0227
SIO1-DIAG t= 48352.472 cyc=1631133826 RXMSG #257 declared=5 got=5 bytes=0a 03 0a
SIO1-DIAG t= 48352.474 cyc=1631133826 RX accept #254 byte=00 fifo=2 ctrl=0227
SIO1-DIAG t= 48352.476 cyc=1631133826 RXMSG #258 declared=5 got=5 bytes=0a 03 0a
SIO1-DIAG t= 48352.477 cyc=1631133826 RX accept #255 byte=00 fifo=3 ctrl=0227
SIO1-DIAG t= 48352.478 cyc=1631133826 DRAIN 3 messages in one poll
SIO1-DIAG t= 48352.480 cyc=1631133827 game read STAT=0007 ctrl=0227 [DSR=0 CTS=0 RXRDY=1] pc=80153ce4 (prev value held for 485 reads) totalReads=40722
SIO1-DIAG t= 48352.482 cyc=1631133844 game read DATA=01 popped=1 fifo 3->2 stat=0007
SIO1-DIAG t= 48352.485 cyc=1631133894 LINKSTATE WR[act=00000000 buf=00000000 cnt=00000000 latch=00000000] RD[act=00000000 buf=801a9c49 cnt=00000213] block=4 cfg=0205 DSR=0 DTR=1 stat=0007 ctrl=0227 fifo=2
SIO1-DIAG t= 48352.487 cyc=1631133922 game read DATA=00 popped=1 fifo 2->1 stat=0007
SIO1-DIAG t= 48352.489 cyc=1631133972 LINKSTATE WR[act=00000000 buf=00000000 cnt=00000000 latch=00000000] RD[act=00000000 buf=801a9c4a cnt=00000212] block=4 cfg=0205 DSR=0 DTR=1 stat=0007 ctrl=0227 fifo=1
SIO1-DIAG t= 48352.491 cyc=1631134000 game read DATA=00 popped=1 fifo 1->0 stat=0005
SIO1-DIAG t= 48352.492 cyc=1631134050 LINKSTATE WR[act=00000000 buf=00000000 cnt=00000000 latch=00000000] RD[act=00000000 buf=801a9c4b cnt=00000211] block=4 cfg=0205 DSR=0 DTR=1 stat=0005 ctrl=0227 fifo=0
SIO1-DIAG t= 48352.495 cyc=1631134050 game read STAT=0005 ctrl=0227 [DSR=0 CTS=0 RXRDY=0] pc=80153c88 (prev value held for 4 reads) totalReads=40727
SIO1-DIAG t= 48352.512 cyc=1631135974 RXMSG #259 declared=5 got=5 bytes=0a 03 0a
SIO1-DIAG t= 48352.514 cyc=1631135974 RX accept #256 byte=00 fifo=1 ctrl=0227
SIO1-DIAG t= 48352.516 cyc=1631135999 game read STAT=0007 ctrl=0227 [DSR=0 CTS=0 RXRDY=1] pc=80153ce4 (prev value held for 34 reads) totalReads=40762
SIO1-DIAG t= 48352.518 cyc=1631136016 game read DATA=00 popped=1 fifo 1->0 stat=0005
SIO1-DIAG t= 48352.519 cyc=1631136059 DTR 1->0 (toggle #64) pc=80153d50 ctrl=0225
SIO1-DIAG t= 48352.521 cyc=1631136059 game wrote CTRL=0225 [TXEN=1 DTR=0 RXEN=1 RTS=1 ACK=0 RESET=0 RXIRQEN=0 TXIRQEN=0] stat=0005
SIO1-DIAG t= 48352.523 cyc=1631136059 TXFC dxr=0 xts=1 ctrl=0225 initial=0
SIO1-DIAG t= 48352.525 cyc=1631136059 TXMSG #96 size=4 bytes=12 02 10
SIO1-DIAG t= 48352.530 cyc=1631136082 LINKSTATE WR[act=00000000 buf=00000000 cnt=00000000 latch=00000000] RD[act=00000000 buf=801a9c4c cnt=00000210] block=4 cfg=0205 DSR=0 DTR=0 stat=0005 ctrl=0225 fifo=0
SIO1-DIAG t= 48352.532 cyc=1631136082 game read STAT=0005 ctrl=0225 [DSR=0 CTS=0 RXRDY=0] pc=80153c88 (prev value held for 0 reads) totalReads=40763
SIO1-DIAG t= 48354.567 cyc=1631147265 STAT poll sample pc=80153ce4 stat=0005 reads=40960
SIO1-DIAG t= 48356.372 cyc=1631157437 RXMSG #260 declared=5 got=5 bytes=0a 03 0a
SIO1-DIAG t= 48356.382 cyc=1631157437 RX accept #257 byte=00 fifo=1 ctrl=0225
SIO1-DIAG t= 48356.384 cyc=1631157437 RXMSG #261 declared=5 got=5 bytes=0a 03 0a
SIO1-DIAG t= 48356.395 cyc=1631157437 RX accept #258 byte=00 fifo=2 ctrl=0225
SIO1-DIAG t= 48356.396 cyc=1631157437 RXMSG #262 declared=5 got=5 bytes=0a 03 0a
SIO1-DIAG t= 48356.397 cyc=1631157437 RX accept #259 byte=00 fifo=3 ctrl=0225
SIO1-DIAG t= 48356.398 cyc=1631157437 DRAIN 3 messages in one poll
SIO1-DIAG t= 48356.399 cyc=1631157468 game read STAT=0007 ctrl=0225 [DSR=0 CTS=0 RXRDY=1] pc=80153ce4 (prev value held for 375 reads) totalReads=41139
SIO1-DIAG t= 48356.402 cyc=1631157485 game read DATA=00 popped=1 fifo 3->2 stat=0007
SIO1-DIAG t= 48356.404 cyc=1631157535 LINKSTATE WR[act=00000000 buf=00000000 cnt=00000000 latch=00000000] RD[act=00000000 buf=801a9c4d cnt=0000020f] block=4 cfg=0205 DSR=0 DTR=0 stat=0007 ctrl=0225 fifo=2
SIO1-DIAG t= 48356.407 cyc=1631157563 game read DATA=00 popped=1 fifo 2->1 stat=0007
SIO1-DIAG t= 48356.408 cyc=1631157613 LINKSTATE WR[act=00000000 buf=00000000 cnt=00000000 latch=00000000] RD[act=00000000 buf=801a9c4e cnt=0000020e] block=4 cfg=0205 DSR=0 DTR=0 stat=0007 ctrl=0225 fifo=1
SIO1-DIAG t= 48356.410 cyc=1631157641 game read DATA=00 popped=1 fifo 1->0 stat=0005
SIO1-DIAG t= 48356.411 cyc=1631157691 LINKSTATE WR[act=00000000 buf=00000000 cnt=00000000 latch=00000000] RD[act=00000000 buf=801a9c4f cnt=0000020d] block=4 cfg=0205 DSR=0 DTR=0 stat=0005 ctrl=0225 fifo=0
SIO1-DIAG t= 48356.413 cyc=1631157691 game read STAT=0005 ctrl=0225 [DSR=0 CTS=0 RXRDY=0] pc=80153c88 (prev value held for 4 reads) totalReads=41144
SIO1-DIAG t= 48356.908 cyc=1631161724 RXMSG #263 declared=5 got=5 bytes=0a 03 0a
SIO1-DIAG t= 48356.911 cyc=1631161724 RX accept #260 byte=00 fifo=1 ctrl=0225
SIO1-DIAG t= 48356.912 cyc=1631161749 game read STAT=0007 ctrl=0225 [DSR=0 CTS=0 RXRDY=1] pc=80153ce4 (prev value held for 71 reads) totalReads=41216
SIO1-DIAG t= 48356.913 cyc=1631161766 game read DATA=00 popped=1 fifo 1->0 stat=0005
SIO1-DIAG t= 48356.915 cyc=1631161809 DTR 0->1 (toggle #65) pc=80153d50 ctrl=0227
SIO1-DIAG t= 48356.916 cyc=1631161809 game wrote CTRL=0227 [TXEN=1 DTR=1 RXEN=1 RTS=1 ACK=0 RESET=0 RXIRQEN=0 TXIRQEN=0] stat=0005
SIO1-DIAG t= 48356.917 cyc=1631161809 TXFC dxr=1 xts=1 ctrl=0227 initial=0
SIO1-DIAG t= 48356.919 cyc=1631161809 TXMSG #97 size=6 bytes=12 04 08
SIO1-DIAG t= 48356.926 cyc=1631161832 LINKSTATE WR[act=00000000 buf=00000000 cnt=00000000 latch=00000000] RD[act=00000000 buf=801a9c50 cnt=0000020c] block=4 cfg=0205 DSR=0 DTR=1 stat=0005 ctrl=0227 fifo=0
SIO1-DIAG t= 48356.928 cyc=1631161832 game read STAT=0005 ctrl=0227 [DSR=0 CTS=0 RXRDY=0] pc=80153c88 (prev value held for 0 reads) totalReads=41217
SIO1-DIAG t= 48359.875 cyc=1631178902 RXMSG #264 declared=5 got=5 bytes=0a 03 0a
SIO1-DIAG t= 48359.879 cyc=1631178902 RX accept #261 byte=88 fifo=1 ctrl=0227
SIO1-DIAG t= 48359.880 cyc=1631178902 RXMSG #265 declared=5 got=5 bytes=0a 03 0a
SIO1-DIAG t= 48359.882 cyc=1631178902 RX accept #262 byte=99 fifo=2 ctrl=0227
SIO1-DIAG t= 48359.883 cyc=1631178902 RXMSG #266 declared=5 got=5 bytes=0a 03 0a
SIO1-DIAG t= 48359.890 cyc=1631178902 RX accept #263 byte=01 fifo=3 ctrl=0227
SIO1-DIAG t= 48359.891 cyc=1631178902 RXMSG #267 declared=5 got=5 bytes=0a 03 0a
SIO1-DIAG t= 48359.893 cyc=1631178902 RX accept #264 byte=80 fifo=4 ctrl=0227
SIO1-DIAG t= 48359.894 cyc=1631178902 DRAIN 4 messages in one poll
SIO1-DIAG t= 48359.895 cyc=1631178943 game read STAT=0007 ctrl=0227 [DSR=0 CTS=0 RXRDY=1] pc=80153ce4 (prev value held for 300 reads) totalReads=41518
SIO1-DIAG t= 48359.897 cyc=1631178960 game read DATA=88 popped=1 fifo 4->3 stat=0007
SIO1-DIAG t= 48359.898 cyc=1631179010 LINKSTATE WR[act=00000000 buf=00000000 cnt=00000000 latch=00000000] RD[act=00000000 buf=801a9c51 cnt=0000020b] block=4 cfg=0205 DSR=0 DTR=1 stat=0007 ctrl=0227 fifo=3
SIO1-DIAG t= 48359.905 cyc=1631179038 game read DATA=99 popped=1 fifo 3->2 stat=0007
SIO1-DIAG t= 48359.907 cyc=1631179088 LINKSTATE WR[act=00000000 buf=00000000 cnt=00000000 latch=00000000] RD[act=00000000 buf=801a9c52 cnt=0000020a] block=4 cfg=0205 DSR=0 DTR=1 stat=0007 ctrl=0227 fifo=2
SIO1-DIAG t= 48359.910 cyc=1631179116 game read DATA=01 popped=1 fifo 2->1 stat=0007
SIO1-DIAG t= 48359.911 cyc=1631179166 LINKSTATE WR[act=00000000 buf=00000000 cnt=00000000 latch=00000000] RD[act=00000000 buf=801a9c53 cnt=00000209] block=4 cfg=0205 DSR=0 DTR=1 stat=0007 ctrl=0227 fifo=1
SIO1-DIAG t= 48359.914 cyc=1631179194 game read DATA=80 popped=1 fifo 1->0 stat=0005
SIO1-DIAG t= 48359.915 cyc=1631179237 DTR 1->0 (toggle #66) pc=80153d50 ctrl=0225
SIO1-DIAG t= 48359.919 cyc=1631179237 game wrote CTRL=0225 [TXEN=1 DTR=0 RXEN=1 RTS=1 ACK=0 RESET=0 RXIRQEN=0 TXIRQEN=0] stat=0005
SIO1-DIAG t= 48359.921 cyc=1631179237 TXFC dxr=0 xts=1 ctrl=0225 initial=0
SIO1-DIAG t= 48359.923 cyc=1631179237 TXMSG #98 size=4 bytes=12 02 10
SIO1-DIAG t= 48359.927 cyc=1631179260 LINKSTATE WR[act=00000000 buf=00000000 cnt=00000000 latch=00000000] RD[act=00000000 buf=801a9c54 cnt=00000208] block=4 cfg=0205 DSR=0 DTR=0 stat=0005 ctrl=0225 fifo=0
SIO1-DIAG t= 48359.929 cyc=1631179260 game read STAT=0005 ctrl=0225 [DSR=0 CTS=0 RXRDY=0] pc=80153c88 (prev value held for 6 reads) totalReads=41525
SIO1-DIAG t= 48364.868 cyc=1631206797 RXMSG #268 declared=5 got=5 bytes=0a 03 0a
SIO1-DIAG t= 48364.876 cyc=1631206797 RX accept #265 byte=04 fifo=1 ctrl=0225
SIO1-DIAG t= 48364.878 cyc=1631206797 RXMSG #269 declared=5 got=5 bytes=0a 03 0a
SIO1-DIAG t= 48364.879 cyc=1631206797 RX accept #266 byte=00 fifo=2 ctrl=0225
SIO1-DIAG t= 48364.880 cyc=1631206797 RXMSG #270 declared=5 got=5 bytes=0a 03 0a
SIO1-DIAG t= 48364.881 cyc=1631206797 RX accept #267 byte=00 fifo=3 ctrl=0225
SIO1-DIAG t= 48364.882 cyc=1631206797 DRAIN 3 messages in one poll
SIO1-DIAG t= 48364.883 cyc=1631206802 game read STAT=0007 ctrl=0225 [DSR=0 CTS=0 RXRDY=1] pc=80153ce4 (prev value held for 483 reads) totalReads=42009
SIO1-DIAG t= 48364.886 cyc=1631206819 game read DATA=04 popped=1 fifo 3->2 stat=0007
SIO1-DIAG t= 48364.893 cyc=1631206869 LINKSTATE WR[act=00000000 buf=00000000 cnt=00000000 latch=00000000] RD[act=00000000 buf=801a9c55 cnt=00000207] block=4 cfg=0205 DSR=0 DTR=0 stat=0007 ctrl=0225 fifo=2
SIO1-DIAG t= 48364.896 cyc=1631206897 game read DATA=00 popped=1 fifo 2->1 stat=0007
SIO1-DIAG t= 48364.897 cyc=1631206947 LINKSTATE WR[act=00000000 buf=00000000 cnt=00000000 latch=00000000] RD[act=00000000 buf=801a9c56 cnt=00000206] block=4 cfg=0205 DSR=0 DTR=0 stat=0007 ctrl=0225 fifo=1
SIO1-DIAG t= 48364.899 cyc=1631206975 game read DATA=00 popped=1 fifo 1->0 stat=0005
SIO1-DIAG t= 48364.900 cyc=1631207025 LINKSTATE WR[act=00000000 buf=00000000 cnt=00000000 latch=00000000] RD[act=00000000 buf=801a9c57 cnt=00000205] block=4 cfg=0205 DSR=0 DTR=0 stat=0005 ctrl=0225 fifo=0
SIO1-DIAG t= 48364.901 cyc=1631207025 game read STAT=0005 ctrl=0225 [DSR=0 CTS=0 RXRDY=0] pc=80153c88 (prev value held for 4 reads) totalReads=42014
SIO1-DIAG t= 48364.915 cyc=1631211082 RXMSG #271 declared=5 got=5 bytes=0a 03 0a
SIO1-DIAG t= 48364.916 cyc=1631211082 RX accept #268 byte=00 fifo=1 ctrl=0225
SIO1-DIAG t= 48364.917 cyc=1631211083 game read STAT=0007 ctrl=0225 [DSR=0 CTS=0 RXRDY=1] pc=80153ce4 (prev value held for 71 reads) totalReads=42086
SIO1-DIAG t= 48364.918 cyc=1631211100 game read DATA=00 popped=1 fifo 1->0 stat=0005
SIO1-DIAG t= 48364.919 cyc=1631211143 DTR 0->1 (toggle #67) pc=80153d50 ctrl=0227
SIO1-DIAG t= 48364.921 cyc=1631211143 game wrote CTRL=0227 [TXEN=1 DTR=1 RXEN=1 RTS=1 ACK=0 RESET=0 RXIRQEN=0 TXIRQEN=0] stat=0005
SIO1-DIAG t= 48364.922 cyc=1631211143 TXFC dxr=1 xts=1 ctrl=0227 initial=0
SIO1-DIAG t= 48364.926 cyc=1631211143 TXMSG #99 size=6 bytes=12 04 08
SIO1-DIAG t= 48364.930 cyc=1631211166 LINKSTATE WR[act=00000000 buf=00000000 cnt=00000000 latch=00000000] RD[act=00000000 buf=801a9c58 cnt=00000204] block=4 cfg=0205 DSR=0 DTR=1 stat=0005 ctrl=0227 fifo=0
SIO1-DIAG t= 48364.935 cyc=1631211166 game read STAT=0005 ctrl=0227 [DSR=0 CTS=0 RXRDY=0] pc=80153c88 (prev value held for 0 reads) totalReads=42087
SIO1-DIAG t= 48368.801 cyc=1631232547 RXMSG #272 declared=5 got=5 bytes=0a 03 0a
SIO1-DIAG t= 48368.807 cyc=1631232547 RX accept #269 byte=6e fifo=1 ctrl=0227
SIO1-DIAG t= 48368.809 cyc=1631232547 RXMSG #273 declared=5 got=5 bytes=0a 03 0a
SIO1-DIAG t= 48368.810 cyc=1631232547 RX accept #270 byte=01 fifo=2 ctrl=0227
SIO1-DIAG t= 48368.811 cyc=1631232547 DRAIN 2 messages in one poll
SIO1-DIAG t= 48368.812 cyc=1631232552 game read STAT=0007 ctrl=0227 [DSR=0 CTS=0 RXRDY=1] pc=80153ce4 (prev value held for 375 reads) totalReads=42463
SIO1-DIAG t= 48368.814 cyc=1631232569 game read DATA=6e popped=1 fifo 2->1 stat=0007
SIO1-DIAG t= 48368.815 cyc=1631232619 LINKSTATE WR[act=00000000 buf=00000000 cnt=00000000 latch=00000000] RD[act=00000000 buf=801a9c59 cnt=00000203] block=4 cfg=0205 DSR=0 DTR=1 stat=0007 ctrl=0227 fifo=1
SIO1-DIAG t= 48368.817 cyc=1631232647 game read DATA=01 popped=1 fifo 1->0 stat=0005
SIO1-DIAG t= 48368.819 cyc=1631232697 LINKSTATE WR[act=00000000 buf=00000000 cnt=00000000 latch=00000000] RD[act=00000000 buf=801a9c5a cnt=00000202] block=4 cfg=0205 DSR=0 DTR=1 stat=0005 ctrl=0227 fifo=0
SIO1-DIAG t= 48368.828 cyc=1631232697 game read STAT=0005 ctrl=0227 [DSR=0 CTS=0 RXRDY=0] pc=80153c88 (prev value held for 2 reads) totalReads=42466
SIO1-DIAG t= 48369.742 cyc=1631238994 RXMSG #274 declared=5 got=5 bytes=0a 03 0a
SIO1-DIAG t= 48369.743 cyc=1631238994 RX accept #271 byte=00 fifo=1 ctrl=0227
SIO1-DIAG t= 48369.744 cyc=1631239035 game read STAT=0007 ctrl=0227 [DSR=0 CTS=0 RXRDY=1] pc=80153ce4 (prev value held for 111 reads) totalReads=42578
SIO1-DIAG t= 48369.746 cyc=1631239052 game read DATA=00 popped=1 fifo 1->0 stat=0005
SIO1-DIAG t= 48369.747 cyc=1631239102 LINKSTATE WR[act=00000000 buf=00000000 cnt=00000000 latch=00000000] RD[act=00000000 buf=801a9c5b cnt=00000201] block=4 cfg=0205 DSR=0 DTR=1 stat=0005 ctrl=0227 fifo=0
SIO1-DIAG t= 48369.748 cyc=1631239102 game read STAT=0005 ctrl=0227 [DSR=0 CTS=0 RXRDY=0] pc=80153c88 (prev value held for 0 reads) totalReads=42579
SIO1-DIAG t= 48369.754 cyc=1631241134 RXMSG #275 declared=5 got=5 bytes=0a 03 0a
SIO1-DIAG t= 48369.755 cyc=1631241134 RX accept #272 byte=00 fifo=1 ctrl=0227
SIO1-DIAG t= 48369.756 cyc=1631241165 game read STAT=0007 ctrl=0227 [DSR=0 CTS=0 RXRDY=1] pc=80153ce4 (prev value held for 36 reads) totalReads=42616
SIO1-DIAG t= 48369.757 cyc=1631241182 game read DATA=00 popped=1 fifo 1->0 stat=0005
SIO1-DIAG t= 48369.759 cyc=1631241225 DTR 1->0 (toggle #68) pc=80153d50 ctrl=0225
SIO1-DIAG t= 48369.760 cyc=1631241225 game wrote CTRL=0225 [TXEN=1 DTR=0 RXEN=1 RTS=1 ACK=0 RESET=0 RXIRQEN=0 TXIRQEN=0] stat=0005
SIO1-DIAG t= 48369.761 cyc=1631241225 TXFC dxr=0 xts=1 ctrl=0225 initial=0
SIO1-DIAG t= 48369.765 cyc=1631241225 TXMSG #100 size=4 bytes=12 02 10
SIO1-DIAG t= 48369.769 cyc=1631241248 LINKSTATE WR[act=00000000 buf=00000000 cnt=00000000 latch=00000000] RD[act=00000000 buf=801a9c5c cnt=00000200] block=4 cfg=0205 DSR=0 DTR=0 stat=0005 ctrl=0225 fifo=0
SIO1-DIAG t= 48369.771 cyc=1631241248 game read STAT=0005 ctrl=0225 [DSR=0 CTS=0 RXRDY=0] pc=80153c88 (prev value held for 0 reads) totalReads=42617
SIO1-DIAG t= 48374.541 cyc=1631266878 RXMSG #276 declared=5 got=5 bytes=0a 03 0a
SIO1-DIAG t= 48374.544 cyc=1631266878 RX accept #273 byte=36 fifo=1 ctrl=0225
SIO1-DIAG t= 48374.546 cyc=1631266909 game read STAT=0007 ctrl=0225 [DSR=0 CTS=0 RXRDY=1] pc=80153ce4 (prev value held for 450 reads) totalReads=43068
SIO1-DIAG t= 48374.547 cyc=1631266926 game read DATA=36 popped=1 fifo 1->0 stat=0005
SIO1-DIAG t= 48374.549 cyc=1631266976 LINKSTATE WR[act=00000000 buf=00000000 cnt=00000000 latch=00000000] RD[act=00000000 buf=801a9c5d cnt=000001ff] block=4 cfg=0205 DSR=0 DTR=0 stat=0005 ctrl=0225 fifo=0
SIO1-DIAG t= 48374.550 cyc=1631266976 game read STAT=0005 ctrl=0225 [DSR=0 CTS=0 RXRDY=0] pc=80153c88 (prev value held for 0 reads) totalReads=43069
SIO1-DIAG t= 48374.559 cyc=1631269034 RXMSG #277 declared=5 got=5 bytes=0a 03 0a
SIO1-DIAG t= 48374.563 cyc=1631269034 RX accept #274 byte=00 fifo=1 ctrl=0225
SIO1-DIAG t= 48374.565 cyc=1631269034 RXMSG #278 declared=5 got=5 bytes=0a 03 0a
SIO1-DIAG t= 48374.566 cyc=1631269034 RX accept #275 byte=00 fifo=2 ctrl=0225
SIO1-DIAG t= 48374.571 cyc=1631269034 DRAIN 2 messages in one poll
SIO1-DIAG t= 48374.572 cyc=1631269039 game read STAT=0007 ctrl=0225 [DSR=0 CTS=0 RXRDY=1] pc=80153ce4 (prev value held for 36 reads) totalReads=43106
SIO1-DIAG t= 48374.574 cyc=1631269056 game read DATA=00 popped=1 fifo 2->1 stat=0007
SIO1-DIAG t= 48374.575 cyc=1631269106 LINKSTATE WR[act=00000000 buf=00000000 cnt=00000000 latch=00000000] RD[act=00000000 buf=801a9c5e cnt=000001fe] block=4 cfg=0205 DSR=0 DTR=0 stat=0007 ctrl=0225 fifo=1
SIO1-DIAG t= 48374.578 cyc=1631269134 game read DATA=00 popped=1 fifo 1->0 stat=0005
SIO1-DIAG t= 48374.579 cyc=1631269184 LINKSTATE WR[act=00000000 buf=00000000 cnt=00000000 latch=00000000] RD[act=00000000 buf=801a9c5f cnt=000001fd] block=4 cfg=0205 DSR=0 DTR=0 stat=0005 ctrl=0225 fifo=0
SIO1-DIAG t= 48374.581 cyc=1631269184 game read STAT=0005 ctrl=0225 [DSR=0 CTS=0 RXRDY=0] pc=80153c88 (prev value held for 2 reads) totalReads=43109
SIO1-DIAG t= 48374.591 cyc=1631271173 RXMSG #279 declared=5 got=5 bytes=0a 03 0a
SIO1-DIAG t= 48374.593 cyc=1631271173 RX accept #276 byte=00 fifo=1 ctrl=0225
SIO1-DIAG t= 48374.594 cyc=1631271190 game read STAT=0007 ctrl=0225 [DSR=0 CTS=0 RXRDY=1] pc=80153ce4 (prev value held for 35 reads) totalReads=43145
SIO1-DIAG t= 48374.596 cyc=1631271207 game read DATA=00 popped=1 fifo 1->0 stat=0005
SIO1-DIAG t= 48374.598 cyc=1631271250 DTR 0->1 (toggle #69) pc=80153d50 ctrl=0227
SIO1-DIAG t= 48374.599 cyc=1631271250 game wrote CTRL=0227 [TXEN=1 DTR=1 RXEN=1 RTS=1 ACK=0 RESET=0 RXIRQEN=0 TXIRQEN=0] stat=0005
SIO1-DIAG t= 48374.603 cyc=1631271250 TXFC dxr=1 xts=1 ctrl=0227 initial=0
SIO1-DIAG t= 48374.606 cyc=1631271250 TXMSG #101 size=6 bytes=12 04 08
SIO1-DIAG t= 48374.610 cyc=1631271273 LINKSTATE WR[act=00000000 buf=00000000 cnt=00000000 latch=00000000] RD[act=00000000 buf=801a9c60 cnt=000001fc] block=4 cfg=0205 DSR=0 DTR=1 stat=0005 ctrl=0227 fifo=0
SIO1-DIAG t= 48374.612 cyc=1631271273 game read STAT=0005 ctrl=0227 [DSR=0 CTS=0 RXRDY=0] pc=80153c88 (prev value held for 0 reads) totalReads=43146
SIO1-DIAG t= 48381.902 cyc=1631309799 RXMSG #280 declared=5 got=5 bytes=0a 03 0a
SIO1-DIAG t= 48381.905 cyc=1631309799 RX accept #277 byte=32 fifo=1 ctrl=0227
SIO1-DIAG t= 48381.907 cyc=1631309816 game read STAT=0007 ctrl=0227 [DSR=0 CTS=0 RXRDY=1] pc=80153ce4 (prev value held for 676 reads) totalReads=43823
SIO1-DIAG t= 48381.908 cyc=1631309833 game read DATA=32 popped=1 fifo 1->0 stat=0005
SIO1-DIAG t= 48381.910 cyc=1631309883 LINKSTATE WR[act=00000000 buf=00000000 cnt=00000000 latch=00000000] RD[act=00000000 buf=801a9c61 cnt=000001fb] block=4 cfg=0205 DSR=0 DTR=1 stat=0005 ctrl=0227 fifo=0
SIO1-DIAG t= 48381.912 cyc=1631309883 game read STAT=0005 ctrl=0227 [DSR=0 CTS=0 RXRDY=0] pc=80153c88 (prev value held for 0 reads) totalReads=43824
SIO1-DIAG t= 48381.918 cyc=1631311945 RXMSG #281 declared=5 got=5 bytes=0a 03 0a
SIO1-DIAG t= 48381.919 cyc=1631311945 RX accept #278 byte=00 fifo=1 ctrl=0227
SIO1-DIAG t= 48381.920 cyc=1631311945 RXMSG #282 declared=5 got=5 bytes=0a 03 0a
SIO1-DIAG t= 48381.931 cyc=1631311945 RX accept #279 byte=00 fifo=2 ctrl=0227
SIO1-DIAG t= 48381.933 cyc=1631311945 RXMSG #283 declared=5 got=5 bytes=0a 03 0a
SIO1-DIAG t= 48381.934 cyc=1631311945 RX accept #280 byte=00 fifo=3 ctrl=0227
SIO1-DIAG t= 48381.934 cyc=1631311945 DRAIN 3 messages in one poll
SIO1-DIAG t= 48381.935 cyc=1631311946 game read STAT=0007 ctrl=0227 [DSR=0 CTS=0 RXRDY=1] pc=80153ce4 (prev value held for 36 reads) totalReads=43861
SIO1-DIAG t= 48381.937 cyc=1631311963 game read DATA=00 popped=1 fifo 3->2 stat=0007
SIO1-DIAG t= 48381.938 cyc=1631312013 LINKSTATE WR[act=00000000 buf=00000000 cnt=00000000 latch=00000000] RD[act=00000000 buf=801a9c62 cnt=000001fa] block=4 cfg=0205 DSR=0 DTR=1 stat=0007 ctrl=0227 fifo=2
SIO1-DIAG t= 48381.939 cyc=1631312041 game read DATA=00 popped=1 fifo 2->1 stat=0007
SIO1-DIAG t= 48381.944 cyc=1631312091 LINKSTATE WR[act=00000000 buf=00000000 cnt=00000000 latch=00000000] RD[act=00000000 buf=801a9c63 cnt=000001f9] block=4 cfg=0205 DSR=0 DTR=1 stat=0007 ctrl=0227 fifo=1
SIO1-DIAG t= 48381.946 cyc=1631312119 game read DATA=00 popped=1 fifo 1->0 stat=0005
SIO1-DIAG t= 48381.948 cyc=1631312162 DTR 1->0 (toggle #70) pc=80153d50 ctrl=0225
SIO1-DIAG t= 48381.949 cyc=1631312162 game wrote CTRL=0225 [TXEN=1 DTR=0 RXEN=1 RTS=1 ACK=0 RESET=0 RXIRQEN=0 TXIRQEN=0] stat=0005
SIO1-DIAG t= 48381.951 cyc=1631312162 TXFC dxr=0 xts=1 ctrl=0225 initial=0
SIO1-DIAG t= 48381.954 cyc=1631312162 TXMSG #102 size=4 bytes=12 02 10
SIO1-DIAG t= 48381.960 cyc=1631312185 LINKSTATE WR[act=00000000 buf=00000000 cnt=00000000 latch=00000000] RD[act=00000000 buf=801a9c64 cnt=000001f8] block=4 cfg=0205 DSR=0 DTR=0 stat=0005 ctrl=0225 fifo=0
SIO1-DIAG t= 48381.962 cyc=1631312185 game read STAT=0005 ctrl=0225 [DSR=0 CTS=0 RXRDY=0] pc=80153c88 (prev value held for 4 reads) totalReads=43866
SIO1-DIAG t= 48386.253 cyc=1631335561 RXMSG #284 declared=5 got=5 bytes=0a 03 0a
SIO1-DIAG t= 48386.260 cyc=1631335561 RX accept #281 byte=0d fifo=1 ctrl=0225
SIO1-DIAG t= 48386.262 cyc=1631335561 RXMSG #285 declared=5 got=5 bytes=0a 03 0a
SIO1-DIAG t= 48386.264 cyc=1631335561 RX accept #282 byte=00 fifo=2 ctrl=0225
SIO1-DIAG t= 48386.265 cyc=1631335561 RXMSG #286 declared=5 got=5 bytes=0a 03 0a
SIO1-DIAG t= 48386.266 cyc=1631335561 RX accept #283 byte=00 fifo=3 ctrl=0225
SIO1-DIAG t= 48386.267 cyc=1631335561 RXMSG #287 declared=5 got=5 bytes=0a 03 0a
SIO1-DIAG t= 48386.268 cyc=1631335561 RX accept #284 byte=00 fifo=4 ctrl=0225
SIO1-DIAG t= 48386.269 cyc=1631335561 DRAIN 4 messages in one poll
SIO1-DIAG t= 48386.270 cyc=1631335566 game read STAT=0007 ctrl=0225 [DSR=0 CTS=0 RXRDY=1] pc=80153ce4 (prev value held for 410 reads) totalReads=44277
SIO1-DIAG t= 48386.272 cyc=1631335583 game read DATA=0d popped=1 fifo 4->3 stat=0007
SIO1-DIAG t= 48386.273 cyc=1631335633 LINKSTATE WR[act=00000000 buf=00000000 cnt=00000000 latch=00000000] RD[act=00000000 buf=801a9c65 cnt=000001f7] block=4 cfg=0205 DSR=0 DTR=0 stat=0007 ctrl=0225 fifo=3
SIO1-DIAG t= 48386.281 cyc=1631335661 game read DATA=00 popped=1 fifo 3->2 stat=0007
SIO1-DIAG t= 48386.282 cyc=1631335711 LINKSTATE WR[act=00000000 buf=00000000 cnt=00000000 latch=00000000] RD[act=00000000 buf=801a9c66 cnt=000001f6] block=4 cfg=0205 DSR=0 DTR=0 stat=0007 ctrl=0225 fifo=2
SIO1-DIAG t= 48386.284 cyc=1631335739 game read DATA=00 popped=1 fifo 2->1 stat=0007
SIO1-DIAG t= 48386.285 cyc=1631335789 LINKSTATE WR[act=00000000 buf=00000000 cnt=00000000 latch=00000000] RD[act=00000000 buf=801a9c67 cnt=000001f5] block=4 cfg=0205 DSR=0 DTR=0 stat=0007 ctrl=0225 fifo=1
SIO1-DIAG t= 48386.287 cyc=1631335817 game read DATA=00 popped=1 fifo 1->0 stat=0005
SIO1-DIAG t= 48386.288 cyc=1631335860 DTR 0->1 (toggle #71) pc=80153d50 ctrl=0227
SIO1-DIAG t= 48386.289 cyc=1631335860 game wrote CTRL=0227 [TXEN=1 DTR=1 RXEN=1 RTS=1 ACK=0 RESET=0 RXIRQEN=0 TXIRQEN=0] stat=0005
SIO1-DIAG t= 48386.290 cyc=1631335860 TXFC dxr=1 xts=1 ctrl=0227 initial=0
SIO1-DIAG t= 48386.292 cyc=1631335860 TXMSG #103 size=6 bytes=12 04 08
SIO1-DIAG t= 48386.297 cyc=1631335883 LINKSTATE WR[act=00000000 buf=00000000 cnt=00000000 latch=00000000] RD[act=00000000 buf=801a9c68 cnt=000001f4] block=4 cfg=0205 DSR=0 DTR=1 stat=0005 ctrl=0227 fifo=0
SIO1-DIAG t= 48386.299 cyc=1631335883 game read STAT=0005 ctrl=0227 [DSR=0 CTS=0 RXRDY=0] pc=80153c88 (prev value held for 6 reads) totalReads=44284
SIO1-DIAG t= 48390.118 cyc=1631359166 RXMSG #288 declared=5 got=5 bytes=0a 03 0a
SIO1-DIAG t= 48390.123 cyc=1631359166 RX accept #285 byte=01 fifo=1 ctrl=0227
SIO1-DIAG t= 48390.125 cyc=1631359207 game read STAT=0007 ctrl=0227 [DSR=0 CTS=0 RXRDY=1] pc=80153ce4 (prev value held for 409 reads) totalReads=44694
SIO1-DIAG t= 48390.127 cyc=1631359224 game read DATA=01 popped=1 fifo 1->0 stat=0005
SIO1-DIAG t= 48390.128 cyc=1631359274 LINKSTATE WR[act=00000000 buf=00000000 cnt=00000000 latch=00000000] RD[act=00000000 buf=801a9c69 cnt=000001f3] block=4 cfg=0205 DSR=0 DTR=1 stat=0005 ctrl=0227 fifo=0
SIO1-DIAG t= 48390.134 cyc=1631359274 game read STAT=0005 ctrl=0227 [DSR=0 CTS=0 RXRDY=0] pc=80153c88 (prev value held for 0 reads) totalReads=44695
SIO1-DIAG t= 48390.143 cyc=1631361306 RXMSG #289 declared=5 got=5 bytes=0a 03 0a
SIO1-DIAG t= 48390.144 cyc=1631361306 RX accept #286 byte=00 fifo=1 ctrl=0227
SIO1-DIAG t= 48390.148 cyc=1631361306 RXMSG #290 declared=5 got=5 bytes=0a 03 0a
SIO1-DIAG t= 48390.150 cyc=1631361306 RX accept #287 byte=00 fifo=2 ctrl=0227
SIO1-DIAG t= 48390.151 cyc=1631361306 RXMSG #291 declared=5 got=5 bytes=0a 03 0a
SIO1-DIAG t= 48390.153 cyc=1631361306 RX accept #288 byte=00 fifo=3 ctrl=0227
SIO1-DIAG t= 48390.154 cyc=1631361306 DRAIN 3 messages in one poll
SIO1-DIAG t= 48390.155 cyc=1631361337 game read STAT=0007 ctrl=0227 [DSR=0 CTS=0 RXRDY=1] pc=80153ce4 (prev value held for 36 reads) totalReads=44732
SIO1-DIAG t= 48390.157 cyc=1631361354 game read DATA=00 popped=1 fifo 3->2 stat=0007
SIO1-DIAG t= 48390.158 cyc=1631361404 LINKSTATE WR[act=00000000 buf=00000000 cnt=00000000 latch=00000000] RD[act=00000000 buf=801a9c6a cnt=000001f2] block=4 cfg=0205 DSR=0 DTR=1 stat=0007 ctrl=0227 fifo=2
SIO1-DIAG t= 48390.167 cyc=1631361432 game read DATA=00 popped=1 fifo 2->1 stat=0007
SIO1-DIAG t= 48390.169 cyc=1631361482 LINKSTATE WR[act=00000000 buf=00000000 cnt=00000000 latch=00000000] RD[act=00000000 buf=801a9c6b cnt=000001f1] block=4 cfg=0205 DSR=0 DTR=1 stat=0007 ctrl=0227 fifo=1
SIO1-DIAG t= 48390.172 cyc=1631361510 game read DATA=00 popped=1 fifo 1->0 stat=0005
SIO1-DIAG t= 48390.173 cyc=1631361553 DTR 1->0 (toggle #72) pc=80153d50 ctrl=0225
SIO1-DIAG t= 48390.174 cyc=1631361553 game wrote CTRL=0225 [TXEN=1 DTR=0 RXEN=1 RTS=1 ACK=0 RESET=0 RXIRQEN=0 TXIRQEN=0] stat=0005
SIO1-DIAG t= 48390.176 cyc=1631361553 TXFC dxr=0 xts=1 ctrl=0225 initial=0
SIO1-DIAG t= 48390.178 cyc=1631361553 TXMSG #104 size=4 bytes=12 02 10
SIO1-DIAG t= 48390.185 cyc=1631361576 LINKSTATE WR[act=00000000 buf=00000000 cnt=00000000 latch=00000000] RD[act=00000000 buf=801a9c6c cnt=000001f0] block=4 cfg=0205 DSR=0 DTR=0 stat=0005 ctrl=0225 fifo=0
SIO1-DIAG t= 48390.187 cyc=1631361576 game read STAT=0005 ctrl=0225 [DSR=0 CTS=0 RXRDY=0] pc=80153c88 (prev value held for 4 reads) totalReads=44737
SIO1-DIAG t= 48393.433 cyc=1631379713 STAT poll sample pc=80153ce4 stat=0005 reads=45056
SIO1-DIAG t= 48395.481 cyc=1631391357 RXMSG #292 declared=5 got=5 bytes=0a 03 0a
SIO1-DIAG t= 48395.486 cyc=1631391357 RX accept #289 byte=1d fifo=1 ctrl=0225
SIO1-DIAG t= 48395.488 cyc=1631391357 RXMSG #293 declared=5 got=5 bytes=0a 03 0a
SIO1-DIAG t= 48395.497 cyc=1631391357 RX accept #290 byte=00 fifo=2 ctrl=0225
SIO1-DIAG t= 48395.498 cyc=1631391357 RXMSG #294 declared=5 got=5 bytes=0a 03 0a
SIO1-DIAG t= 48395.499 cyc=1631391357 RX accept #291 byte=00 fifo=3 ctrl=0225
SIO1-DIAG t= 48395.500 cyc=1631391357 RXMSG #295 declared=5 got=5 bytes=0a 03 0a
SIO1-DIAG t= 48395.502 cyc=1631391357 RX accept #292 byte=00 fifo=4 ctrl=0225
SIO1-DIAG t= 48395.503 cyc=1631391357 DRAIN 4 messages in one poll
SIO1-DIAG t= 48395.505 cyc=1631391398 game read STAT=0007 ctrl=0225 [DSR=0 CTS=0 RXRDY=1] pc=80153ce4 (prev value held for 523 reads) totalReads=45261
SIO1-DIAG t= 48395.508 cyc=1631391415 game read DATA=1d popped=1 fifo 4->3 stat=0007
SIO1-DIAG t= 48395.510 cyc=1631391465 LINKSTATE WR[act=00000000 buf=00000000 cnt=00000000 latch=00000000] RD[act=00000000 buf=801a9c6d cnt=000001ef] block=4 cfg=0205 DSR=0 DTR=0 stat=0007 ctrl=0225 fifo=3
SIO1-DIAG t= 48395.513 cyc=1631391493 game read DATA=00 popped=1 fifo 3->2 stat=0007
SIO1-DIAG t= 48395.515 cyc=1631391543 LINKSTATE WR[act=00000000 buf=00000000 cnt=00000000 latch=00000000] RD[act=00000000 buf=801a9c6e cnt=000001ee] block=4 cfg=0205 DSR=0 DTR=0 stat=0007 ctrl=0225 fifo=2
SIO1-DIAG t= 48395.516 cyc=1631391571 game read DATA=00 popped=1 fifo 2->1 stat=0007
SIO1-DIAG t= 48395.517 cyc=1631391621 LINKSTATE WR[act=00000000 buf=00000000 cnt=00000000 latch=00000000] RD[act=00000000 buf=801a9c6f cnt=000001ed] block=4 cfg=0205 DSR=0 DTR=0 stat=0007 ctrl=0225 fifo=1
SIO1-DIAG t= 48395.526 cyc=1631391649 game read DATA=00 popped=1 fifo 1->0 stat=0005
SIO1-DIAG t= 48395.532 cyc=1631391692 DTR 0->1 (toggle #73) pc=80153d50 ctrl=0227
SIO1-DIAG t= 48395.533 cyc=1631391692 game wrote CTRL=0227 [TXEN=1 DTR=1 RXEN=1 RTS=1 ACK=0 RESET=0 RXIRQEN=0 TXIRQEN=0] stat=0005
SIO1-DIAG t= 48395.535 cyc=1631391692 TXFC dxr=1 xts=1 ctrl=0227 initial=0
SIO1-DIAG t= 48395.538 cyc=1631391692 TXMSG #105 size=6 bytes=12 04 08
SIO1-DIAG t= 48395.544 cyc=1631391715 LINKSTATE WR[act=00000000 buf=00000000 cnt=00000000 latch=00000000] RD[act=00000000 buf=801a9c70 cnt=000001ec] block=4 cfg=0205 DSR=0 DTR=1 stat=0005 ctrl=0227 fifo=0
SIO1-DIAG t= 48395.546 cyc=1631391715 game read STAT=0005 ctrl=0227 [DSR=0 CTS=0 RXRDY=0] pc=80153c88 (prev value held for 6 reads) totalReads=45268
SIO1-DIAG t= 48398.505 cyc=1631408516 RXMSG #296 declared=5 got=5 bytes=0a 03 0a
SIO1-DIAG t= 48398.512 cyc=1631408516 RX accept #293 byte=0d fifo=1 ctrl=0227
SIO1-DIAG t= 48398.513 cyc=1631408516 RXMSG #297 declared=5 got=5 bytes=0a 03 0a
SIO1-DIAG t= 48398.514 cyc=1631408516 RX accept #294 byte=00 fifo=2 ctrl=0227
SIO1-DIAG t= 48398.515 cyc=1631408516 RXMSG #298 declared=5 got=5 bytes=0a 03 0a
SIO1-DIAG t= 48398.516 cyc=1631408516 RX accept #295 byte=00 fifo=3 ctrl=0227
SIO1-DIAG t= 48398.517 cyc=1631408516 DRAIN 3 messages in one poll
SIO1-DIAG t= 48398.519 cyc=1631408541 game read STAT=0007 ctrl=0227 [DSR=0 CTS=0 RXRDY=1] pc=80153ce4 (prev value held for 295 reads) totalReads=45564
SIO1-DIAG t= 48398.526 cyc=1631408558 game read DATA=0d popped=1 fifo 3->2 stat=0007
SIO1-DIAG t= 48398.528 cyc=1631408608 LINKSTATE WR[act=00000000 buf=00000000 cnt=00000000 latch=00000000] RD[act=00000000 buf=801a9c71 cnt=000001eb] block=4 cfg=0205 DSR=0 DTR=1 stat=0007 ctrl=0227 fifo=2
SIO1-DIAG t= 48398.530 cyc=1631408636 game read DATA=00 popped=1 fifo 2->1 stat=0007
SIO1-DIAG t= 48398.531 cyc=1631408686 LINKSTATE WR[act=00000000 buf=00000000 cnt=00000000 latch=00000000] RD[act=00000000 buf=801a9c72 cnt=000001ea] block=4 cfg=0205 DSR=0 DTR=1 stat=0007 ctrl=0227 fifo=1
SIO1-DIAG t= 48398.533 cyc=1631408714 game read DATA=00 popped=1 fifo 1->0 stat=0005
SIO1-DIAG t= 48398.534 cyc=1631408764 LINKSTATE WR[act=00000000 buf=00000000 cnt=00000000 latch=00000000] RD[act=00000000 buf=801a9c73 cnt=000001e9] block=4 cfg=0205 DSR=0 DTR=1 stat=0005 ctrl=0227 fifo=0
SIO1-DIAG t= 48398.535 cyc=1631408764 game read STAT=0005 ctrl=0227 [DSR=0 CTS=0 RXRDY=0] pc=80153c88 (prev value held for 4 reads) totalReads=45569
SIO1-DIAG t= 48399.313 cyc=1631412817 RXMSG #299 declared=5 got=5 bytes=0a 03 0a
SIO1-DIAG t= 48399.315 cyc=1631412817 RX accept #296 byte=00 fifo=1 ctrl=0227
SIO1-DIAG t= 48399.316 cyc=1631412822 game read STAT=0007 ctrl=0227 [DSR=0 CTS=0 RXRDY=1] pc=80153ce4 (prev value held for 71 reads) totalReads=45641
SIO1-DIAG t= 48399.318 cyc=1631412839 game read DATA=00 popped=1 fifo 1->0 stat=0005
SIO1-DIAG t= 48399.319 cyc=1631412882 DTR 1->0 (toggle #74) pc=80153d50 ctrl=0225
SIO1-DIAG t= 48399.320 cyc=1631412882 game wrote CTRL=0225 [TXEN=1 DTR=0 RXEN=1 RTS=1 ACK=0 RESET=0 RXIRQEN=0 TXIRQEN=0] stat=0005
SIO1-DIAG t= 48399.325 cyc=1631412882 TXFC dxr=0 xts=1 ctrl=0225 initial=0
SIO1-DIAG t= 48399.327 cyc=1631412882 TXMSG #106 size=4 bytes=12 02 10
SIO1-DIAG t= 48399.332 cyc=1631412905 LINKSTATE WR[act=00000000 buf=00000000 cnt=00000000 latch=00000000] RD[act=00000000 buf=801a9c74 cnt=000001e8] block=4 cfg=0205 DSR=0 DTR=0 stat=0005 ctrl=0225 fifo=0
SIO1-DIAG t= 48399.334 cyc=1631412905 game read STAT=0005 ctrl=0225 [DSR=0 CTS=0 RXRDY=0] pc=80153c88 (prev value held for 0 reads) totalReads=45642
SIO1-DIAG t= 48402.501 cyc=1631429975 RXMSG #300 declared=5 got=5 bytes=0a 03 0a
SIO1-DIAG t= 48402.505 cyc=1631429975 RX accept #297 byte=06 fifo=1 ctrl=0225
SIO1-DIAG t= 48402.507 cyc=1631429975 RXMSG #301 declared=5 got=5 bytes=0a 03 0a
SIO1-DIAG t= 48402.508 cyc=1631429975 RX accept #298 byte=00 fifo=2 ctrl=0225
SIO1-DIAG t= 48402.510 cyc=1631429975 RXMSG #302 declared=5 got=5 bytes=0a 03 0a
SIO1-DIAG t= 48402.511 cyc=1631429975 RX accept #299 byte=00 fifo=3 ctrl=0225
SIO1-DIAG t= 48402.517 cyc=1631429975 RXMSG #303 declared=5 got=5 bytes=0a 03 0a
SIO1-DIAG t= 48402.519 cyc=1631429975 RX accept #300 byte=00 fifo=4 ctrl=0225
SIO1-DIAG t= 48402.520 cyc=1631429975 DRAIN 4 messages in one poll
SIO1-DIAG t= 48402.522 cyc=1631430016 game read STAT=0007 ctrl=0225 [DSR=0 CTS=0 RXRDY=1] pc=80153ce4 (prev value held for 300 reads) totalReads=45943
SIO1-DIAG t= 48402.528 cyc=1631430033 game read DATA=06 popped=1 fifo 4->3 stat=0007
SIO1-DIAG t= 48402.530 cyc=1631430083 LINKSTATE WR[act=00000000 buf=00000000 cnt=00000000 latch=00000000] RD[act=00000000 buf=801a9c75 cnt=000001e7] block=4 cfg=0205 DSR=0 DTR=0 stat=0007 ctrl=0225 fifo=3
SIO1-DIAG t= 48402.533 cyc=1631430111 game read DATA=00 popped=1 fifo 3->2 stat=0007
SIO1-DIAG t= 48402.534 cyc=1631430161 LINKSTATE WR[act=00000000 buf=00000000 cnt=00000000 latch=00000000] RD[act=00000000 buf=801a9c76 cnt=000001e6] block=4 cfg=0205 DSR=0 DTR=0 stat=0007 ctrl=0225 fifo=2
SIO1-DIAG t= 48402.535 cyc=1631430189 game read DATA=00 popped=1 fifo 2->1 stat=0007
SIO1-DIAG t= 48402.536 cyc=1631430239 LINKSTATE WR[act=00000000 buf=00000000 cnt=00000000 latch=00000000] RD[act=00000000 buf=801a9c77 cnt=000001e5] block=4 cfg=0205 DSR=0 DTR=0 stat=0007 ctrl=0225 fifo=1
SIO1-DIAG t= 48402.538 cyc=1631430267 game read DATA=00 popped=1 fifo 1->0 stat=0005
SIO1-DIAG t= 48402.539 cyc=1631430310 DTR 0->1 (toggle #75) pc=80153d50 ctrl=0227
SIO1-DIAG t= 48402.540 cyc=1631430310 game wrote CTRL=0227 [TXEN=1 DTR=1 RXEN=1 RTS=1 ACK=0 RESET=0 RXIRQEN=0 TXIRQEN=0] stat=0005
SIO1-DIAG t= 48402.542 cyc=1631430310 TXFC dxr=1 xts=1 ctrl=0227 initial=0
SIO1-DIAG t= 48402.544 cyc=1631430310 TXMSG #107 size=6 bytes=12 04 08
SIO1-DIAG t= 48402.550 cyc=1631430333 LINKSTATE WR[act=00000000 buf=00000000 cnt=00000000 latch=00000000] RD[act=00000000 buf=801a9c78 cnt=000001e4] block=4 cfg=0205 DSR=0 DTR=1 stat=0005 ctrl=0227 fifo=0
SIO1-DIAG t= 48402.551 cyc=1631430333 game read STAT=0005 ctrl=0227 [DSR=0 CTS=0 RXRDY=0] pc=80153c88 (prev value held for 6 reads) totalReads=45950
SIO1-DIAG t= 48405.965 cyc=1631449294 RXMSG #304 declared=5 got=5 bytes=0a 03 0a
SIO1-DIAG t= 48405.982 cyc=1631449294 RX accept #301 byte=00 fifo=1 ctrl=0227
SIO1-DIAG t= 48405.985 cyc=1631449325 game read STAT=0007 ctrl=0227 [DSR=0 CTS=0 RXRDY=1] pc=80153ce4 (prev value held for 333 reads) totalReads=46284
SIO1-DIAG t= 48405.988 cyc=1631449342 game read DATA=00 popped=1 fifo 1->0 stat=0005
SIO1-DIAG t= 48405.991 cyc=1631449392 LINKSTATE WR[act=00000000 buf=00000000 cnt=00000000 latch=00000000] RD[act=00000000 buf=801a9c79 cnt=000001e3] block=4 cfg=0205 DSR=0 DTR=1 stat=0005 ctrl=0227 fifo=0
SIO1-DIAG t= 48405.993 cyc=1631449392 game read STAT=0005 ctrl=0227 [DSR=0 CTS=0 RXRDY=0] pc=80153c88 (prev value held for 0 reads) totalReads=46285
SIO1-DIAG t= 48406.760 cyc=1631453580 RXMSG #305 declared=5 got=5 bytes=0a 03 0a
SIO1-DIAG t= 48406.765 cyc=1631453580 RX accept #302 byte=00 fifo=1 ctrl=0227
SIO1-DIAG t= 48406.766 cyc=1631453580 RXMSG #306 declared=5 got=5 bytes=0a 03 0a
SIO1-DIAG t= 48406.767 cyc=1631453580 RX accept #303 byte=00 fifo=2 ctrl=0227
SIO1-DIAG t= 48406.768 cyc=1631453580 RXMSG #307 declared=5 got=5 bytes=0a 03 0a
SIO1-DIAG t= 48406.769 cyc=1631453580 RX accept #304 byte=00 fifo=3 ctrl=0227
SIO1-DIAG t= 48406.770 cyc=1631453580 DRAIN 3 messages in one poll
SIO1-DIAG t= 48406.781 cyc=1631453621 game read STAT=0007 ctrl=0227 [DSR=0 CTS=0 RXRDY=1] pc=80153ce4 (prev value held for 74 reads) totalReads=46360
SIO1-DIAG t= 48406.784 cyc=1631453638 game read DATA=00 popped=1 fifo 3->2 stat=0007
SIO1-DIAG t= 48406.786 cyc=1631453688 LINKSTATE WR[act=00000000 buf=00000000 cnt=00000000 latch=00000000] RD[act=00000000 buf=801a9c7a cnt=000001e2] block=4 cfg=0205 DSR=0 DTR=1 stat=0007 ctrl=0227 fifo=2
SIO1-DIAG t= 48406.788 cyc=1631453716 game read DATA=00 popped=1 fifo 2->1 stat=0007
SIO1-DIAG t= 48406.790 cyc=1631453766 LINKSTATE WR[act=00000000 buf=00000000 cnt=00000000 latch=00000000] RD[act=00000000 buf=801a9c7b cnt=000001e1] block=4 cfg=0205 DSR=0 DTR=1 stat=0007 ctrl=0227 fifo=1
SIO1-DIAG t= 48406.792 cyc=1631453794 game read DATA=00 popped=1 fifo 1->0 stat=0005
SIO1-DIAG t= 48406.799 cyc=1631453837 DTR 1->0 (toggle #76) pc=80153d50 ctrl=0225
SIO1-DIAG t= 48406.800 cyc=1631453837 game wrote CTRL=0225 [TXEN=1 DTR=0 RXEN=1 RTS=1 ACK=0 RESET=0 RXIRQEN=0 TXIRQEN=0] stat=0005
SIO1-DIAG t= 48406.802 cyc=1631453837 TXFC dxr=0 xts=1 ctrl=0225 initial=0
SIO1-DIAG t= 48406.804 cyc=1631453837 TXMSG #108 size=4 bytes=12 02 10
SIO1-DIAG t= 48406.808 cyc=1631453860 LINKSTATE WR[act=00000000 buf=00000000 cnt=00000000 latch=00000000] RD[act=00000000 buf=801a9c7c cnt=000001e0] block=4 cfg=0205 DSR=0 DTR=0 stat=0005 ctrl=0225 fifo=0
SIO1-DIAG t= 48406.810 cyc=1631453860 game read STAT=0005 ctrl=0225 [DSR=0 CTS=0 RXRDY=0] pc=80153c88 (prev value held for 4 reads) totalReads=46365
SIO1-DIAG t= 48411.606 cyc=1631479333 RXMSG #308 declared=5 got=5 bytes=0a 03 0a
SIO1-DIAG t= 48411.621 cyc=1631479333 RX accept #305 byte=01 fifo=1 ctrl=0225
SIO1-DIAG t= 48411.624 cyc=1631479333 RXMSG #309 declared=5 got=5 bytes=0a 03 0a
SIO1-DIAG t= 48411.625 cyc=1631479333 RX accept #306 byte=00 fifo=2 ctrl=0225
SIO1-DIAG t= 48411.627 cyc=1631479333 RXMSG #310 declared=5 got=5 bytes=0a 03 0a
SIO1-DIAG t= 48411.628 cyc=1631479333 RX accept #307 byte=00 fifo=3 ctrl=0225
SIO1-DIAG t= 48411.629 cyc=1631479333 RXMSG #311 declared=5 got=5 bytes=0a 03 0a
SIO1-DIAG t= 48411.630 cyc=1631479333 RX accept #308 byte=00 fifo=4 ctrl=0225
SIO1-DIAG t= 48411.631 cyc=1631479333 DRAIN 4 messages in one poll
SIO1-DIAG t= 48411.632 cyc=1631479350 game read STAT=0007 ctrl=0225 [DSR=0 CTS=0 RXRDY=1] pc=80153ce4 (prev value held for 447 reads) totalReads=46813
SIO1-DIAG t= 48411.635 cyc=1631479367 game read DATA=01 popped=1 fifo 4->3 stat=0007
SIO1-DIAG t= 48411.637 cyc=1631479417 LINKSTATE WR[act=00000000 buf=00000000 cnt=00000000 latch=00000000] RD[act=00000000 buf=801a9c7d cnt=000001df] block=4 cfg=0205 DSR=0 DTR=0 stat=0007 ctrl=0225 fifo=3
SIO1-DIAG t= 48411.639 cyc=1631479445 game read DATA=00 popped=1 fifo 3->2 stat=0007
SIO1-DIAG t= 48411.640 cyc=1631479495 LINKSTATE WR[act=00000000 buf=00000000 cnt=00000000 latch=00000000] RD[act=00000000 buf=801a9c7e cnt=000001de] block=4 cfg=0205 DSR=0 DTR=0 stat=0007 ctrl=0225 fifo=2
SIO1-DIAG t= 48411.642 cyc=1631479523 game read DATA=00 popped=1 fifo 2->1 stat=0007
SIO1-DIAG t= 48411.650 cyc=1631479573 LINKSTATE WR[act=00000000 buf=00000000 cnt=00000000 latch=00000000] RD[act=00000000 buf=801a9c7f cnt=000001dd] block=4 cfg=0205 DSR=0 DTR=0 stat=0007 ctrl=0225 fifo=1
SIO1-DIAG t= 48411.652 cyc=1631479601 game read DATA=00 popped=1 fifo 1->0 stat=0005
SIO1-DIAG t= 48411.653 cyc=1631479644 DTR 0->1 (toggle #77) pc=80153d50 ctrl=0227
SIO1-DIAG t= 48411.654 cyc=1631479644 game wrote CTRL=0227 [TXEN=1 DTR=1 RXEN=1 RTS=1 ACK=0 RESET=0 RXIRQEN=0 TXIRQEN=0] stat=0005
SIO1-DIAG t= 48411.656 cyc=1631479644 TXFC dxr=1 xts=1 ctrl=0227 initial=0
SIO1-DIAG t= 48411.657 cyc=1631479644 TXMSG #109 size=6 bytes=12 04 08
SIO1-DIAG t= 48411.663 cyc=1631479667 LINKSTATE WR[act=00000000 buf=00000000 cnt=00000000 latch=00000000] RD[act=00000000 buf=801a9c80 cnt=000001dc] block=4 cfg=0205 DSR=0 DTR=1 stat=0005 ctrl=0227 fifo=0
SIO1-DIAG t= 48411.665 cyc=1631479667 game read STAT=0005 ctrl=0227 [DSR=0 CTS=0 RXRDY=0] pc=80153c88 (prev value held for 6 reads) totalReads=46820
SIO1-DIAG t= 48415.166 cyc=1631498654 RXMSG #312 declared=5 got=5 bytes=0a 03 0a
SIO1-DIAG t= 48415.175 cyc=1631498654 RX accept #309 byte=00 fifo=1 ctrl=0227
SIO1-DIAG t= 48415.181 cyc=1631498654 RXMSG #313 declared=5 got=5 bytes=0a 03 0a
SIO1-DIAG t= 48415.183 cyc=1631498654 RX accept #310 byte=00 fifo=2 ctrl=0227
SIO1-DIAG t= 48415.184 cyc=1631498654 RXMSG #314 declared=5 got=5 bytes=0a 03 0a
SIO1-DIAG t= 48415.192 cyc=1631498654 RX accept #311 byte=00 fifo=3 ctrl=0227
SIO1-DIAG t= 48415.193 cyc=1631498654 RXMSG #315 declared=5 got=5 bytes=0a 03 0a
SIO1-DIAG t= 48415.195 cyc=1631498654 RX accept #312 byte=00 fifo=4 ctrl=0227
SIO1-DIAG t= 48415.196 cyc=1631498654 DRAIN 4 messages in one poll
SIO1-DIAG t= 48415.197 cyc=1631498659 game read STAT=0007 ctrl=0227 [DSR=0 CTS=0 RXRDY=1] pc=80153ce4 (prev value held for 333 reads) totalReads=47154
SIO1-DIAG t= 48415.203 cyc=1631498676 game read DATA=00 popped=1 fifo 4->3 stat=0007
SIO1-DIAG t= 48415.205 cyc=1631498726 LINKSTATE WR[act=00000000 buf=00000000 cnt=00000000 latch=00000000] RD[act=00000000 buf=801a9c81 cnt=000001db] block=4 cfg=0205 DSR=0 DTR=1 stat=0007 ctrl=0227 fifo=3
SIO1-DIAG t= 48415.207 cyc=1631498754 game read DATA=00 popped=1 fifo 3->2 stat=0007
SIO1-DIAG t= 48415.208 cyc=1631498804 LINKSTATE WR[act=00000000 buf=00000000 cnt=00000000 latch=00000000] RD[act=00000000 buf=801a9c82 cnt=000001da] block=4 cfg=0205 DSR=0 DTR=1 stat=0007 ctrl=0227 fifo=2
SIO1-DIAG t= 48415.209 cyc=1631498832 game read DATA=00 popped=1 fifo 2->1 stat=0007
SIO1-DIAG t= 48415.210 cyc=1631498882 LINKSTATE WR[act=00000000 buf=00000000 cnt=00000000 latch=00000000] RD[act=00000000 buf=801a9c83 cnt=000001d9] block=4 cfg=0205 DSR=0 DTR=1 stat=0007 ctrl=0227 fifo=1
SIO1-DIAG t= 48415.212 cyc=1631498910 game read DATA=00 popped=1 fifo 1->0 stat=0005
SIO1-DIAG t= 48415.214 cyc=1631498953 DTR 1->0 (toggle #78) pc=80153d50 ctrl=0225
SIO1-DIAG t= 48415.215 cyc=1631498953 game wrote CTRL=0225 [TXEN=1 DTR=0 RXEN=1 RTS=1 ACK=0 RESET=0 RXIRQEN=0 TXIRQEN=0] stat=0005
SIO1-DIAG t= 48415.218 cyc=1631498953 TXFC dxr=0 xts=1 ctrl=0225 initial=0
SIO1-DIAG t= 48415.219 cyc=1631498953 TXMSG #110 size=4 bytes=12 02 10
SIO1-DIAG t= 48415.225 cyc=1631498976 LINKSTATE WR[act=00000000 buf=00000000 cnt=00000000 latch=00000000] RD[act=00000000 buf=801a9c84 cnt=000001d8] block=4 cfg=0205 DSR=0 DTR=0 stat=0005 ctrl=0225 fifo=0
SIO1-DIAG t= 48415.235 cyc=1631498976 game read STAT=0005 ctrl=0225 [DSR=0 CTS=0 RXRDY=0] pc=80153c88 (prev value held for 6 reads) totalReads=47161
SIO1-DIAG t= 48420.328 cyc=1631528700 RXMSG #316 declared=5 got=5 bytes=0a 03 0a
SIO1-DIAG t= 48420.343 cyc=1631528700 RX accept #313 byte=00 fifo=1 ctrl=0225
SIO1-DIAG t= 48420.346 cyc=1631528700 RXMSG #317 declared=5 got=5 bytes=0a 03 0a
SIO1-DIAG t= 48420.348 cyc=1631528700 RX accept #314 byte=00 fifo=2 ctrl=0225
SIO1-DIAG t= 48420.350 cyc=1631528700 DRAIN 2 messages in one poll
SIO1-DIAG t= 48420.351 cyc=1631528741 game read STAT=0007 ctrl=0225 [DSR=0 CTS=0 RXRDY=1] pc=80153ce4 (prev value held for 522 reads) totalReads=47684
SIO1-DIAG t= 48420.355 cyc=1631528758 game read DATA=00 popped=1 fifo 2->1 stat=0007
SIO1-DIAG t= 48420.357 cyc=1631528808 LINKSTATE WR[act=00000000 buf=00000000 cnt=00000000 latch=00000000] RD[act=00000000 buf=801a9c85 cnt=000001d7] block=4 cfg=0205 DSR=0 DTR=0 stat=0007 ctrl=0225 fifo=1
SIO1-DIAG t= 48420.360 cyc=1631528836 game read DATA=00 popped=1 fifo 1->0 stat=0005
SIO1-DIAG t= 48420.370 cyc=1631528886 LINKSTATE WR[act=00000000 buf=00000000 cnt=00000000 latch=00000000] RD[act=00000000 buf=801a9c86 cnt=000001d6] block=4 cfg=0205 DSR=0 DTR=0 stat=0005 ctrl=0225 fifo=0
SIO1-DIAG t= 48420.372 cyc=1631528886 game read STAT=0005 ctrl=0225 [DSR=0 CTS=0 RXRDY=0] pc=80153c88 (prev value held for 2 reads) totalReads=47687
SIO1-DIAG t= 48420.381 cyc=1631530851 RXMSG #318 declared=5 got=5 bytes=0a 03 0a
SIO1-DIAG t= 48420.383 cyc=1631530851 RX accept #315 byte=00 fifo=1 ctrl=0225
SIO1-DIAG t= 48420.387 cyc=1631530851 RXMSG #319 declared=5 got=5 bytes=0a 03 0a
SIO1-DIAG t= 48420.388 cyc=1631530851 RX accept #316 byte=00 fifo=2 ctrl=0225
SIO1-DIAG t= 48420.389 cyc=1631530851 DRAIN 2 messages in one poll
SIO1-DIAG t= 48420.390 cyc=1631530892 game read STAT=0007 ctrl=0225 [DSR=0 CTS=0 RXRDY=1] pc=80153ce4 (prev value held for 35 reads) totalReads=47723
SIO1-DIAG t= 48420.391 cyc=1631530909 game read DATA=00 popped=1 fifo 2->1 stat=0007
SIO1-DIAG t= 48420.392 cyc=1631530959 LINKSTATE WR[act=00000000 buf=00000000 cnt=00000000 latch=00000000] RD[act=00000000 buf=801a9c87 cnt=000001d5] block=4 cfg=0205 DSR=0 DTR=0 stat=0007 ctrl=0225 fifo=1
SIO1-DIAG t= 48420.394 cyc=1631530987 game read DATA=00 popped=1 fifo 1->0 stat=0005
SIO1-DIAG t= 48420.395 cyc=1631531030 DTR 0->1 (toggle #79) pc=80153d50 ctrl=0227
SIO1-DIAG t= 48420.396 cyc=1631531030 game wrote CTRL=0227 [TXEN=1 DTR=1 RXEN=1 RTS=1 ACK=0 RESET=0 RXIRQEN=0 TXIRQEN=0] stat=0005
SIO1-DIAG t= 48420.402 cyc=1631531030 TXFC dxr=1 xts=1 ctrl=0227 initial=0
SIO1-DIAG t= 48420.418 cyc=1631531030 TXMSG #111 size=6 bytes=12 04 08
SIO1-DIAG t= 48420.424 cyc=1631531053 LINKSTATE WR[act=00000000 buf=00000000 cnt=00000000 latch=00000000] RD[act=00000000 buf=801a9c88 cnt=000001d4] block=4 cfg=0205 DSR=0 DTR=1 stat=0005 ctrl=0227 fifo=0
SIO1-DIAG t= 48420.426 cyc=1631531053 game read STAT=0005 ctrl=0227 [DSR=0 CTS=0 RXRDY=0] pc=80153c88 (prev value held for 2 reads) totalReads=47726
SIO1-DIAG t= 48425.443 cyc=1631558735 RXMSG #320 declared=5 got=5 bytes=0a 03 0a
SIO1-DIAG t= 48425.462 cyc=1631558735 RX accept #317 byte=05 fifo=1 ctrl=0227
SIO1-DIAG t= 48425.465 cyc=1631558735 RXMSG #321 declared=5 got=5 bytes=0a 03 0a
SIO1-DIAG t= 48425.467 cyc=1631558735 RX accept #318 byte=00 fifo=2 ctrl=0227
SIO1-DIAG t= 48425.469 cyc=1631558735 RXMSG #322 declared=5 got=5 bytes=0a 03 0a
SIO1-DIAG t= 48425.470 cyc=1631558735 RX accept #319 byte=00 fifo=3 ctrl=0227
SIO1-DIAG t= 48425.472 cyc=1631558735 RXMSG #323 declared=5 got=5 bytes=0a 03 0a
SIO1-DIAG t= 48425.473 cyc=1631558735 RX accept #320 byte=00 fifo=4 ctrl=0227
SIO1-DIAG t= 48425.474 cyc=1631558735 DRAIN 4 messages in one poll
SIO1-DIAG t= 48425.475 cyc=1631558766 game read STAT=0007 ctrl=0227 [DSR=0 CTS=0 RXRDY=1] pc=80153ce4 (prev value held for 486 reads) totalReads=48213
SIO1-DIAG t= 48425.478 cyc=1631558783 game read DATA=05 popped=1 fifo 4->3 stat=0007
SIO1-DIAG t= 48425.488 cyc=1631558833 LINKSTATE WR[act=00000000 buf=00000000 cnt=00000000 latch=00000000] RD[act=00000000 buf=801a9c89 cnt=000001d3] block=4 cfg=0205 DSR=0 DTR=1 stat=0007 ctrl=0227 fifo=3
SIO1-DIAG t= 48425.490 cyc=1631558861 game read DATA=00 popped=1 fifo 3->2 stat=0007
SIO1-DIAG t= 48425.492 cyc=1631558911 LINKSTATE WR[act=00000000 buf=00000000 cnt=00000000 latch=00000000] RD[act=00000000 buf=801a9c8a cnt=000001d2] block=4 cfg=0205 DSR=0 DTR=1 stat=0007 ctrl=0227 fifo=2
SIO1-DIAG t= 48425.493 cyc=1631558939 game read DATA=00 popped=1 fifo 2->1 stat=0007
SIO1-DIAG t= 48425.495 cyc=1631558989 LINKSTATE WR[act=00000000 buf=00000000 cnt=00000000 latch=00000000] RD[act=00000000 buf=801a9c8b cnt=000001d1] block=4 cfg=0205 DSR=0 DTR=1 stat=0007 ctrl=0227 fifo=1
SIO1-DIAG t= 48425.496 cyc=1631559017 game read DATA=00 popped=1 fifo 1->0 stat=0005
SIO1-DIAG t= 48425.498 cyc=1631559060 DTR 1->0 (toggle #80) pc=80153d50 ctrl=0225
SIO1-DIAG t= 48425.499 cyc=1631559060 game wrote CTRL=0225 [TXEN=1 DTR=0 RXEN=1 RTS=1 ACK=0 RESET=0 RXIRQEN=0 TXIRQEN=0] stat=0005
SIO1-DIAG t= 48425.500 cyc=1631559060 TXFC dxr=0 xts=1 ctrl=0225 initial=0
SIO1-DIAG t= 48425.502 cyc=1631559060 TXMSG #112 size=4 bytes=12 02 10
SIO1-DIAG t= 48425.508 cyc=1631559083 LINKSTATE WR[act=00000000 buf=00000000 cnt=00000000 latch=00000000] RD[act=00000000 buf=801a9c8c cnt=000001d0] block=4 cfg=0205 DSR=0 DTR=0 stat=0005 ctrl=0225 fifo=0
SIO1-DIAG t= 48425.513 cyc=1631559083 game read STAT=0005 ctrl=0225 [DSR=0 CTS=0 RXRDY=0] pc=80153c88 (prev value held for 6 reads) totalReads=48220
SIO1-DIAG t= 48430.780 cyc=1631586641 RXMSG #324 declared=5 got=5 bytes=0a 03 0a
SIO1-DIAG t= 48430.789 cyc=1631586641 RX accept #321 byte=6e fifo=1 ctrl=0225
SIO1-DIAG t= 48430.791 cyc=1631586641 RXMSG #325 declared=5 got=5 bytes=0a 03 0a
SIO1-DIAG t= 48430.793 cyc=1631586641 RX accept #322 byte=01 fifo=2 ctrl=0225
SIO1-DIAG t= 48430.794 cyc=1631586641 RXMSG #326 declared=5 got=5 bytes=0a 03 0a
SIO1-DIAG t= 48430.795 cyc=1631586641 RX accept #323 byte=00 fifo=3 ctrl=0225
SIO1-DIAG t= 48430.796 cyc=1631586641 RXMSG #327 declared=5 got=5 bytes=0a 03 0a
SIO1-DIAG t= 48430.798 cyc=1631586641 RX accept #324 byte=00 fifo=4 ctrl=0225
SIO1-DIAG t= 48430.799 cyc=1631586641 DRAIN 4 messages in one poll
SIO1-DIAG t= 48430.800 cyc=1631586682 game read STAT=0007 ctrl=0225 [DSR=0 CTS=0 RXRDY=1] pc=80153ce4 (prev value held for 484 reads) totalReads=48705
SIO1-DIAG t= 48430.802 cyc=1631586699 game read DATA=6e popped=1 fifo 4->3 stat=0007
SIO1-DIAG t= 48430.804 cyc=1631586749 LINKSTATE WR[act=00000000 buf=00000000 cnt=00000000 latch=00000000] RD[act=00000000 buf=801a9c8d cnt=000001cf] block=4 cfg=0205 DSR=0 DTR=0 stat=0007 ctrl=0225 fifo=3
SIO1-DIAG t= 48430.814 cyc=1631586777 game read DATA=01 popped=1 fifo 3->2 stat=0007
SIO1-DIAG t= 48430.815 cyc=1631586827 LINKSTATE WR[act=00000000 buf=00000000 cnt=00000000 latch=00000000] RD[act=00000000 buf=801a9c8e cnt=000001ce] block=4 cfg=0205 DSR=0 DTR=0 stat=0007 ctrl=0225 fifo=2
SIO1-DIAG t= 48430.827 cyc=1631586855 game read DATA=00 popped=1 fifo 2->1 stat=0007
SIO1-DIAG t= 48430.828 cyc=1631586905 LINKSTATE WR[act=00000000 buf=00000000 cnt=00000000 latch=00000000] RD[act=00000000 buf=801a9c8f cnt=000001cd] block=4 cfg=0205 DSR=0 DTR=0 stat=0007 ctrl=0225 fifo=1
SIO1-DIAG t= 48430.830 cyc=1631586933 game read DATA=00 popped=1 fifo 1->0 stat=0005
SIO1-DIAG t= 48430.831 cyc=1631586976 DTR 0->1 (toggle #81) pc=80153d50 ctrl=0227
SIO1-DIAG t= 48430.833 cyc=1631586976 game wrote CTRL=0227 [TXEN=1 DTR=1 RXEN=1 RTS=1 ACK=0 RESET=0 RXIRQEN=0 TXIRQEN=0] stat=0005
SIO1-DIAG t= 48430.834 cyc=1631586976 TXFC dxr=1 xts=1 ctrl=0227 initial=0
SIO1-DIAG t= 48430.836 cyc=1631586976 TXMSG #113 size=6 bytes=12 04 08
SIO1-DIAG t= 48430.841 cyc=1631586999 LINKSTATE WR[act=00000000 buf=00000000 cnt=00000000 latch=00000000] RD[act=00000000 buf=801a9c90 cnt=000001cc] block=4 cfg=0205 DSR=0 DTR=1 stat=0005 ctrl=0227 fifo=0
SIO1-DIAG t= 48430.844 cyc=1631586999 game read STAT=0005 ctrl=0227 [DSR=0 CTS=0 RXRDY=0] pc=80153c88 (prev value held for 6 reads) totalReads=48712
SIO1-DIAG t= 48435.310 cyc=1631612033 STAT poll sample pc=80153ce4 stat=0005 reads=49152
SIO1-DIAG t= 48436.604 cyc=1631618832 RXMSG #328 declared=5 got=5 bytes=0a 03 0a
SIO1-DIAG t= 48436.610 cyc=1631618832 RX accept #325 byte=46 fifo=1 ctrl=0227
SIO1-DIAG t= 48436.612 cyc=1631618832 RXMSG #329 declared=5 got=5 bytes=0a 03 0a
SIO1-DIAG t= 48436.613 cyc=1631618832 RX accept #326 byte=00 fifo=2 ctrl=0227
SIO1-DIAG t= 48436.621 cyc=1631618832 RXMSG #330 declared=5 got=5 bytes=0a 03 0a
SIO1-DIAG t= 48436.623 cyc=1631618832 RX accept #327 byte=00 fifo=3 ctrl=0227
SIO1-DIAG t= 48436.627 cyc=1631618832 RXMSG #331 declared=5 got=5 bytes=0a 03 0a
SIO1-DIAG t= 48436.628 cyc=1631618832 RX accept #328 byte=00 fifo=4 ctrl=0227
SIO1-DIAG t= 48436.629 cyc=1631618832 DRAIN 4 messages in one poll
SIO1-DIAG t= 48436.630 cyc=1631618873 game read STAT=0007 ctrl=0227 [DSR=0 CTS=0 RXRDY=1] pc=80153ce4 (prev value held for 559 reads) totalReads=49272
SIO1-DIAG t= 48436.632 cyc=1631618890 game read DATA=46 popped=1 fifo 4->3 stat=0007
SIO1-DIAG t= 48436.634 cyc=1631618940 LINKSTATE WR[act=00000000 buf=00000000 cnt=00000000 latch=00000000] RD[act=00000000 buf=801a9c91 cnt=000001cb] block=4 cfg=0205 DSR=0 DTR=1 stat=0007 ctrl=0227 fifo=3
SIO1-DIAG t= 48436.636 cyc=1631618968 game read DATA=00 popped=1 fifo 3->2 stat=0007
SIO1-DIAG t= 48436.637 cyc=1631619018 LINKSTATE WR[act=00000000 buf=00000000 cnt=00000000 latch=00000000] RD[act=00000000 buf=801a9c92 cnt=000001ca] block=4 cfg=0205 DSR=0 DTR=1 stat=0007 ctrl=0227 fifo=2
SIO1-DIAG t= 48436.639 cyc=1631619046 game read DATA=00 popped=1 fifo 2->1 stat=0007
SIO1-DIAG t= 48436.641 cyc=1631619096 LINKSTATE WR[act=00000000 buf=00000000 cnt=00000000 latch=00000000] RD[act=00000000 buf=801a9c93 cnt=000001c9] block=4 cfg=0205 DSR=0 DTR=1 stat=0007 ctrl=0227 fifo=1
SIO1-DIAG t= 48436.643 cyc=1631619124 game read DATA=00 popped=1 fifo 1->0 stat=0005
SIO1-DIAG t= 48436.648 cyc=1631619167 DTR 1->0 (toggle #82) pc=80153d50 ctrl=0225
SIO1-DIAG t= 48436.649 cyc=1631619167 game wrote CTRL=0225 [TXEN=1 DTR=0 RXEN=1 RTS=1 ACK=0 RESET=0 RXIRQEN=0 TXIRQEN=0] stat=0005
SIO1-DIAG t= 48436.652 cyc=1631619167 TXFC dxr=0 xts=1 ctrl=0225 initial=0
SIO1-DIAG t= 48436.654 cyc=1631619167 TXMSG #114 size=4 bytes=12 02 10
SIO1-DIAG t= 48436.661 cyc=1631619190 LINKSTATE WR[act=00000000 buf=00000000 cnt=00000000 latch=00000000] RD[act=00000000 buf=801a9c94 cnt=000001c8] block=4 cfg=0205 DSR=0 DTR=0 stat=0005 ctrl=0225 fifo=0
SIO1-DIAG t= 48436.663 cyc=1631619190 game read STAT=0005 ctrl=0225 [DSR=0 CTS=0 RXRDY=0] pc=80153c88 (prev value held for 6 reads) totalReads=49279
SIO1-DIAG t= 48442.052 cyc=1631648867 RXMSG #332 declared=5 got=5 bytes=0a 03 0a
SIO1-DIAG t= 48442.079 cyc=1631648867 RX accept #329 byte=32 fifo=1 ctrl=0225
SIO1-DIAG t= 48442.083 cyc=1631648867 RXMSG #333 declared=5 got=5 bytes=0a 03 0a
SIO1-DIAG t= 48442.085 cyc=1631648867 RX accept #330 byte=00 fifo=2 ctrl=0225
SIO1-DIAG t= 48442.087 cyc=1631648867 RXMSG #334 declared=5 got=5 bytes=0a 03 0a
SIO1-DIAG t= 48442.088 cyc=1631648867 RX accept #331 byte=00 fifo=3 ctrl=0225
SIO1-DIAG t= 48442.091 cyc=1631648867 RXMSG #335 declared=5 got=5 bytes=0a 03 0a
SIO1-DIAG t= 48442.092 cyc=1631648867 RX accept #332 byte=00 fifo=4 ctrl=0225
SIO1-DIAG t= 48442.094 cyc=1631648867 DRAIN 4 messages in one poll
SIO1-DIAG t= 48442.096 cyc=1631648868 game read STAT=0007 ctrl=0225 [DSR=0 CTS=0 RXRDY=1] pc=80153ce4 (prev value held for 271 reads) totalReads=49551
SIO1-DIAG t= 48442.099 cyc=1631648885 game read DATA=32 popped=1 fifo 4->3 stat=0007
SIO1-DIAG t= 48442.102 cyc=1631648935 LINKSTATE WR[act=00000000 buf=00000000 cnt=00000000 latch=00000000] RD[act=00000000 buf=801a9c95 cnt=000001c7] block=4 cfg=0205 DSR=0 DTR=0 stat=0007 ctrl=0225 fifo=3
SIO1-DIAG t= 48442.106 cyc=1631648963 game read DATA=00 popped=1 fifo 3->2 stat=0007
SIO1-DIAG t= 48442.107 cyc=1631649013 LINKSTATE WR[act=00000000 buf=00000000 cnt=00000000 latch=00000000] RD[act=00000000 buf=801a9c96 cnt=000001c6] block=4 cfg=0205 DSR=0 DTR=0 stat=0007 ctrl=0225 fifo=2
SIO1-DIAG t= 48442.109 cyc=1631649041 game read DATA=00 popped=1 fifo 2->1 stat=0007
SIO1-DIAG t= 48442.110 cyc=1631649091 LINKSTATE WR[act=00000000 buf=00000000 cnt=00000000 latch=00000000] RD[act=00000000 buf=801a9c97 cnt=000001c5] block=4 cfg=0205 DSR=0 DTR=0 stat=0007 ctrl=0225 fifo=1
SIO1-DIAG t= 48442.112 cyc=1631649119 game read DATA=00 popped=1 fifo 1->0 stat=0005
SIO1-DIAG t= 48442.113 cyc=1631649162 DTR 0->1 (toggle #83) pc=80153d50 ctrl=0227
SIO1-DIAG t= 48442.115 cyc=1631649162 game wrote CTRL=0227 [TXEN=1 DTR=1 RXEN=1 RTS=1 ACK=0 RESET=0 RXIRQEN=0 TXIRQEN=0] stat=0005
SIO1-DIAG t= 48442.116 cyc=1631649162 TXFC dxr=1 xts=1 ctrl=0227 initial=0
SIO1-DIAG t= 48442.118 cyc=1631649162 TXMSG #115 size=6 bytes=12 04 08
SIO1-DIAG t= 48442.136 cyc=1631649185 LINKSTATE WR[act=00000000 buf=00000000 cnt=00000000 latch=00000000] RD[act=00000000 buf=801a9c98 cnt=000001c4] block=4 cfg=0205 DSR=0 DTR=1 stat=0005 ctrl=0227 fifo=0
SIO1-DIAG t= 48442.138 cyc=1631649185 game read STAT=0005 ctrl=0227 [DSR=0 CTS=0 RXRDY=0] pc=80153c88 (prev value held for 6 reads) totalReads=49558
SIO1-DIAG t= 48448.195 cyc=1631681058 RXMSG #336 declared=5 got=5 bytes=0a 03 0a
SIO1-DIAG t= 48448.200 cyc=1631681058 RX accept #333 byte=0d fifo=1 ctrl=0227
SIO1-DIAG t= 48448.202 cyc=1631681058 RXMSG #337 declared=5 got=5 bytes=0a 03 0a
SIO1-DIAG t= 48448.203 cyc=1631681058 RX accept #334 byte=00 fifo=2 ctrl=0227
SIO1-DIAG t= 48448.204 cyc=1631681058 RXMSG #338 declared=5 got=5 bytes=0a 03 0a
SIO1-DIAG t= 48448.205 cyc=1631681058 RX accept #335 byte=00 fifo=3 ctrl=0227
SIO1-DIAG t= 48448.206 cyc=1631681058 DRAIN 3 messages in one poll
SIO1-DIAG t= 48448.207 cyc=1631681059 game read STAT=0007 ctrl=0227 [DSR=0 CTS=0 RXRDY=1] pc=80153ce4 (prev value held for 559 reads) totalReads=50118
SIO1-DIAG t= 48448.209 cyc=1631681076 game read DATA=0d popped=1 fifo 3->2 stat=0007
SIO1-DIAG t= 48448.210 cyc=1631681126 LINKSTATE WR[act=00000000 buf=00000000 cnt=00000000 latch=00000000] RD[act=00000000 buf=801a9c99 cnt=000001c3] block=4 cfg=0205 DSR=0 DTR=1 stat=0007 ctrl=0227 fifo=2
SIO1-DIAG t= 48448.212 cyc=1631681154 game read DATA=00 popped=1 fifo 2->1 stat=0007
SIO1-DIAG t= 48448.213 cyc=1631681204 LINKSTATE WR[act=00000000 buf=00000000 cnt=00000000 latch=00000000] RD[act=00000000 buf=801a9c9a cnt=000001c2] block=4 cfg=0205 DSR=0 DTR=1 stat=0007 ctrl=0227 fifo=1
SIO1-DIAG t= 48448.220 cyc=1631681232 game read DATA=00 popped=1 fifo 1->0 stat=0005
SIO1-DIAG t= 48448.221 cyc=1631681282 LINKSTATE WR[act=00000000 buf=00000000 cnt=00000000 latch=00000000] RD[act=00000000 buf=801a9c9b cnt=000001c1] block=4 cfg=0205 DSR=0 DTR=1 stat=0005 ctrl=0227 fifo=0
SIO1-DIAG t= 48448.223 cyc=1631681282 game read STAT=0005 ctrl=0227 [DSR=0 CTS=0 RXRDY=0] pc=80153c88 (prev value held for 4 reads) totalReads=50123
SIO1-DIAG t= 48448.245 cyc=1631685356 RXMSG #339 declared=5 got=5 bytes=0a 03 0a
SIO1-DIAG t= 48448.246 cyc=1631685356 RX accept #336 byte=00 fifo=1 ctrl=0227
SIO1-DIAG t= 48448.247 cyc=1631685397 game read STAT=0007 ctrl=0227 [DSR=0 CTS=0 RXRDY=1] pc=80153ce4 (prev value held for 72 reads) totalReads=50196
SIO1-DIAG t= 48448.249 cyc=1631685414 game read DATA=00 popped=1 fifo 1->0 stat=0005
SIO1-DIAG t= 48448.251 cyc=1631685457 DTR 1->0 (toggle #84) pc=80153d50 ctrl=0225
SIO1-DIAG t= 48448.252 cyc=1631685457 game wrote CTRL=0225 [TXEN=1 DTR=0 RXEN=1 RTS=1 ACK=0 RESET=0 RXIRQEN=0 TXIRQEN=0] stat=0005
SIO1-DIAG t= 48448.255 cyc=1631685457 TXFC dxr=0 xts=1 ctrl=0225 initial=0
SIO1-DIAG t= 48448.257 cyc=1631685457 TXMSG #116 size=4 bytes=12 02 10
SIO1-DIAG t= 48448.262 cyc=1631685480 LINKSTATE WR[act=00000000 buf=00000000 cnt=00000000 latch=00000000] RD[act=00000000 buf=801a9c9c cnt=000001c0] block=4 cfg=0205 DSR=0 DTR=0 stat=0005 ctrl=0225 fifo=0
SIO1-DIAG t= 48448.266 cyc=1631685480 game read STAT=0005 ctrl=0225 [DSR=0 CTS=0 RXRDY=0] pc=80153c88 (prev value held for 0 reads) totalReads=50197
SIO1-DIAG t= 48457.553 cyc=1631734708 RXMSG #340 declared=5 got=5 bytes=0a 03 0a
SIO1-DIAG t= 48457.572 cyc=1631734708 RX accept #337 byte=01 fifo=1 ctrl=0225
SIO1-DIAG t= 48457.574 cyc=1631734708 RXMSG #341 declared=5 got=5 bytes=0a 03 0a
SIO1-DIAG t= 48457.576 cyc=1631734708 RX accept #338 byte=00 fifo=2 ctrl=0225
SIO1-DIAG t= 48457.578 cyc=1631734708 RXMSG #342 declared=5 got=5 bytes=0a 03 0a
SIO1-DIAG t= 48457.579 cyc=1631734708 RX accept #339 byte=00 fifo=3 ctrl=0225
SIO1-DIAG t= 48457.581 cyc=1631734708 RXMSG #343 declared=5 got=5 bytes=0a 03 0a
SIO1-DIAG t= 48457.582 cyc=1631734708 RX accept #340 byte=00 fifo=4 ctrl=0225
SIO1-DIAG t= 48457.583 cyc=1631734708 DRAIN 4 messages in one poll
SIO1-DIAG t= 48457.584 cyc=1631734739 game read STAT=0007 ctrl=0225 [DSR=0 CTS=0 RXRDY=1] pc=80153ce4 (prev value held for 864 reads) totalReads=51062
SIO1-DIAG t= 48457.587 cyc=1631734756 game read DATA=01 popped=1 fifo 4->3 stat=0007
SIO1-DIAG t= 48457.589 cyc=1631734806 LINKSTATE WR[act=00000000 buf=00000000 cnt=00000000 latch=00000000] RD[act=00000000 buf=801a9c9d cnt=000001bf] block=4 cfg=0205 DSR=0 DTR=0 stat=0007 ctrl=0225 fifo=3
SIO1-DIAG t= 48457.592 cyc=1631734834 game read DATA=00 popped=1 fifo 3->2 stat=0007
SIO1-DIAG t= 48457.593 cyc=1631734884 LINKSTATE WR[act=00000000 buf=00000000 cnt=00000000 latch=00000000] RD[act=00000000 buf=801a9c9e cnt=000001be] block=4 cfg=0205 DSR=0 DTR=0 stat=0007 ctrl=0225 fifo=2
SIO1-DIAG t= 48457.605 cyc=1631734912 game read DATA=00 popped=1 fifo 2->1 stat=0007
SIO1-DIAG t= 48457.607 cyc=1631734962 LINKSTATE WR[act=00000000 buf=00000000 cnt=00000000 latch=00000000] RD[act=00000000 buf=801a9c9f cnt=000001bd] block=4 cfg=0205 DSR=0 DTR=0 stat=0007 ctrl=0225 fifo=1
SIO1-DIAG t= 48457.609 cyc=1631734990 game read DATA=00 popped=1 fifo 1->0 stat=0005
SIO1-DIAG t= 48457.611 cyc=1631735033 DTR 0->1 (toggle #85) pc=80153d50 ctrl=0227
SIO1-DIAG t= 48457.612 cyc=1631735033 game wrote CTRL=0227 [TXEN=1 DTR=1 RXEN=1 RTS=1 ACK=0 RESET=0 RXIRQEN=0 TXIRQEN=0] stat=0005
SIO1-DIAG t= 48457.614 cyc=1631735033 TXFC dxr=1 xts=1 ctrl=0227 initial=0
SIO1-DIAG t= 48457.617 cyc=1631735033 TXMSG #117 size=6 bytes=12 04 08
SIO1-DIAG t= 48457.624 cyc=1631735056 LINKSTATE WR[act=00000000 buf=00000000 cnt=00000000 latch=00000000] RD[act=00000000 buf=801a9ca0 cnt=000001bc] block=4 cfg=0205 DSR=0 DTR=1 stat=0005 ctrl=0227 fifo=0
SIO1-DIAG t= 48457.626 cyc=1631735056 game read STAT=0005 ctrl=0227 [DSR=0 CTS=0 RXRDY=0] pc=80153c88 (prev value held for 6 reads) totalReads=51069
SIO1-DIAG t= 48470.770 cyc=1631803379 RXMSG #344 declared=5 got=5 bytes=0a 03 0a
SIO1-DIAG t= 48470.789 cyc=1631803379 RX accept #341 byte=1e fifo=1 ctrl=0227
SIO1-DIAG t= 48470.792 cyc=1631803379 RXMSG #345 declared=5 got=5 bytes=0a 03 0a
SIO1-DIAG t= 48470.794 cyc=1631803379 RX accept #342 byte=00 fifo=2 ctrl=0227
SIO1-DIAG t= 48470.809 cyc=1631803379 RXMSG #346 declared=5 got=5 bytes=0a 03 0a
SIO1-DIAG t= 48470.818 cyc=1631803379 RX accept #343 byte=00 fifo=3 ctrl=0227
SIO1-DIAG t= 48470.820 cyc=1631803379 RXMSG #347 declared=5 got=5 bytes=0a 03 0a
SIO1-DIAG t= 48470.822 cyc=1631803379 RX accept #344 byte=00 fifo=4 ctrl=0227
SIO1-DIAG t= 48470.824 cyc=1631803379 DRAIN 4 messages in one poll
SIO1-DIAG t= 48470.826 cyc=1631803410 game read STAT=0007 ctrl=0227 [DSR=0 CTS=0 RXRDY=1] pc=80153ce4 (prev value held for 1199 reads) totalReads=52269
SIO1-DIAG t= 48470.830 cyc=1631803427 game read DATA=1e popped=1 fifo 4->3 stat=0007
SIO1-DIAG t= 48470.832 cyc=1631803477 LINKSTATE WR[act=00000000 buf=00000000 cnt=00000000 latch=00000000] RD[act=00000000 buf=801a9ca1 cnt=000001bb] block=4 cfg=0205 DSR=0 DTR=1 stat=0007 ctrl=0227 fifo=3
SIO1-DIAG t= 48470.836 cyc=1631803505 game read DATA=00 popped=1 fifo 3->2 stat=0007
SIO1-DIAG t= 48470.838 cyc=1631803555 LINKSTATE WR[act=00000000 buf=00000000 cnt=00000000 latch=00000000] RD[act=00000000 buf=801a9ca2 cnt=000001ba] block=4 cfg=0205 DSR=0 DTR=1 stat=0007 ctrl=0227 fifo=2
SIO1-DIAG t= 48470.840 cyc=1631803583 game read DATA=00 popped=1 fifo 2->1 stat=0007
SIO1-DIAG t= 48470.842 cyc=1631803633 LINKSTATE WR[act=00000000 buf=00000000 cnt=00000000 latch=00000000] RD[act=00000000 buf=801a9ca3 cnt=000001b9] block=4 cfg=0205 DSR=0 DTR=1 stat=0007 ctrl=0227 fifo=1
SIO1-DIAG t= 48470.843 cyc=1631803661 game read DATA=00 popped=1 fifo 1->0 stat=0005
SIO1-DIAG t= 48470.845 cyc=1631803704 DTR 1->0 (toggle #86) pc=80153d50 ctrl=0225
SIO1-DIAG t= 48470.848 cyc=1631803704 game wrote CTRL=0225 [TXEN=1 DTR=0 RXEN=1 RTS=1 ACK=0 RESET=0 RXIRQEN=0 TXIRQEN=0] stat=0005
SIO1-DIAG t= 48470.850 cyc=1631803704 TXFC dxr=0 xts=1 ctrl=0225 initial=0
SIO1-DIAG t= 48470.852 cyc=1631803704 TXMSG #118 size=4 bytes=12 02 10
SIO1-DIAG t= 48470.859 cyc=1631803727 LINKSTATE WR[act=00000000 buf=00000000 cnt=00000000 latch=00000000] RD[act=00000000 buf=801a9ca4 cnt=000001b8] block=4 cfg=0205 DSR=0 DTR=0 stat=0005 ctrl=0225 fifo=0
SIO1-DIAG t= 48470.862 cyc=1631803727 game read STAT=0005 ctrl=0225 [DSR=0 CTS=0 RXRDY=0] pc=80153c88 (prev value held for 6 reads) totalReads=52276
SIO1-DIAG t= 48478.644 cyc=1631846300 RXMSG #348 declared=5 got=5 bytes=0a 03 0a
SIO1-DIAG t= 48478.657 cyc=1631846300 RX accept #345 byte=0b fifo=1 ctrl=0225
SIO1-DIAG t= 48478.659 cyc=1631846300 RXMSG #349 declared=5 got=5 bytes=0a 03 0a
SIO1-DIAG t= 48478.660 cyc=1631846300 RX accept #346 byte=00 fifo=2 ctrl=0225
SIO1-DIAG t= 48478.661 cyc=1631846300 RXMSG #350 declared=5 got=5 bytes=0a 03 0a
SIO1-DIAG t= 48478.663 cyc=1631846300 RX accept #347 byte=00 fifo=3 ctrl=0225
SIO1-DIAG t= 48478.664 cyc=1631846300 DRAIN 3 messages in one poll
SIO1-DIAG t= 48478.666 cyc=1631846317 game read STAT=0007 ctrl=0225 [DSR=0 CTS=0 RXRDY=1] pc=80153ce4 (prev value held for 747 reads) totalReads=53024
SIO1-DIAG t= 48478.669 cyc=1631846334 game read DATA=0b popped=1 fifo 3->2 stat=0007
SIO1-DIAG t= 48478.681 cyc=1631846384 LINKSTATE WR[act=00000000 buf=00000000 cnt=00000000 latch=00000000] RD[act=00000000 buf=801a9ca5 cnt=000001b7] block=4 cfg=0205 DSR=0 DTR=0 stat=0007 ctrl=0225 fifo=2
SIO1-DIAG t= 48478.684 cyc=1631846412 game read DATA=00 popped=1 fifo 2->1 stat=0007
SIO1-DIAG t= 48478.686 cyc=1631846462 LINKSTATE WR[act=00000000 buf=00000000 cnt=00000000 latch=00000000] RD[act=00000000 buf=801a9ca6 cnt=000001b6] block=4 cfg=0205 DSR=0 DTR=0 stat=0007 ctrl=0225 fifo=1
SIO1-DIAG t= 48478.688 cyc=1631846490 game read DATA=00 popped=1 fifo 1->0 stat=0005
SIO1-DIAG t= 48478.690 cyc=1631846540 LINKSTATE WR[act=00000000 buf=00000000 cnt=00000000 latch=00000000] RD[act=00000000 buf=801a9ca7 cnt=000001b5] block=4 cfg=0205 DSR=0 DTR=0 stat=0005 ctrl=0225 fifo=0
SIO1-DIAG t= 48478.691 cyc=1631846540 game read STAT=0005 ctrl=0225 [DSR=0 CTS=0 RXRDY=0] pc=80153c88 (prev value held for 4 reads) totalReads=53029
SIO1-DIAG t= 48478.698 cyc=1631848448 RXMSG #351 declared=5 got=5 bytes=0a 03 0a
SIO1-DIAG t= 48478.699 cyc=1631848448 RX accept #348 byte=00 fifo=1 ctrl=0225
SIO1-DIAG t= 48478.700 cyc=1631848489 game read STAT=0007 ctrl=0225 [DSR=0 CTS=0 RXRDY=1] pc=80153ce4 (prev value held for 34 reads) totalReads=53064
SIO1-DIAG t= 48478.707 cyc=1631848506 game read DATA=00 popped=1 fifo 1->0 stat=0005
SIO1-DIAG t= 48478.709 cyc=1631848549 DTR 0->1 (toggle #87) pc=80153d50 ctrl=0227
SIO1-DIAG t= 48478.710 cyc=1631848549 game wrote CTRL=0227 [TXEN=1 DTR=1 RXEN=1 RTS=1 ACK=0 RESET=0 RXIRQEN=0 TXIRQEN=0] stat=0005
SIO1-DIAG t= 48478.712 cyc=1631848549 TXFC dxr=1 xts=1 ctrl=0227 initial=0
SIO1-DIAG t= 48478.726 cyc=1631848549 TXMSG #119 size=6 bytes=12 04 08
SIO1-DIAG t= 48478.731 cyc=1631848572 LINKSTATE WR[act=00000000 buf=00000000 cnt=00000000 latch=00000000] RD[act=00000000 buf=801a9ca8 cnt=000001b4] block=4 cfg=0205 DSR=0 DTR=1 stat=0005 ctrl=0227 fifo=0
SIO1-DIAG t= 48478.732 cyc=1631848572 game read STAT=0005 ctrl=0227 [DSR=0 CTS=0 RXRDY=0] pc=80153c88 (prev value held for 0 reads) totalReads=53065
SIO1-DIAG t= 48480.363 cyc=1631858957 STAT poll sample pc=80153ce4 stat=0005 reads=53248
SIO1-DIAG t= 48485.317 cyc=1631884932 RXMSG #352 declared=5 got=5 bytes=0a 03 0a
SIO1-DIAG t= 48485.326 cyc=1631884932 RX accept #349 byte=0a fifo=1 ctrl=0227
SIO1-DIAG t= 48485.329 cyc=1631884932 RXMSG #353 declared=5 got=5 bytes=0a 03 0a
SIO1-DIAG t= 48485.330 cyc=1631884932 RX accept #350 byte=00 fifo=2 ctrl=0227
SIO1-DIAG t= 48485.332 cyc=1631884932 RXMSG #354 declared=5 got=5 bytes=0a 03 0a
SIO1-DIAG t= 48485.333 cyc=1631884932 RX accept #351 byte=00 fifo=3 ctrl=0227
SIO1-DIAG t= 48485.335 cyc=1631884932 RXMSG #355 declared=5 got=5 bytes=0a 03 0a
SIO1-DIAG t= 48485.336 cyc=1631884932 RX accept #352 byte=00 fifo=4 ctrl=0227
SIO1-DIAG t= 48485.337 cyc=1631884932 DRAIN 4 messages in one poll
SIO1-DIAG t= 48485.339 cyc=1631884949 game read STAT=0007 ctrl=0227 [DSR=0 CTS=0 RXRDY=1] pc=80153ce4 (prev value held for 638 reads) totalReads=53704
SIO1-DIAG t= 48485.352 cyc=1631884966 game read DATA=0a popped=1 fifo 4->3 stat=0007
SIO1-DIAG t= 48485.355 cyc=1631885016 LINKSTATE WR[act=00000000 buf=00000000 cnt=00000000 latch=00000000] RD[act=00000000 buf=801a9ca9 cnt=000001b3] block=4 cfg=0205 DSR=0 DTR=1 stat=0007 ctrl=0227 fifo=3
SIO1-DIAG t= 48485.358 cyc=1631885044 game read DATA=00 popped=1 fifo 3->2 stat=0007
SIO1-DIAG t= 48485.359 cyc=1631885094 LINKSTATE WR[act=00000000 buf=00000000 cnt=00000000 latch=00000000] RD[act=00000000 buf=801a9caa cnt=000001b2] block=4 cfg=0205 DSR=0 DTR=1 stat=0007 ctrl=0227 fifo=2
SIO1-DIAG t= 48485.361 cyc=1631885122 game read DATA=00 popped=1 fifo 2->1 stat=0007
SIO1-DIAG t= 48485.363 cyc=1631885172 LINKSTATE WR[act=00000000 buf=00000000 cnt=00000000 latch=00000000] RD[act=00000000 buf=801a9cab cnt=000001b1] block=4 cfg=0205 DSR=0 DTR=1 stat=0007 ctrl=0227 fifo=1
SIO1-DIAG t= 48485.365 cyc=1631885200 game read DATA=00 popped=1 fifo 1->0 stat=0005
SIO1-DIAG t= 48485.367 cyc=1631885243 DTR 1->0 (toggle #88) pc=80153d50 ctrl=0225
SIO1-DIAG t= 48485.369 cyc=1631885243 game wrote CTRL=0225 [TXEN=1 DTR=0 RXEN=1 RTS=1 ACK=0 RESET=0 RXIRQEN=0 TXIRQEN=0] stat=0005
SIO1-DIAG t= 48485.371 cyc=1631885243 TXFC dxr=0 xts=1 ctrl=0225 initial=0
SIO1-DIAG t= 48485.375 cyc=1631885243 TXMSG #120 size=4 bytes=12 02 10
SIO1-DIAG t= 48485.384 cyc=1631885266 LINKSTATE WR[act=00000000 buf=00000000 cnt=00000000 latch=00000000] RD[act=00000000 buf=801a9cac cnt=000001b0] block=4 cfg=0205 DSR=0 DTR=0 stat=0005 ctrl=0225 fifo=0
SIO1-DIAG t= 48485.386 cyc=1631885266 game read STAT=0005 ctrl=0225 [DSR=0 CTS=0 RXRDY=0] pc=80153c88 (prev value held for 6 reads) totalReads=53711
SIO1-DIAG t= 48491.431 cyc=1631917123 RXMSG #356 declared=5 got=5 bytes=0a 03 0a
SIO1-DIAG t= 48491.439 cyc=1631917123 RX accept #353 byte=01 fifo=1 ctrl=0225
SIO1-DIAG t= 48491.441 cyc=1631917123 RXMSG #357 declared=5 got=5 bytes=0a 03 0a
SIO1-DIAG t= 48491.442 cyc=1631917123 RX accept #354 byte=00 fifo=2 ctrl=0225
SIO1-DIAG t= 48491.443 cyc=1631917123 RXMSG #358 declared=5 got=5 bytes=0a 03 0a
SIO1-DIAG t= 48491.444 cyc=1631917123 RX accept #355 byte=00 fifo=3 ctrl=0225
SIO1-DIAG t= 48491.448 cyc=1631917123 RXMSG #359 declared=5 got=5 bytes=0a 03 0a
SIO1-DIAG t= 48491.449 cyc=1631917123 RX accept #356 byte=00 fifo=4 ctrl=0225
SIO1-DIAG t= 48491.456 cyc=1631917123 DRAIN 4 messages in one poll
SIO1-DIAG t= 48491.458 cyc=1631917140 game read STAT=0007 ctrl=0225 [DSR=0 CTS=0 RXRDY=1] pc=80153ce4 (prev value held for 559 reads) totalReads=54271
SIO1-DIAG t= 48491.461 cyc=1631917157 game read DATA=01 popped=1 fifo 4->3 stat=0007
SIO1-DIAG t= 48491.463 cyc=1631917207 LINKSTATE WR[act=00000000 buf=00000000 cnt=00000000 latch=00000000] RD[act=00000000 buf=801a9cad cnt=000001af] block=4 cfg=0205 DSR=0 DTR=0 stat=0007 ctrl=0225 fifo=3
SIO1-DIAG t= 48491.466 cyc=1631917235 game read DATA=00 popped=1 fifo 3->2 stat=0007
SIO1-DIAG t= 48491.468 cyc=1631917285 LINKSTATE WR[act=00000000 buf=00000000 cnt=00000000 latch=00000000] RD[act=00000000 buf=801a9cae cnt=000001ae] block=4 cfg=0205 DSR=0 DTR=0 stat=0007 ctrl=0225 fifo=2
SIO1-DIAG t= 48491.478 cyc=1631917313 game read DATA=00 popped=1 fifo 2->1 stat=0007
SIO1-DIAG t= 48491.480 cyc=1631917363 LINKSTATE WR[act=00000000 buf=00000000 cnt=00000000 latch=00000000] RD[act=00000000 buf=801a9caf cnt=000001ad] block=4 cfg=0205 DSR=0 DTR=0 stat=0007 ctrl=0225 fifo=1
SIO1-DIAG t= 48491.482 cyc=1631917391 game read DATA=00 popped=1 fifo 1->0 stat=0005
SIO1-DIAG t= 48491.484 cyc=1631917434 DTR 0->1 (toggle #89) pc=80153d50 ctrl=0227
SIO1-DIAG t= 48491.485 cyc=1631917434 game wrote CTRL=0227 [TXEN=1 DTR=1 RXEN=1 RTS=1 ACK=0 RESET=0 RXIRQEN=0 TXIRQEN=0] stat=0005
SIO1-DIAG t= 48491.486 cyc=1631917434 TXFC dxr=1 xts=1 ctrl=0227 initial=0
SIO1-DIAG t= 48491.488 cyc=1631917434 TXMSG #121 size=6 bytes=12 04 08
SIO1-DIAG t= 48491.493 cyc=1631917457 LINKSTATE WR[act=00000000 buf=00000000 cnt=00000000 latch=00000000] RD[act=00000000 buf=801a9cb0 cnt=000001ac] block=4 cfg=0205 DSR=0 DTR=1 stat=0005 ctrl=0227 fifo=0
SIO1-DIAG t= 48491.495 cyc=1631917457 game read STAT=0005 ctrl=0227 [DSR=0 CTS=0 RXRDY=0] pc=80153c88 (prev value held for 6 reads) totalReads=54278
SIO1-DIAG t= 48495.642 cyc=1631940723 RXMSG #360 declared=5 got=5 bytes=0a 03 0a
SIO1-DIAG t= 48495.653 cyc=1631940723 RX accept #357 byte=01 fifo=1 ctrl=0227
SIO1-DIAG t= 48495.656 cyc=1631940724 game read STAT=0007 ctrl=0227 [DSR=0 CTS=0 RXRDY=1] pc=80153ce4 (prev value held for 408 reads) totalReads=54687
SIO1-DIAG t= 48495.665 cyc=1631940741 game read DATA=01 popped=1 fifo 1->0 stat=0005
SIO1-DIAG t= 48495.667 cyc=1631940791 LINKSTATE WR[act=00000000 buf=00000000 cnt=00000000 latch=00000000] RD[act=00000000 buf=801a9cb1 cnt=000001ab] block=4 cfg=0205 DSR=0 DTR=1 stat=0005 ctrl=0227 fifo=0
SIO1-DIAG t= 48495.669 cyc=1631940791 game read STAT=0005 ctrl=0227 [DSR=0 CTS=0 RXRDY=0] pc=80153c88 (prev value held for 0 reads) totalReads=54688
SIO1-DIAG t= 48496.565 cyc=1631947161 RXMSG #361 declared=5 got=5 bytes=0a 03 0a
SIO1-DIAG t= 48496.567 cyc=1631947161 RX accept #358 byte=00 fifo=1 ctrl=0227
SIO1-DIAG t= 48496.568 cyc=1631947161 RXMSG #362 declared=5 got=5 bytes=0a 03 0a
SIO1-DIAG t= 48496.569 cyc=1631947161 RX accept #359 byte=00 fifo=2 ctrl=0227
SIO1-DIAG t= 48496.570 cyc=1631947161 RXMSG #363 declared=5 got=5 bytes=0a 03 0a
SIO1-DIAG t= 48496.571 cyc=1631947161 RX accept #360 byte=00 fifo=3 ctrl=0227
SIO1-DIAG t= 48496.572 cyc=1631947161 DRAIN 3 messages in one poll
SIO1-DIAG t= 48496.573 cyc=1631947186 game read STAT=0007 ctrl=0227 [DSR=0 CTS=0 RXRDY=1] pc=80153ce4 (prev value held for 112 reads) totalReads=54801
SIO1-DIAG t= 48496.575 cyc=1631947203 game read DATA=00 popped=1 fifo 3->2 stat=0007
SIO1-DIAG t= 48496.576 cyc=1631947253 LINKSTATE WR[act=00000000 buf=00000000 cnt=00000000 latch=00000000] RD[act=00000000 buf=801a9cb2 cnt=000001aa] block=4 cfg=0205 DSR=0 DTR=1 stat=0007 ctrl=0227 fifo=2
SIO1-DIAG t= 48496.577 cyc=1631947281 game read DATA=00 popped=1 fifo 2->1 stat=0007
SIO1-DIAG t= 48496.580 cyc=1631947331 LINKSTATE WR[act=00000000 buf=00000000 cnt=00000000 latch=00000000] RD[act=00000000 buf=801a9cb3 cnt=000001a9] block=4 cfg=0205 DSR=0 DTR=1 stat=0007 ctrl=0227 fifo=1
SIO1-DIAG t= 48496.582 cyc=1631947359 game read DATA=00 popped=1 fifo 1->0 stat=0005
SIO1-DIAG t= 48496.583 cyc=1631947402 DTR 1->0 (toggle #90) pc=80153d50 ctrl=0225
SIO1-DIAG t= 48496.590 cyc=1631947402 game wrote CTRL=0225 [TXEN=1 DTR=0 RXEN=1 RTS=1 ACK=0 RESET=0 RXIRQEN=0 TXIRQEN=0] stat=0005
SIO1-DIAG t= 48496.591 cyc=1631947402 TXFC dxr=0 xts=1 ctrl=0225 initial=0
SIO1-DIAG t= 48496.593 cyc=1631947402 TXMSG #122 size=4 bytes=12 02 10
SIO1-DIAG t= 48496.598 cyc=1631947425 LINKSTATE WR[act=00000000 buf=00000000 cnt=00000000 latch=00000000] RD[act=00000000 buf=801a9cb4 cnt=000001a8] block=4 cfg=0205 DSR=0 DTR=0 stat=0005 ctrl=0225 fifo=0
SIO1-DIAG t= 48496.600 cyc=1631947425 game read STAT=0005 ctrl=0225 [DSR=0 CTS=0 RXRDY=0] pc=80153c88 (prev value held for 4 reads) totalReads=54806
SIO1-DIAG t= 48502.134 cyc=1631977206 RXMSG #364 declared=5 got=5 bytes=0a 03 0a
SIO1-DIAG t= 48502.148 cyc=1631977206 RX accept #361 byte=00 fifo=1 ctrl=0225
SIO1-DIAG t= 48502.150 cyc=1631977206 RXMSG #365 declared=5 got=5 bytes=0a 03 0a
SIO1-DIAG t= 48502.151 cyc=1631977206 RX accept #362 byte=00 fifo=2 ctrl=0225
SIO1-DIAG t= 48502.152 cyc=1631977206 RXMSG #366 declared=5 got=5 bytes=0a 03 0a
SIO1-DIAG t= 48502.153 cyc=1631977206 RX accept #363 byte=00 fifo=3 ctrl=0225
SIO1-DIAG t= 48502.162 cyc=1631977206 DRAIN 3 messages in one poll
SIO1-DIAG t= 48502.163 cyc=1631977247 game read STAT=0007 ctrl=0225 [DSR=0 CTS=0 RXRDY=1] pc=80153ce4 (prev value held for 523 reads) totalReads=55330
SIO1-DIAG t= 48502.166 cyc=1631977264 game read DATA=00 popped=1 fifo 3->2 stat=0007
SIO1-DIAG t= 48502.168 cyc=1631977314 LINKSTATE WR[act=00000000 buf=00000000 cnt=00000000 latch=00000000] RD[act=00000000 buf=801a9cb5 cnt=000001a7] block=4 cfg=0205 DSR=0 DTR=0 stat=0007 ctrl=0225 fifo=2
SIO1-DIAG t= 48502.170 cyc=1631977342 game read DATA=00 popped=1 fifo 2->1 stat=0007
SIO1-DIAG t= 48502.171 cyc=1631977392 LINKSTATE WR[act=00000000 buf=00000000 cnt=00000000 latch=00000000] RD[act=00000000 buf=801a9cb6 cnt=000001a6] block=4 cfg=0205 DSR=0 DTR=0 stat=0007 ctrl=0225 fifo=1
SIO1-DIAG t= 48502.173 cyc=1631977420 game read DATA=00 popped=1 fifo 1->0 stat=0005
SIO1-DIAG t= 48502.174 cyc=1631977470 LINKSTATE WR[act=00000000 buf=00000000 cnt=00000000 latch=00000000] RD[act=00000000 buf=801a9cb7 cnt=000001a5] block=4 cfg=0205 DSR=0 DTR=0 stat=0005 ctrl=0225 fifo=0
SIO1-DIAG t= 48502.176 cyc=1631977470 game read STAT=0005 ctrl=0225 [DSR=0 CTS=0 RXRDY=0] pc=80153c88 (prev value held for 4 reads) totalReads=55335
SIO1-DIAG t= 48504.101 cyc=1631987938 RXMSG #367 declared=5 got=5 bytes=0a 03 0a
SIO1-DIAG t= 48504.103 cyc=1631987938 RX accept #364 byte=00 fifo=1 ctrl=0225
SIO1-DIAG t= 48504.105 cyc=1631987969 game read STAT=0007 ctrl=0225 [DSR=0 CTS=0 RXRDY=1] pc=80153ce4 (prev value held for 184 reads) totalReads=55520
SIO1-DIAG t= 48504.106 cyc=1631987986 game read DATA=00 popped=1 fifo 1->0 stat=0005
SIO1-DIAG t= 48504.111 cyc=1631988029 DTR 0->1 (toggle #91) pc=80153d50 ctrl=0227
SIO1-DIAG t= 48504.113 cyc=1631988029 game wrote CTRL=0227 [TXEN=1 DTR=1 RXEN=1 RTS=1 ACK=0 RESET=0 RXIRQEN=0 TXIRQEN=0] stat=0005
SIO1-DIAG t= 48504.115 cyc=1631988029 TXFC dxr=1 xts=1 ctrl=0227 initial=0
SIO1-DIAG t= 48504.117 cyc=1631988029 TXMSG #123 size=6 bytes=12 04 08
SIO1-DIAG t= 48504.124 cyc=1631988052 LINKSTATE WR[act=00000000 buf=00000000 cnt=00000000 latch=00000000] RD[act=00000000 buf=801a9cb8 cnt=000001a4] block=4 cfg=0205 DSR=0 DTR=1 stat=0005 ctrl=0227 fifo=0
SIO1-DIAG t= 48504.127 cyc=1631988052 game read STAT=0005 ctrl=0227 [DSR=0 CTS=0 RXRDY=0] pc=80153c88 (prev value held for 0 reads) totalReads=55521
SIO1-DIAG t= 48508.745 cyc=1632013688 RXMSG #368 declared=5 got=5 bytes=0a 03 0a
SIO1-DIAG t= 48508.767 cyc=1632013688 RX accept #365 byte=00 fifo=1 ctrl=0227
SIO1-DIAG t= 48508.770 cyc=1632013713 game read STAT=0007 ctrl=0227 [DSR=0 CTS=0 RXRDY=1] pc=80153ce4 (prev value held for 450 reads) totalReads=55972
SIO1-DIAG t= 48508.774 cyc=1632013730 game read DATA=00 popped=1 fifo 1->0 stat=0005
SIO1-DIAG t= 48508.777 cyc=1632013780 LINKSTATE WR[act=00000000 buf=00000000 cnt=00000000 latch=00000000] RD[act=00000000 buf=801a9cb9 cnt=000001a3] block=4 cfg=0205 DSR=0 DTR=1 stat=0005 ctrl=0227 fifo=0
SIO1-DIAG t= 48508.780 cyc=1632013780 game read STAT=0005 ctrl=0227 [DSR=0 CTS=0 RXRDY=0] pc=80153c88 (prev value held for 0 reads) totalReads=55973
SIO1-DIAG t= 48510.669 cyc=1632024419 RXMSG #369 declared=5 got=5 bytes=0a 03 0a
SIO1-DIAG t= 48510.704 cyc=1632024419 RX accept #366 byte=00 fifo=1 ctrl=0227
SIO1-DIAG t= 48510.707 cyc=1632024419 RXMSG #370 declared=5 got=5 bytes=0a 03 0a
SIO1-DIAG t= 48510.709 cyc=1632024419 RX accept #367 byte=00 fifo=2 ctrl=0227
SIO1-DIAG t= 48510.710 cyc=1632024419 RXMSG #371 declared=5 got=5 bytes=0a 03 0a
SIO1-DIAG t= 48510.712 cyc=1632024419 RX accept #368 byte=00 fifo=3 ctrl=0227
SIO1-DIAG t= 48510.713 cyc=1632024419 DRAIN 3 messages in one poll
SIO1-DIAG t= 48510.716 cyc=1632024450 game read STAT=0007 ctrl=0227 [DSR=0 CTS=0 RXRDY=1] pc=80153ce4 (prev value held for 187 reads) totalReads=56161
SIO1-DIAG t= 48510.720 cyc=1632024467 game read DATA=00 popped=1 fifo 3->2 stat=0007
SIO1-DIAG t= 48510.723 cyc=1632024517 LINKSTATE WR[act=00000000 buf=00000000 cnt=00000000 latch=00000000] RD[act=00000000 buf=801a9cba cnt=000001a2] block=4 cfg=0205 DSR=0 DTR=1 stat=0007 ctrl=0227 fifo=2
SIO1-DIAG t= 48510.727 cyc=1632024545 game read DATA=00 popped=1 fifo 2->1 stat=0007
SIO1-DIAG t= 48510.728 cyc=1632024595 LINKSTATE WR[act=00000000 buf=00000000 cnt=00000000 latch=00000000] RD[act=00000000 buf=801a9cbb cnt=000001a1] block=4 cfg=0205 DSR=0 DTR=1 stat=0007 ctrl=0227 fifo=1
SIO1-DIAG t= 48510.731 cyc=1632024623 game read DATA=00 popped=1 fifo 1->0 stat=0005
SIO1-DIAG t= 48510.733 cyc=1632024666 DTR 1->0 (toggle #92) pc=80153d50 ctrl=0225
SIO1-DIAG t= 48510.735 cyc=1632024666 game wrote CTRL=0225 [TXEN=1 DTR=0 RXEN=1 RTS=1 ACK=0 RESET=0 RXIRQEN=0 TXIRQEN=0] stat=0005
SIO1-DIAG t= 48510.740 cyc=1632024666 TXFC dxr=0 xts=1 ctrl=0225 initial=0
SIO1-DIAG t= 48510.743 cyc=1632024666 TXMSG #124 size=4 bytes=12 02 10
SIO1-DIAG t= 48510.757 cyc=1632024689 LINKSTATE WR[act=00000000 buf=00000000 cnt=00000000 latch=00000000] RD[act=00000000 buf=801a9cbc cnt=000001a0] block=4 cfg=0205 DSR=0 DTR=0 stat=0005 ctrl=0225 fifo=0
SIO1-DIAG t= 48510.760 cyc=1632024689 game read STAT=0005 ctrl=0225 [DSR=0 CTS=0 RXRDY=0] pc=80153c88 (prev value held for 4 reads) totalReads=56166
SIO1-DIAG t= 48520.741 cyc=1632078068 RXMSG #372 declared=5 got=5 bytes=0a 03 0a
SIO1-DIAG t= 48520.769 cyc=1632078068 RX accept #369 byte=06 fifo=1 ctrl=0225
SIO1-DIAG t= 48520.772 cyc=1632078068 RXMSG #373 declared=5 got=5 bytes=0a 03 0a
SIO1-DIAG t= 48520.773 cyc=1632078068 RX accept #370 byte=00 fifo=2 ctrl=0225
SIO1-DIAG t= 48520.775 cyc=1632078068 RXMSG #374 declared=5 got=5 bytes=0a 03 0a
SIO1-DIAG t= 48520.776 cyc=1632078068 RX accept #371 byte=00 fifo=3 ctrl=0225
SIO1-DIAG t= 48520.778 cyc=1632078068 RXMSG #375 declared=5 got=5 bytes=0a 03 0a
SIO1-DIAG t= 48520.779 cyc=1632078068 RX accept #372 byte=00 fifo=4 ctrl=0225
SIO1-DIAG t= 48520.781 cyc=1632078068 DRAIN 4 messages in one poll
SIO1-DIAG t= 48520.784 cyc=1632078109 game read STAT=0007 ctrl=0225 [DSR=0 CTS=0 RXRDY=1] pc=80153ce4 (prev value held for 937 reads) totalReads=57104
SIO1-DIAG t= 48520.810 cyc=1632078126 game read DATA=06 popped=1 fifo 4->3 stat=0007
SIO1-DIAG t= 48520.813 cyc=1632078176 LINKSTATE WR[act=00000000 buf=00000000 cnt=00000000 latch=00000000] RD[act=00000000 buf=801a9cbd cnt=0000019f] block=4 cfg=0205 DSR=0 DTR=0 stat=0007 ctrl=0225 fifo=3
SIO1-DIAG t= 48520.817 cyc=1632078204 game read DATA=00 popped=1 fifo 3->2 stat=0007
SIO1-DIAG t= 48520.818 cyc=1632078254 LINKSTATE WR[act=00000000 buf=00000000 cnt=00000000 latch=00000000] RD[act=00000000 buf=801a9cbe cnt=0000019e] block=4 cfg=0205 DSR=0 DTR=0 stat=0007 ctrl=0225 fifo=2
SIO1-DIAG t= 48520.820 cyc=1632078282 game read DATA=00 popped=1 fifo 2->1 stat=0007
SIO1-DIAG t= 48520.822 cyc=1632078332 LINKSTATE WR[act=00000000 buf=00000000 cnt=00000000 latch=00000000] RD[act=00000000 buf=801a9cbf cnt=0000019d] block=4 cfg=0205 DSR=0 DTR=0 stat=0007 ctrl=0225 fifo=1
SIO1-DIAG t= 48520.824 cyc=1632078360 game read DATA=00 popped=1 fifo 1->0 stat=0005
SIO1-DIAG t= 48520.826 cyc=1632078403 DTR 0->1 (toggle #93) pc=80153d50 ctrl=0227
SIO1-DIAG t= 48520.840 cyc=1632078403 game wrote CTRL=0227 [TXEN=1 DTR=1 RXEN=1 RTS=1 ACK=0 RESET=0 RXIRQEN=0 TXIRQEN=0] stat=0005
SIO1-DIAG t= 48520.842 cyc=1632078403 TXFC dxr=1 xts=1 ctrl=0227 initial=0
SIO1-DIAG t= 48520.845 cyc=1632078403 TXMSG #125 size=6 bytes=12 04 08
SIO1-DIAG t= 48520.862 cyc=1632078426 LINKSTATE WR[act=00000000 buf=00000000 cnt=00000000 latch=00000000] RD[act=00000000 buf=801a9cc0 cnt=0000019c] block=4 cfg=0205 DSR=0 DTR=1 stat=0005 ctrl=0227 fifo=0
SIO1-DIAG t= 48520.864 cyc=1632078426 game read STAT=0005 ctrl=0227 [DSR=0 CTS=0 RXRDY=0] pc=80153c88 (prev value held for 6 reads) totalReads=57111
SIO1-DIAG t= 48523.323 cyc=1632091661 STAT poll sample pc=80153ce4 stat=0005 reads=57344
SIO1-DIAG t= 48529.663 cyc=1632127426 RXMSG #376 declared=5 got=5 bytes=0a 03 0a
SIO1-DIAG t= 48529.682 cyc=1632127426 RX accept #373 byte=6e fifo=1 ctrl=0227
SIO1-DIAG t= 48529.684 cyc=1632127426 RXMSG #377 declared=5 got=5 bytes=0a 03 0a
SIO1-DIAG t= 48529.686 cyc=1632127426 RX accept #374 byte=01 fifo=2 ctrl=0227
SIO1-DIAG t= 48529.688 cyc=1632127426 RXMSG #378 declared=5 got=5 bytes=0a 03 0a
SIO1-DIAG t= 48529.689 cyc=1632127426 RX accept #375 byte=00 fifo=3 ctrl=0227
SIO1-DIAG t= 48529.690 cyc=1632127426 RXMSG #379 declared=5 got=5 bytes=0a 03 0a
SIO1-DIAG t= 48529.692 cyc=1632127426 RX accept #376 byte=00 fifo=4 ctrl=0227
SIO1-DIAG t= 48529.694 cyc=1632127426 DRAIN 4 messages in one poll
SIO1-DIAG t= 48529.696 cyc=1632127457 game read STAT=0007 ctrl=0227 [DSR=0 CTS=0 RXRDY=1] pc=80153ce4 (prev value held for 860 reads) totalReads=57972
SIO1-DIAG t= 48529.699 cyc=1632127474 game read DATA=6e popped=1 fifo 4->3 stat=0007
SIO1-DIAG t= 48529.702 cyc=1632127524 LINKSTATE WR[act=00000000 buf=00000000 cnt=00000000 latch=00000000] RD[act=00000000 buf=801a9cc1 cnt=0000019b] block=4 cfg=0205 DSR=0 DTR=1 stat=0007 ctrl=0227 fifo=3
SIO1-DIAG t= 48529.718 cyc=1632127552 game read DATA=01 popped=1 fifo 3->2 stat=0007
SIO1-DIAG t= 48529.720 cyc=1632127602 LINKSTATE WR[act=00000000 buf=00000000 cnt=00000000 latch=00000000] RD[act=00000000 buf=801a9cc2 cnt=0000019a] block=4 cfg=0205 DSR=0 DTR=1 stat=0007 ctrl=0227 fifo=2
SIO1-DIAG t= 48529.722 cyc=1632127630 game read DATA=00 popped=1 fifo 2->1 stat=0007
SIO1-DIAG t= 48529.724 cyc=1632127680 LINKSTATE WR[act=00000000 buf=00000000 cnt=00000000 latch=00000000] RD[act=00000000 buf=801a9cc3 cnt=00000199] block=4 cfg=0205 DSR=0 DTR=1 stat=0007 ctrl=0227 fifo=1
SIO1-DIAG t= 48529.726 cyc=1632127708 game read DATA=00 popped=1 fifo 1->0 stat=0005
SIO1-DIAG t= 48529.728 cyc=1632127751 DTR 1->0 (toggle #94) pc=80153d50 ctrl=0225
SIO1-DIAG t= 48529.730 cyc=1632127751 game wrote CTRL=0225 [TXEN=1 DTR=0 RXEN=1 RTS=1 ACK=0 RESET=0 RXIRQEN=0 TXIRQEN=0] stat=0005
SIO1-DIAG t= 48529.732 cyc=1632127751 TXFC dxr=0 xts=1 ctrl=0225 initial=0
SIO1-DIAG t= 48529.735 cyc=1632127751 TXMSG #126 size=4 bytes=12 02 10
SIO1-DIAG t= 48529.743 cyc=1632127774 LINKSTATE WR[act=00000000 buf=00000000 cnt=00000000 latch=00000000] RD[act=00000000 buf=801a9cc4 cnt=00000198] block=4 cfg=0205 DSR=0 DTR=0 stat=0005 ctrl=0225 fifo=0
SIO1-DIAG t= 48529.745 cyc=1632127774 game read STAT=0005 ctrl=0225 [DSR=0 CTS=0 RXRDY=0] pc=80153c88 (prev value held for 6 reads) totalReads=57979
SIO1-DIAG t= 48534.826 cyc=1632155332 RXMSG #380 declared=5 got=5 bytes=0a 03 0a
SIO1-DIAG t= 48534.843 cyc=1632155332 RX accept #377 byte=56 fifo=1 ctrl=0225
SIO1-DIAG t= 48534.859 cyc=1632155332 RXMSG #381 declared=5 got=5 bytes=0a 03 0a
SIO1-DIAG t= 48534.861 cyc=1632155332 RX accept #378 byte=00 fifo=2 ctrl=0225
SIO1-DIAG t= 48534.863 cyc=1632155332 DRAIN 2 messages in one poll
SIO1-DIAG t= 48534.864 cyc=1632155373 game read STAT=0007 ctrl=0225 [DSR=0 CTS=0 RXRDY=1] pc=80153ce4 (prev value held for 484 reads) totalReads=58464
SIO1-DIAG t= 48534.868 cyc=1632155390 game read DATA=56 popped=1 fifo 2->1 stat=0007
SIO1-DIAG t= 48534.871 cyc=1632155440 LINKSTATE WR[act=00000000 buf=00000000 cnt=00000000 latch=00000000] RD[act=00000000 buf=801a9cc5 cnt=00000197] block=4 cfg=0205 DSR=0 DTR=0 stat=0007 ctrl=0225 fifo=1
SIO1-DIAG t= 48534.875 cyc=1632155468 game read DATA=00 popped=1 fifo 1->0 stat=0005
SIO1-DIAG t= 48534.890 cyc=1632155518 LINKSTATE WR[act=00000000 buf=00000000 cnt=00000000 latch=00000000] RD[act=00000000 buf=801a9cc6 cnt=00000196] block=4 cfg=0205 DSR=0 DTR=0 stat=0005 ctrl=0225 fifo=0
SIO1-DIAG t= 48534.893 cyc=1632155518 game read STAT=0005 ctrl=0225 [DSR=0 CTS=0 RXRDY=0] pc=80153c88 (prev value held for 2 reads) totalReads=58467
SIO1-DIAG t= 48535.950 cyc=1632159616 RXMSG #382 declared=5 got=5 bytes=0a 03 0a
SIO1-DIAG t= 48535.970 cyc=1632159616 RX accept #379 byte=00 fifo=1 ctrl=0225
SIO1-DIAG t= 48535.973 cyc=1632159633 game read STAT=0007 ctrl=0225 [DSR=0 CTS=0 RXRDY=1] pc=80153ce4 (prev value held for 72 reads) totalReads=58540
SIO1-DIAG t= 48535.977 cyc=1632159650 game read DATA=00 popped=1 fifo 1->0 stat=0005
SIO1-DIAG t= 48535.980 cyc=1632159700 LINKSTATE WR[act=00000000 buf=00000000 cnt=00000000 latch=00000000] RD[act=00000000 buf=801a9cc7 cnt=00000195] block=4 cfg=0205 DSR=0 DTR=0 stat=0005 ctrl=0225 fifo=0
SIO1-DIAG t= 48535.995 cyc=1632159700 game read STAT=0005 ctrl=0225 [DSR=0 CTS=0 RXRDY=0] pc=80153c88 (prev value held for 0 reads) totalReads=58541
SIO1-DIAG t= 48536.361 cyc=1632161762 RXMSG #383 declared=5 got=5 bytes=0a 03 0a
SIO1-DIAG t= 48536.369 cyc=1632161762 RX accept #380 byte=00 fifo=1 ctrl=0225
SIO1-DIAG t= 48536.371 cyc=1632161763 game read STAT=0007 ctrl=0225 [DSR=0 CTS=0 RXRDY=1] pc=80153ce4 (prev value held for 36 reads) totalReads=58578
SIO1-DIAG t= 48536.373 cyc=1632161780 game read DATA=00 popped=1 fifo 1->0 stat=0005
SIO1-DIAG t= 48536.375 cyc=1632161823 DTR 0->1 (toggle #95) pc=80153d50 ctrl=0227
SIO1-DIAG t= 48536.377 cyc=1632161823 game wrote CTRL=0227 [TXEN=1 DTR=1 RXEN=1 RTS=1 ACK=0 RESET=0 RXIRQEN=0 TXIRQEN=0] stat=0005
SIO1-DIAG t= 48536.379 cyc=1632161823 TXFC dxr=1 xts=1 ctrl=0227 initial=0
SIO1-DIAG t= 48536.382 cyc=1632161823 TXMSG #127 size=6 bytes=12 04 08
SIO1-DIAG t= 48536.395 cyc=1632161846 LINKSTATE WR[act=00000000 buf=00000000 cnt=00000000 latch=00000000] RD[act=00000000 buf=801a9cc8 cnt=00000194] block=4 cfg=0205 DSR=0 DTR=1 stat=0005 ctrl=0227 fifo=0
SIO1-DIAG t= 48536.397 cyc=1632161846 game read STAT=0005 ctrl=0227 [DSR=0 CTS=0 RXRDY=0] pc=80153c88 (prev value held for 0 reads) totalReads=58579
SIO1-DIAG t= 48539.751 cyc=1632181082 RXMSG #384 declared=5 got=5 bytes=0a 03 0a
SIO1-DIAG t= 48539.766 cyc=1632181082 RX accept #381 byte=48 fifo=1 ctrl=0227
SIO1-DIAG t= 48539.769 cyc=1632181123 game read STAT=0007 ctrl=0227 [DSR=0 CTS=0 RXRDY=1] pc=80153ce4 (prev value held for 338 reads) totalReads=58918
SIO1-DIAG t= 48539.773 cyc=1632181140 game read DATA=48 popped=1 fifo 1->0 stat=0005
SIO1-DIAG t= 48539.776 cyc=1632181190 LINKSTATE WR[act=00000000 buf=00000000 cnt=00000000 latch=00000000] RD[act=00000000 buf=801a9cc9 cnt=00000193] block=4 cfg=0205 DSR=0 DTR=1 stat=0005 ctrl=0227 fifo=0
SIO1-DIAG t= 48539.779 cyc=1632181190 game read STAT=0005 ctrl=0227 [DSR=0 CTS=0 RXRDY=0] pc=80153c88 (prev value held for 0 reads) totalReads=58919
SIO1-DIAG t= 48541.423 cyc=1632191819 RXMSG #385 declared=5 got=5 bytes=0a 03 0a
SIO1-DIAG t= 48541.438 cyc=1632191819 RX accept #382 byte=00 fifo=1 ctrl=0227
SIO1-DIAG t= 48541.441 cyc=1632191819 RXMSG #386 declared=5 got=5 bytes=0a 03 0a
SIO1-DIAG t= 48541.442 cyc=1632191819 RX accept #383 byte=00 fifo=2 ctrl=0227
SIO1-DIAG t= 48541.444 cyc=1632191819 RXMSG #387 declared=5 got=5 bytes=0a 03 0a
SIO1-DIAG t= 48541.446 cyc=1632191819 RX accept #384 byte=00 fifo=3 ctrl=0227
SIO1-DIAG t= 48541.448 cyc=1632191819 DRAIN 3 messages in one poll
SIO1-DIAG t= 48541.450 cyc=1632191860 game read STAT=0007 ctrl=0227 [DSR=0 CTS=0 RXRDY=1] pc=80153ce4 (prev value held for 187 reads) totalReads=59107
SIO1-DIAG t= 48541.453 cyc=1632191877 game read DATA=00 popped=1 fifo 3->2 stat=0007
SIO1-DIAG t= 48541.455 cyc=1632191927 LINKSTATE WR[act=00000000 buf=00000000 cnt=00000000 latch=00000000] RD[act=00000000 buf=801a9cca cnt=00000192] block=4 cfg=0205 DSR=0 DTR=1 stat=0007 ctrl=0227 fifo=2
SIO1-DIAG t= 48541.470 cyc=1632191955 game read DATA=00 popped=1 fifo 2->1 stat=0007
SIO1-DIAG t= 48541.472 cyc=1632192005 LINKSTATE WR[act=00000000 buf=00000000 cnt=00000000 latch=00000000] RD[act=00000000 buf=801a9ccb cnt=00000191] block=4 cfg=0205 DSR=0 DTR=1 stat=0007 ctrl=0227 fifo=1
SIO1-DIAG t= 48541.939 cyc=1632192033 game read DATA=00 popped=1 fifo 1->0 stat=0005
SIO1-DIAG t= 48541.953 cyc=1632192076 DTR 1->0 (toggle #96) pc=80153d50 ctrl=0225
SIO1-DIAG t= 48541.955 cyc=1632192076 game wrote CTRL=0225 [TXEN=1 DTR=0 RXEN=1 RTS=1 ACK=0 RESET=0 RXIRQEN=0 TXIRQEN=0] stat=0005
SIO1-DIAG t= 48541.957 cyc=1632192076 TXFC dxr=0 xts=1 ctrl=0225 initial=0
SIO1-DIAG t= 48541.960 cyc=1632192076 TXMSG #128 size=4 bytes=12 02 10
SIO1-DIAG t= 48542.068 cyc=1632192099 LINKSTATE WR[act=00000000 buf=00000000 cnt=00000000 latch=00000000] RD[act=00000000 buf=801a9ccc cnt=00000190] block=4 cfg=0205 DSR=0 DTR=0 stat=0005 ctrl=0225 fifo=0
SIO1-DIAG t= 48542.072 cyc=1632192099 game read STAT=0005 ctrl=0225 [DSR=0 CTS=0 RXRDY=0] pc=80153c88 (prev value held for 4 reads) totalReads=59112
SIO1-DIAG t= 48554.278 cyc=1632219708 RXMSG #388 declared=5 got=5 bytes=0a 03 0a
SIO1-DIAG t= 48554.300 cyc=1632219708 RX accept #385 byte=0d fifo=1 ctrl=0225
SIO1-DIAG t= 48554.303 cyc=1632219708 RXMSG #389 declared=5 got=5 bytes=0a 03 0a
SIO1-DIAG t= 48554.305 cyc=1632219708 RX accept #386 byte=00 fifo=2 ctrl=0225
SIO1-DIAG t= 48554.306 cyc=1632219708 RXMSG #390 declared=5 got=5 bytes=0a 03 0a
SIO1-DIAG t= 48554.308 cyc=1632219708 RX accept #387 byte=00 fifo=3 ctrl=0225
SIO1-DIAG t= 48554.309 cyc=1632219708 RXMSG #391 declared=5 got=5 bytes=0a 03 0a
SIO1-DIAG t= 48554.311 cyc=1632219708 RX accept #388 byte=00 fifo=4 ctrl=0225
SIO1-DIAG t= 48554.312 cyc=1632219708 DRAIN 4 messages in one poll
SIO1-DIAG t= 48554.318 cyc=1632219725 game read STAT=0007 ctrl=0225 [DSR=0 CTS=0 RXRDY=1] pc=80153ce4 (prev value held for 235 reads) totalReads=59348
SIO1-DIAG t= 48554.322 cyc=1632219742 game read DATA=0d popped=1 fifo 4->3 stat=0007
SIO1-DIAG t= 48554.325 cyc=1632219792 LINKSTATE WR[act=00000000 buf=00000000 cnt=00000000 latch=00000000] RD[act=00000000 buf=801a9ccd cnt=0000018f] block=4 cfg=0205 DSR=0 DTR=0 stat=0007 ctrl=0225 fifo=3
SIO1-DIAG t= 48554.329 cyc=1632219820 game read DATA=00 popped=1 fifo 3->2 stat=0007
SIO1-DIAG t= 48554.331 cyc=1632219870 LINKSTATE WR[act=00000000 buf=00000000 cnt=00000000 latch=00000000] RD[act=00000000 buf=801a9cce cnt=0000018e] block=4 cfg=0205 DSR=0 DTR=0 stat=0007 ctrl=0225 fifo=2
SIO1-DIAG t= 48554.334 cyc=1632219898 game read DATA=00 popped=1 fifo 2->1 stat=0007
SIO1-DIAG t= 48554.336 cyc=1632219948 LINKSTATE WR[act=00000000 buf=00000000 cnt=00000000 latch=00000000] RD[act=00000000 buf=801a9ccf cnt=0000018d] block=4 cfg=0205 DSR=0 DTR=0 stat=0007 ctrl=0225 fifo=1
SIO1-DIAG t= 48554.338 cyc=1632219976 game read DATA=00 popped=1 fifo 1->0 stat=0005
SIO1-DIAG t= 48554.340 cyc=1632220019 DTR 0->1 (toggle #97) pc=80153d50 ctrl=0227
SIO1-DIAG t= 48554.357 cyc=1632220019 game wrote CTRL=0227 [TXEN=1 DTR=1 RXEN=1 RTS=1 ACK=0 RESET=0 RXIRQEN=0 TXIRQEN=0] stat=0005
SIO1-DIAG t= 48554.359 cyc=1632220019 TXFC dxr=1 xts=1 ctrl=0227 initial=0
SIO1-DIAG t= 48554.362 cyc=1632220019 TXMSG #129 size=6 bytes=12 04 08
SIO1-DIAG t= 48554.380 cyc=1632220042 LINKSTATE WR[act=00000000 buf=00000000 cnt=00000000 latch=00000000] RD[act=00000000 buf=801a9cd0 cnt=0000018c] block=4 cfg=0205 DSR=0 DTR=1 stat=0005 ctrl=0227 fifo=0
SIO1-DIAG t= 48554.382 cyc=1632220042 game read STAT=0005 ctrl=0227 [DSR=0 CTS=0 RXRDY=0] pc=80153c88 (prev value held for 6 reads) totalReads=59355
SIO1-DIAG t= 48563.291 cyc=1632266923 RXMSG #392 declared=5 got=5 bytes=0a 03 0a
SIO1-DIAG t= 48563.314 cyc=1632266923 RX accept #389 byte=01 fifo=1 ctrl=0227
SIO1-DIAG t= 48563.317 cyc=1632266923 RXMSG #393 declared=5 got=5 bytes=0a 03 0a
SIO1-DIAG t= 48563.319 cyc=1632266923 RX accept #390 byte=00 fifo=2 ctrl=0227
SIO1-DIAG t= 48563.325 cyc=1632266923 RXMSG #394 declared=5 got=5 bytes=0a 03 0a
SIO1-DIAG t= 48563.327 cyc=1632266923 RX accept #391 byte=00 fifo=3 ctrl=0227
SIO1-DIAG t= 48563.328 cyc=1632266923 DRAIN 3 messages in one poll
SIO1-DIAG t= 48563.331 cyc=1632266964 game read STAT=0007 ctrl=0227 [DSR=0 CTS=0 RXRDY=1] pc=80153ce4 (prev value held for 823 reads) totalReads=60179
SIO1-DIAG t= 48563.352 cyc=1632266981 game read DATA=01 popped=1 fifo 3->2 stat=0007
SIO1-DIAG t= 48563.365 cyc=1632267031 LINKSTATE WR[act=00000000 buf=00000000 cnt=00000000 latch=00000000] RD[act=00000000 buf=801a9cd1 cnt=0000018b] block=4 cfg=0205 DSR=0 DTR=1 stat=0007 ctrl=0227 fifo=2
SIO1-DIAG t= 48563.368 cyc=1632267059 game read DATA=00 popped=1 fifo 2->1 stat=0007
SIO1-DIAG t= 48563.369 cyc=1632267109 LINKSTATE WR[act=00000000 buf=00000000 cnt=00000000 latch=00000000] RD[act=00000000 buf=801a9cd2 cnt=0000018a] block=4 cfg=0205 DSR=0 DTR=1 stat=0007 ctrl=0227 fifo=1
SIO1-DIAG t= 48563.371 cyc=1632267137 game read DATA=00 popped=1 fifo 1->0 stat=0005
SIO1-DIAG t= 48563.372 cyc=1632267187 LINKSTATE WR[act=00000000 buf=00000000 cnt=00000000 latch=00000000] RD[act=00000000 buf=801a9cd3 cnt=00000189] block=4 cfg=0205 DSR=0 DTR=1 stat=0005 ctrl=0227 fifo=0
SIO1-DIAG t= 48563.373 cyc=1632267187 game read STAT=0005 ctrl=0227 [DSR=0 CTS=0 RXRDY=0] pc=80153c88 (prev value held for 4 reads) totalReads=60184
SIO1-DIAG t= 48564.869 cyc=1632275503 RXMSG #395 declared=5 got=5 bytes=0a 03 0a
SIO1-DIAG t= 48564.882 cyc=1632275503 RX accept #392 byte=00 fifo=1 ctrl=0227
SIO1-DIAG t= 48564.885 cyc=1632275520 game read STAT=0007 ctrl=0227 [DSR=0 CTS=0 RXRDY=1] pc=80153ce4 (prev value held for 146 reads) totalReads=60331
SIO1-DIAG t= 48564.888 cyc=1632275537 game read DATA=00 popped=1 fifo 1->0 stat=0005
SIO1-DIAG t= 48564.890 cyc=1632275580 DTR 1->0 (toggle #98) pc=80153d50 ctrl=0225
SIO1-DIAG t= 48564.891 cyc=1632275580 game wrote CTRL=0225 [TXEN=1 DTR=0 RXEN=1 RTS=1 ACK=0 RESET=0 RXIRQEN=0 TXIRQEN=0] stat=0005
SIO1-DIAG t= 48564.893 cyc=1632275580 TXFC dxr=0 xts=1 ctrl=0225 initial=0
SIO1-DIAG t= 48564.906 cyc=1632275580 TXMSG #130 size=4 bytes=12 02 10
SIO1-DIAG t= 48564.915 cyc=1632275603 LINKSTATE WR[act=00000000 buf=00000000 cnt=00000000 latch=00000000] RD[act=00000000 buf=801a9cd4 cnt=00000188] block=4 cfg=0205 DSR=0 DTR=0 stat=0005 ctrl=0225 fifo=0
SIO1-DIAG t= 48564.919 cyc=1632275603 game read STAT=0005 ctrl=0225 [DSR=0 CTS=0 RXRDY=0] pc=80153c88 (prev value held for 0 reads) totalReads=60332
SIO1-DIAG t= 48575.311 cyc=1632331298 RXMSG #396 declared=5 got=5 bytes=0a 03 0a
SIO1-DIAG t= 48575.339 cyc=1632331298 RX accept #393 byte=1f fifo=1 ctrl=0225
SIO1-DIAG t= 48575.343 cyc=1632331298 RXMSG #397 declared=5 got=5 bytes=0a 03 0a
SIO1-DIAG t= 48575.344 cyc=1632331298 RX accept #394 byte=00 fifo=2 ctrl=0225
SIO1-DIAG t= 48575.346 cyc=1632331298 RXMSG #398 declared=5 got=5 bytes=0a 03 0a
SIO1-DIAG t= 48575.348 cyc=1632331298 RX accept #395 byte=00 fifo=3 ctrl=0225
SIO1-DIAG t= 48575.350 cyc=1632331298 RXMSG #399 declared=5 got=5 bytes=0a 03 0a
SIO1-DIAG t= 48575.352 cyc=1632331298 RX accept #396 byte=00 fifo=4 ctrl=0225
SIO1-DIAG t= 48575.354 cyc=1632331298 DRAIN 4 messages in one poll
SIO1-DIAG t= 48575.356 cyc=1632331303 game read STAT=0007 ctrl=0225 [DSR=0 CTS=0 RXRDY=1] pc=80153ce4 (prev value held for 977 reads) totalReads=61310
SIO1-DIAG t= 48575.360 cyc=1632331320 game read DATA=1f popped=1 fifo 4->3 stat=0007
SIO1-DIAG t= 48575.381 cyc=1632331370 LINKSTATE WR[act=00000000 buf=00000000 cnt=00000000 latch=00000000] RD[act=00000000 buf=801a9cd5 cnt=00000187] block=4 cfg=0205 DSR=0 DTR=0 stat=0007 ctrl=0225 fifo=3
SIO1-DIAG t= 48575.385 cyc=1632331398 game read DATA=00 popped=1 fifo 3->2 stat=0007
SIO1-DIAG t= 48575.387 cyc=1632331448 LINKSTATE WR[act=00000000 buf=00000000 cnt=00000000 latch=00000000] RD[act=00000000 buf=801a9cd6 cnt=00000186] block=4 cfg=0205 DSR=0 DTR=0 stat=0007 ctrl=0225 fifo=2
SIO1-DIAG t= 48575.390 cyc=1632331476 game read DATA=00 popped=1 fifo 2->1 stat=0007
SIO1-DIAG t= 48575.392 cyc=1632331526 LINKSTATE WR[act=00000000 buf=00000000 cnt=00000000 latch=00000000] RD[act=00000000 buf=801a9cd7 cnt=00000185] block=4 cfg=0205 DSR=0 DTR=0 stat=0007 ctrl=0225 fifo=1
SIO1-DIAG t= 48575.395 cyc=1632331554 game read DATA=00 popped=1 fifo 1->0 stat=0005
SIO1-DIAG t= 48575.397 cyc=1632331597 DTR 0->1 (toggle #99) pc=80153d50 ctrl=0227
SIO1-DIAG t= 48575.410 cyc=1632331597 game wrote CTRL=0227 [TXEN=1 DTR=1 RXEN=1 RTS=1 ACK=0 RESET=0 RXIRQEN=0 TXIRQEN=0] stat=0005
SIO1-DIAG t= 48575.413 cyc=1632331597 TXFC dxr=1 xts=1 ctrl=0227 initial=0
SIO1-DIAG t= 48575.416 cyc=1632331597 TXMSG #131 size=6 bytes=12 04 08
SIO1-DIAG t= 48575.426 cyc=1632331620 LINKSTATE WR[act=00000000 buf=00000000 cnt=00000000 latch=00000000] RD[act=00000000 buf=801a9cd8 cnt=00000184] block=4 cfg=0205 DSR=0 DTR=1 stat=0005 ctrl=0227 fifo=0
SIO1-DIAG t= 48575.434 cyc=1632331620 game read STAT=0005 ctrl=0227 [DSR=0 CTS=0 RXRDY=0] pc=80153c88 (prev value held for 6 reads) totalReads=61317
SIO1-DIAG t= 48576.662 cyc=1632338585 STAT poll sample pc=80153ce4 stat=0005 reads=61440
SIO1-DIAG t= 48583.393 cyc=1632374226 RXMSG #400 declared=5 got=5 bytes=0a 03 0a
SIO1-DIAG t= 48583.402 cyc=1632374226 RX accept #397 byte=11 fifo=1 ctrl=0227
SIO1-DIAG t= 48583.404 cyc=1632374226 RXMSG #401 declared=5 got=5 bytes=0a 03 0a
SIO1-DIAG t= 48583.406 cyc=1632374226 RX accept #398 byte=27 fifo=2 ctrl=0227
SIO1-DIAG t= 48583.408 cyc=1632374226 RXMSG #402 declared=5 got=5 bytes=0a 03 0a
SIO1-DIAG t= 48583.409 cyc=1632374226 RX accept #399 byte=00 fifo=3 ctrl=0227
SIO1-DIAG t= 48583.411 cyc=1632374226 RXMSG #403 declared=5 got=5 bytes=0a 03 0a
SIO1-DIAG t= 48583.412 cyc=1632374226 RX accept #400 byte=00 fifo=4 ctrl=0227
SIO1-DIAG t= 48583.413 cyc=1632374226 DRAIN 4 messages in one poll
SIO1-DIAG t= 48583.415 cyc=1632374267 game read STAT=0007 ctrl=0227 [DSR=0 CTS=0 RXRDY=1] pc=80153ce4 (prev value held for 748 reads) totalReads=62066
SIO1-DIAG t= 48583.418 cyc=1632374284 game read DATA=11 popped=1 fifo 4->3 stat=0007
SIO1-DIAG t= 48583.421 cyc=1632374334 LINKSTATE WR[act=00000000 buf=00000000 cnt=00000000 latch=00000000] RD[act=00000000 buf=801a9cd9 cnt=00000183] block=4 cfg=0205 DSR=0 DTR=1 stat=0007 ctrl=0227 fifo=3
SIO1-DIAG t= 48583.424 cyc=1632374362 game read DATA=27 popped=1 fifo 3->2 stat=0007
SIO1-DIAG t= 48583.426 cyc=1632374412 LINKSTATE WR[act=00000000 buf=00000000 cnt=00000000 latch=00000000] RD[act=00000000 buf=801a9cda cnt=00000182] block=4 cfg=0205 DSR=0 DTR=1 stat=0007 ctrl=0227 fifo=2
SIO1-DIAG t= 48583.440 cyc=1632374440 game read DATA=00 popped=1 fifo 2->1 stat=0007
SIO1-DIAG t= 48583.441 cyc=1632374490 LINKSTATE WR[act=00000000 buf=00000000 cnt=00000000 latch=00000000] RD[act=00000000 buf=801a9cdb cnt=00000181] block=4 cfg=0205 DSR=0 DTR=1 stat=0007 ctrl=0227 fifo=1
SIO1-DIAG t= 48583.443 cyc=1632374518 game read DATA=00 popped=1 fifo 1->0 stat=0005
SIO1-DIAG t= 48583.445 cyc=1632374561 DTR 1->0 (toggle #100) pc=80153d50 ctrl=0225
SIO1-DIAG t= 48583.446 cyc=1632374561 game wrote CTRL=0225 [TXEN=1 DTR=0 RXEN=1 RTS=1 ACK=0 RESET=0 RXIRQEN=0 TXIRQEN=0] stat=0005
SIO1-DIAG t= 48583.448 cyc=1632374561 TXFC dxr=0 xts=1 ctrl=0225 initial=0
SIO1-DIAG t= 48583.451 cyc=1632374561 TXMSG #132 size=4 bytes=12 02 10
SIO1-DIAG t= 48583.456 cyc=1632374584 LINKSTATE WR[act=00000000 buf=00000000 cnt=00000000 latch=00000000] RD[act=00000000 buf=801a9cdc cnt=00000180] block=4 cfg=0205 DSR=0 DTR=0 stat=0005 ctrl=0225 fifo=0
SIO1-DIAG t= 48583.458 cyc=1632374584 game read STAT=0005 ctrl=0225 [DSR=0 CTS=0 RXRDY=0] pc=80153c88 (prev value held for 6 reads) totalReads=62073
SIO1-DIAG t= 48587.620 cyc=1632397820 RXMSG #404 declared=5 got=5 bytes=0a 03 0a
SIO1-DIAG t= 48587.627 cyc=1632397820 RX accept #401 byte=10 fifo=1 ctrl=0225
SIO1-DIAG t= 48587.632 cyc=1632397820 RXMSG #405 declared=5 got=5 bytes=0a 03 0a
SIO1-DIAG t= 48587.634 cyc=1632397820 RX accept #402 byte=27 fifo=2 ctrl=0225
SIO1-DIAG t= 48587.642 cyc=1632397820 RXMSG #406 declared=5 got=5 bytes=0a 03 0a
SIO1-DIAG t= 48587.644 cyc=1632397820 RX accept #403 byte=00 fifo=3 ctrl=0225
SIO1-DIAG t= 48587.645 cyc=1632397820 DRAIN 3 messages in one poll
SIO1-DIAG t= 48587.647 cyc=1632397851 game read STAT=0007 ctrl=0225 [DSR=0 CTS=0 RXRDY=1] pc=80153ce4 (prev value held for 408 reads) totalReads=62482
SIO1-DIAG t= 48587.650 cyc=1632397868 game read DATA=10 popped=1 fifo 3->2 stat=0007
SIO1-DIAG t= 48587.652 cyc=1632397918 LINKSTATE WR[act=00000000 buf=00000000 cnt=00000000 latch=00000000] RD[act=00000000 buf=801a9cdd cnt=0000017f] block=4 cfg=0205 DSR=0 DTR=0 stat=0007 ctrl=0225 fifo=2
SIO1-DIAG t= 48587.660 cyc=1632397946 game read DATA=27 popped=1 fifo 2->1 stat=0007
SIO1-DIAG t= 48587.662 cyc=1632397996 LINKSTATE WR[act=00000000 buf=00000000 cnt=00000000 latch=00000000] RD[act=00000000 buf=801a9cde cnt=0000017e] block=4 cfg=0205 DSR=0 DTR=0 stat=0007 ctrl=0225 fifo=1
SIO1-DIAG t= 48587.664 cyc=1632398024 game read DATA=00 popped=1 fifo 1->0 stat=0005
SIO1-DIAG t= 48587.665 cyc=1632398074 LINKSTATE WR[act=00000000 buf=00000000 cnt=00000000 latch=00000000] RD[act=00000000 buf=801a9cdf cnt=0000017d] block=4 cfg=0205 DSR=0 DTR=0 stat=0005 ctrl=0225 fifo=0
SIO1-DIAG t= 48587.667 cyc=1632398074 game read STAT=0005 ctrl=0225 [DSR=0 CTS=0 RXRDY=0] pc=80153c88 (prev value held for 4 reads) totalReads=62487
SIO1-DIAG t= 48587.673 cyc=1632399982 RXMSG #407 declared=5 got=5 bytes=0a 03 0a
SIO1-DIAG t= 48587.675 cyc=1632399982 RX accept #404 byte=00 fifo=1 ctrl=0225
SIO1-DIAG t= 48587.679 cyc=1632400023 game read STAT=0007 ctrl=0225 [DSR=0 CTS=0 RXRDY=1] pc=80153ce4 (prev value held for 34 reads) totalReads=62522
SIO1-DIAG t= 48587.680 cyc=1632400040 game read DATA=00 popped=1 fifo 1->0 stat=0005
SIO1-DIAG t= 48587.681 cyc=1632400083 DTR 0->1 (toggle #101) pc=80153d50 ctrl=0227
SIO1-DIAG t= 48587.682 cyc=1632400083 game wrote CTRL=0227 [TXEN=1 DTR=1 RXEN=1 RTS=1 ACK=0 RESET=0 RXIRQEN=0 TXIRQEN=0] stat=0005
SIO1-DIAG t= 48587.684 cyc=1632400083 TXFC dxr=1 xts=1 ctrl=0227 initial=0
SIO1-DIAG t= 48587.685 cyc=1632400083 TXMSG #133 size=6 bytes=12 04 08
SIO1-DIAG t= 48587.689 cyc=1632400106 LINKSTATE WR[act=00000000 buf=00000000 cnt=00000000 latch=00000000] RD[act=00000000 buf=801a9ce0 cnt=0000017c] block=4 cfg=0205 DSR=0 DTR=1 stat=0005 ctrl=0227 fifo=0
SIO1-DIAG t= 48587.691 cyc=1632400106 game read STAT=0005 ctrl=0227 [DSR=0 CTS=0 RXRDY=0] pc=80153c88 (prev value held for 0 reads) totalReads=62523
SIO1-DIAG t= 48592.240 cyc=1632425726 RXMSG #408 declared=5 got=5 bytes=0a 03 0a
SIO1-DIAG t= 48592.249 cyc=1632425726 RX accept #405 byte=00 fifo=1 ctrl=0227
SIO1-DIAG t= 48592.250 cyc=1632425726 RXMSG #409 declared=5 got=5 bytes=0a 03 0a
SIO1-DIAG t= 48592.251 cyc=1632425726 RX accept #406 byte=00 fifo=2 ctrl=0227
SIO1-DIAG t= 48592.252 cyc=1632425726 RXMSG #410 declared=5 got=5 bytes=0a 03 0a
SIO1-DIAG t= 48592.253 cyc=1632425726 RX accept #407 byte=00 fifo=3 ctrl=0227
SIO1-DIAG t= 48592.261 cyc=1632425726 RXMSG #411 declared=5 got=5 bytes=0a 03 0a
SIO1-DIAG t= 48592.263 cyc=1632425726 RX accept #408 byte=00 fifo=4 ctrl=0227
SIO1-DIAG t= 48592.264 cyc=1632425726 DRAIN 4 messages in one poll
SIO1-DIAG t= 48592.265 cyc=1632425767 game read STAT=0007 ctrl=0227 [DSR=0 CTS=0 RXRDY=1] pc=80153ce4 (prev value held for 450 reads) totalReads=62974
SIO1-DIAG t= 48592.267 cyc=1632425784 game read DATA=00 popped=1 fifo 4->3 stat=0007
SIO1-DIAG t= 48592.268 cyc=1632425834 LINKSTATE WR[act=00000000 buf=00000000 cnt=00000000 latch=00000000] RD[act=00000000 buf=801a9ce1 cnt=0000017b] block=4 cfg=0205 DSR=0 DTR=1 stat=0007 ctrl=0227 fifo=3
SIO1-DIAG t= 48592.271 cyc=1632425862 game read DATA=00 popped=1 fifo 3->2 stat=0007
SIO1-DIAG t= 48592.272 cyc=1632425912 LINKSTATE WR[act=00000000 buf=00000000 cnt=00000000 latch=00000000] RD[act=00000000 buf=801a9ce2 cnt=0000017a] block=4 cfg=0205 DSR=0 DTR=1 stat=0007 ctrl=0227 fifo=2
SIO1-DIAG t= 48592.274 cyc=1632425940 game read DATA=00 popped=1 fifo 2->1 stat=0007
SIO1-DIAG t= 48592.275 cyc=1632425990 LINKSTATE WR[act=00000000 buf=00000000 cnt=00000000 latch=00000000] RD[act=00000000 buf=801a9ce3 cnt=00000179] block=4 cfg=0205 DSR=0 DTR=1 stat=0007 ctrl=0227 fifo=1
SIO1-DIAG t= 48592.277 cyc=1632426018 game read DATA=00 popped=1 fifo 1->0 stat=0005
SIO1-DIAG t= 48592.278 cyc=1632426061 DTR 1->0 (toggle #102) pc=80153d50 ctrl=0225
SIO1-DIAG t= 48592.279 cyc=1632426061 game wrote CTRL=0225 [TXEN=1 DTR=0 RXEN=1 RTS=1 ACK=0 RESET=0 RXIRQEN=0 TXIRQEN=0] stat=0005
SIO1-DIAG t= 48592.291 cyc=1632426061 TXFC dxr=0 xts=1 ctrl=0225 initial=0
SIO1-DIAG t= 48592.298 cyc=1632426061 TXMSG #134 size=4 bytes=12 02 10
SIO1-DIAG t= 48592.303 cyc=1632426084 LINKSTATE WR[act=00000000 buf=00000000 cnt=00000000 latch=00000000] RD[act=00000000 buf=801a9ce4 cnt=00000178] block=4 cfg=0205 DSR=0 DTR=0 stat=0005 ctrl=0225 fifo=0
SIO1-DIAG t= 48592.305 cyc=1632426084 game read STAT=0005 ctrl=0225 [DSR=0 CTS=0 RXRDY=0] pc=80153c88 (prev value held for 6 reads) totalReads=62981
SIO1-DIAG t= 48595.551 cyc=1632442893 RXMSG #412 declared=5 got=5 bytes=0a 03 0a
SIO1-DIAG t= 48595.556 cyc=1632442893 RX accept #409 byte=e8 fifo=1 ctrl=0225
SIO1-DIAG t= 48595.558 cyc=1632442893 RXMSG #413 declared=5 got=5 bytes=0a 03 0a
SIO1-DIAG t= 48595.559 cyc=1632442893 RX accept #410 byte=03 fifo=2 ctrl=0225
SIO1-DIAG t= 48595.560 cyc=1632442893 DRAIN 2 messages in one poll
SIO1-DIAG t= 48595.561 cyc=1632442910 game read STAT=0007 ctrl=0225 [DSR=0 CTS=0 RXRDY=1] pc=80153ce4 (prev value held for 295 reads) totalReads=63277
SIO1-DIAG t= 48595.563 cyc=1632442927 game read DATA=e8 popped=1 fifo 2->1 stat=0007
SIO1-DIAG t= 48595.564 cyc=1632442977 LINKSTATE WR[act=00000000 buf=00000000 cnt=00000000 latch=00000000] RD[act=00000000 buf=801a9ce5 cnt=00000177] block=4 cfg=0205 DSR=0 DTR=0 stat=0007 ctrl=0225 fifo=1
SIO1-DIAG t= 48595.566 cyc=1632443005 game read DATA=03 popped=1 fifo 1->0 stat=0005
SIO1-DIAG t= 48595.571 cyc=1632443055 LINKSTATE WR[act=00000000 buf=00000000 cnt=00000000 latch=00000000] RD[act=00000000 buf=801a9ce6 cnt=00000176] block=4 cfg=0205 DSR=0 DTR=0 stat=0005 ctrl=0225 fifo=0
SIO1-DIAG t= 48595.573 cyc=1632443055 game read STAT=0005 ctrl=0225 [DSR=0 CTS=0 RXRDY=0] pc=80153c88 (prev value held for 2 reads) totalReads=63280
SIO1-DIAG t= 48595.581 cyc=1632445036 RXMSG #414 declared=5 got=5 bytes=0a 03 0a
SIO1-DIAG t= 48595.582 cyc=1632445036 RX accept #411 byte=00 fifo=1 ctrl=0225
SIO1-DIAG t= 48595.583 cyc=1632445036 RXMSG #415 declared=5 got=5 bytes=0a 03 0a
SIO1-DIAG t= 48595.585 cyc=1632445036 RX accept #412 byte=00 fifo=2 ctrl=0225
SIO1-DIAG t= 48595.585 cyc=1632445036 DRAIN 2 messages in one poll
SIO1-DIAG t= 48595.586 cyc=1632445061 game read STAT=0007 ctrl=0225 [DSR=0 CTS=0 RXRDY=1] pc=80153ce4 (prev value held for 35 reads) totalReads=63316
SIO1-DIAG t= 48595.588 cyc=1632445078 game read DATA=00 popped=1 fifo 2->1 stat=0007
SIO1-DIAG t= 48595.589 cyc=1632445128 LINKSTATE WR[act=00000000 buf=00000000 cnt=00000000 latch=00000000] RD[act=00000000 buf=801a9ce7 cnt=00000175] block=4 cfg=0205 DSR=0 DTR=0 stat=0007 ctrl=0225 fifo=1
SIO1-DIAG t= 48595.591 cyc=1632445156 game read DATA=00 popped=1 fifo 1->0 stat=0005
SIO1-DIAG t= 48595.592 cyc=1632445199 DTR 0->1 (toggle #103) pc=80153d50 ctrl=0227
SIO1-DIAG t= 48595.593 cyc=1632445199 game wrote CTRL=0227 [TXEN=1 DTR=1 RXEN=1 RTS=1 ACK=0 RESET=0 RXIRQEN=0 TXIRQEN=0] stat=0005
SIO1-DIAG t= 48595.594 cyc=1632445199 TXFC dxr=1 xts=1 ctrl=0227 initial=0
SIO1-DIAG t= 48595.597 cyc=1632445199 TXMSG #135 size=6 bytes=12 04 08
SIO1-DIAG t= 48595.601 cyc=1632445222 LINKSTATE WR[act=00000000 buf=00000000 cnt=00000000 latch=00000000] RD[act=00000000 buf=801a9ce8 cnt=00000174] block=4 cfg=0205 DSR=0 DTR=1 stat=0005 ctrl=0227 fifo=0
SIO1-DIAG t= 48595.603 cyc=1632445222 game read STAT=0005 ctrl=0227 [DSR=0 CTS=0 RXRDY=0] pc=80153c88 (prev value held for 2 reads) totalReads=63319
SIO1-DIAG t= 48598.977 cyc=1632464354 RXMSG #416 declared=5 got=5 bytes=0a 03 0a
SIO1-DIAG t= 48598.985 cyc=1632464354 RX accept #413 byte=00 fifo=1 ctrl=0227
SIO1-DIAG t= 48598.987 cyc=1632464385 game read STAT=0007 ctrl=0227 [DSR=0 CTS=0 RXRDY=1] pc=80153ce4 (prev value held for 336 reads) totalReads=63656
SIO1-DIAG t= 48598.990 cyc=1632464402 game read DATA=00 popped=1 fifo 1->0 stat=0005
SIO1-DIAG t= 48598.992 cyc=1632464452 LINKSTATE WR[act=00000000 buf=00000000 cnt=00000000 latch=00000000] RD[act=00000000 buf=801a9ce9 cnt=00000173] block=4 cfg=0205 DSR=0 DTR=1 stat=0005 ctrl=0227 fifo=0
SIO1-DIAG t= 48598.994 cyc=1632464452 game read STAT=0005 ctrl=0227 [DSR=0 CTS=0 RXRDY=0] pc=80153c88 (prev value held for 0 reads) totalReads=63657
SIO1-DIAG t= 48599.669 cyc=1632468640 RXMSG #417 declared=5 got=5 bytes=0a 03 0a
SIO1-DIAG t= 48599.678 cyc=1632468640 RX accept #414 byte=00 fifo=1 ctrl=0227
SIO1-DIAG t= 48599.680 cyc=1632468681 game read STAT=0007 ctrl=0227 [DSR=0 CTS=0 RXRDY=1] pc=80153ce4 (prev value held for 74 reads) totalReads=63732
SIO1-DIAG t= 48599.682 cyc=1632468698 game read DATA=00 popped=1 fifo 1->0 stat=0005
SIO1-DIAG t= 48599.689 cyc=1632468748 LINKSTATE WR[act=00000000 buf=00000000 cnt=00000000 latch=00000000] RD[act=00000000 buf=801a9cea cnt=00000172] block=4 cfg=0205 DSR=0 DTR=1 stat=0005 ctrl=0227 fifo=0
SIO1-DIAG t= 48599.692 cyc=1632468748 game read STAT=0005 ctrl=0227 [DSR=0 CTS=0 RXRDY=0] pc=80153c88 (prev value held for 0 reads) totalReads=63733
SIO1-DIAG t= 48599.703 cyc=1632470786 RXMSG #418 declared=5 got=5 bytes=0a 03 0a
SIO1-DIAG t= 48599.704 cyc=1632470786 RX accept #415 byte=00 fifo=1 ctrl=0227
SIO1-DIAG t= 48599.706 cyc=1632470811 game read STAT=0007 ctrl=0227 [DSR=0 CTS=0 RXRDY=1] pc=80153ce4 (prev value held for 36 reads) totalReads=63770
SIO1-DIAG t= 48599.708 cyc=1632470828 game read DATA=00 popped=1 fifo 1->0 stat=0005
SIO1-DIAG t= 48599.709 cyc=1632470878 LINKSTATE WR[act=00000000 buf=00000000 cnt=00000000 latch=00000000] RD[act=00000000 buf=801a9ceb cnt=00000171] block=4 cfg=0205 DSR=0 DTR=1 stat=0005 ctrl=0227 fifo=0
SIO1-DIAG t= 48599.711 cyc=1632470878 game read STAT=0005 ctrl=0227 [DSR=0 CTS=0 RXRDY=0] pc=80153c88 (prev value held for 0 reads) totalReads=63771
SIO1-DIAG t= 48599.721 cyc=1632472936 RXMSG #419 declared=5 got=5 bytes=0a 03 0a
SIO1-DIAG t= 48599.722 cyc=1632472936 RX accept #416 byte=00 fifo=1 ctrl=0227
SIO1-DIAG t= 48599.724 cyc=1632472941 game read STAT=0007 ctrl=0227 [DSR=0 CTS=0 RXRDY=1] pc=80153ce4 (prev value held for 36 reads) totalReads=63808
SIO1-DIAG t= 48599.725 cyc=1632472958 game read DATA=00 popped=1 fifo 1->0 stat=0005
SIO1-DIAG t= 48599.727 cyc=1632473001 DTR 1->0 (toggle #104) pc=80153d50 ctrl=0225
SIO1-DIAG t= 48599.743 cyc=1632473001 game wrote CTRL=0225 [TXEN=1 DTR=0 RXEN=1 RTS=1 ACK=0 RESET=0 RXIRQEN=0 TXIRQEN=0] stat=0005
SIO1-DIAG t= 48599.745 cyc=1632473001 TXFC dxr=0 xts=1 ctrl=0225 initial=0
SIO1-DIAG t= 48599.747 cyc=1632473001 TXMSG #136 size=4 bytes=12 02 10
SIO1-DIAG t= 48599.753 cyc=1632473024 LINKSTATE WR[act=00000000 buf=00000000 cnt=00000000 latch=00000000] RD[act=00000000 buf=801a9cec cnt=00000170] block=4 cfg=0205 DSR=0 DTR=0 stat=0005 ctrl=0225 fifo=0
SIO1-DIAG t= 48599.755 cyc=1632473024 game read STAT=0005 ctrl=0225 [DSR=0 CTS=0 RXRDY=0] pc=80153c88 (prev value held for 0 reads) totalReads=63809
SIO1-DIAG t= 48603.303 cyc=1632492260 RXMSG #420 declared=5 got=5 bytes=0a 03 0a
SIO1-DIAG t= 48603.315 cyc=1632492260 RX accept #417 byte=00 fifo=1 ctrl=0225
SIO1-DIAG t= 48603.318 cyc=1632492260 RXMSG #421 declared=5 got=5 bytes=0a 03 0a
SIO1-DIAG t= 48603.319 cyc=1632492260 RX accept #418 byte=00 fifo=2 ctrl=0225
SIO1-DIAG t= 48603.321 cyc=1632492260 DRAIN 2 messages in one poll
SIO1-DIAG t= 48603.323 cyc=1632492301 game read STAT=0007 ctrl=0225 [DSR=0 CTS=0 RXRDY=1] pc=80153ce4 (prev value held for 338 reads) totalReads=64148
SIO1-DIAG t= 48603.326 cyc=1632492318 game read DATA=00 popped=1 fifo 2->1 stat=0007
SIO1-DIAG t= 48603.329 cyc=1632492368 LINKSTATE WR[act=00000000 buf=00000000 cnt=00000000 latch=00000000] RD[act=00000000 buf=801a9ced cnt=0000016f] block=4 cfg=0205 DSR=0 DTR=0 stat=0007 ctrl=0225 fifo=1
SIO1-DIAG t= 48603.340 cyc=1632492396 game read DATA=00 popped=1 fifo 1->0 stat=0005
SIO1-DIAG t= 48603.342 cyc=1632492446 LINKSTATE WR[act=00000000 buf=00000000 cnt=00000000 latch=00000000] RD[act=00000000 buf=801a9cee cnt=0000016e] block=4 cfg=0205 DSR=0 DTR=0 stat=0005 ctrl=0225 fifo=0
SIO1-DIAG t= 48603.344 cyc=1632492446 game read STAT=0005 ctrl=0225 [DSR=0 CTS=0 RXRDY=0] pc=80153c88 (prev value held for 2 reads) totalReads=64151
SIO1-DIAG t= 48603.352 cyc=1632494390 RXMSG #422 declared=5 got=5 bytes=0a 03 0a
SIO1-DIAG t= 48603.354 cyc=1632494390 RX accept #419 byte=00 fifo=1 ctrl=0225
SIO1-DIAG t= 48603.356 cyc=1632494395 game read STAT=0007 ctrl=0225 [DSR=0 CTS=0 RXRDY=1] pc=80153ce4 (prev value held for 34 reads) totalReads=64186
SIO1-DIAG t= 48603.368 cyc=1632494412 game read DATA=00 popped=1 fifo 1->0 stat=0005
SIO1-DIAG t= 48603.370 cyc=1632494462 LINKSTATE WR[act=00000000 buf=00000000 cnt=00000000 latch=00000000] RD[act=00000000 buf=801a9cef cnt=0000016d] block=4 cfg=0205 DSR=0 DTR=0 stat=0005 ctrl=0225 fifo=0
SIO1-DIAG t= 48603.372 cyc=1632494462 game read STAT=0005 ctrl=0225 [DSR=0 CTS=0 RXRDY=0] pc=80153c88 (prev value held for 0 reads) totalReads=64187
SIO1-DIAG t= 48603.422 cyc=1632496541 RXMSG #423 declared=5 got=5 bytes=0a 03 0a
SIO1-DIAG t= 48603.425 cyc=1632496541 RX accept #420 byte=00 fifo=1 ctrl=0225
SIO1-DIAG t= 48603.426 cyc=1632496582 game read STAT=0007 ctrl=0225 [DSR=0 CTS=0 RXRDY=1] pc=80153ce4 (prev value held for 37 reads) totalReads=64225
SIO1-DIAG t= 48603.428 cyc=1632496599 game read DATA=00 popped=1 fifo 1->0 stat=0005
SIO1-DIAG t= 48603.430 cyc=1632496642 DTR 0->1 (toggle #105) pc=80153d50 ctrl=0227
SIO1-DIAG t= 48603.434 cyc=1632496642 game wrote CTRL=0227 [TXEN=1 DTR=1 RXEN=1 RTS=1 ACK=0 RESET=0 RXIRQEN=0 TXIRQEN=0] stat=0005
SIO1-DIAG t= 48603.437 cyc=1632496642 TXFC dxr=1 xts=1 ctrl=0227 initial=0
SIO1-DIAG t= 48603.439 cyc=1632496642 TXMSG #137 size=6 bytes=12 04 08
SIO1-DIAG t= 48603.446 cyc=1632496665 LINKSTATE WR[act=00000000 buf=00000000 cnt=00000000 latch=00000000] RD[act=00000000 buf=801a9cf0 cnt=0000016c] block=4 cfg=0205 DSR=0 DTR=1 stat=0005 ctrl=0227 fifo=0
SIO1-DIAG t= 48603.448 cyc=1632496665 game read STAT=0005 ctrl=0227 [DSR=0 CTS=0 RXRDY=0] pc=80153c88 (prev value held for 0 reads) totalReads=64226
SIO1-DIAG t= 48607.112 cyc=1632518010 RXMSG #424 declared=5 got=5 bytes=0a 03 0a
SIO1-DIAG t= 48607.126 cyc=1632518010 RX accept #421 byte=07 fifo=1 ctrl=0227
SIO1-DIAG t= 48607.128 cyc=1632518010 RXMSG #425 declared=5 got=5 bytes=0a 03 0a
SIO1-DIAG t= 48607.129 cyc=1632518010 RX accept #422 byte=00 fifo=2 ctrl=0227
SIO1-DIAG t= 48607.131 cyc=1632518010 RXMSG #426 declared=5 got=5 bytes=0a 03 0a
SIO1-DIAG t= 48607.132 cyc=1632518010 RX accept #423 byte=00 fifo=3 ctrl=0227
SIO1-DIAG t= 48607.133 cyc=1632518010 RXMSG #427 declared=5 got=5 bytes=0a 03 0a
SIO1-DIAG t= 48607.134 cyc=1632518010 RX accept #424 byte=00 fifo=4 ctrl=0227
SIO1-DIAG t= 48607.135 cyc=1632518010 DRAIN 4 messages in one poll
SIO1-DIAG t= 48607.144 cyc=1632518051 game read STAT=0007 ctrl=0227 [DSR=0 CTS=0 RXRDY=1] pc=80153ce4 (prev value held for 375 reads) totalReads=64602
SIO1-DIAG t= 48607.147 cyc=1632518068 game read DATA=07 popped=1 fifo 4->3 stat=0007
SIO1-DIAG t= 48607.149 cyc=1632518118 LINKSTATE WR[act=00000000 buf=00000000 cnt=00000000 latch=00000000] RD[act=00000000 buf=801a9cf1 cnt=0000016b] block=4 cfg=0205 DSR=0 DTR=1 stat=0007 ctrl=0227 fifo=3
SIO1-DIAG t= 48607.151 cyc=1632518146 game read DATA=00 popped=1 fifo 3->2 stat=0007
SIO1-DIAG t= 48607.152 cyc=1632518196 LINKSTATE WR[act=00000000 buf=00000000 cnt=00000000 latch=00000000] RD[act=00000000 buf=801a9cf2 cnt=0000016a] block=4 cfg=0205 DSR=0 DTR=1 stat=0007 ctrl=0227 fifo=2
SIO1-DIAG t= 48607.154 cyc=1632518224 game read DATA=00 popped=1 fifo 2->1 stat=0007
SIO1-DIAG t= 48607.155 cyc=1632518274 LINKSTATE WR[act=00000000 buf=00000000 cnt=00000000 latch=00000000] RD[act=00000000 buf=801a9cf3 cnt=00000169] block=4 cfg=0205 DSR=0 DTR=1 stat=0007 ctrl=0227 fifo=1
SIO1-DIAG t= 48607.157 cyc=1632518302 game read DATA=00 popped=1 fifo 1->0 stat=0005
SIO1-DIAG t= 48607.158 cyc=1632518345 DTR 1->0 (toggle #106) pc=80153d50 ctrl=0225
SIO1-DIAG t= 48607.159 cyc=1632518345 game wrote CTRL=0225 [TXEN=1 DTR=0 RXEN=1 RTS=1 ACK=0 RESET=0 RXIRQEN=0 TXIRQEN=0] stat=0005
SIO1-DIAG t= 48607.161 cyc=1632518345 TXFC dxr=0 xts=1 ctrl=0225 initial=0
SIO1-DIAG t= 48607.162 cyc=1632518345 TXMSG #138 size=4 bytes=12 02 10
SIO1-DIAG t= 48607.171 cyc=1632518368 LINKSTATE WR[act=00000000 buf=00000000 cnt=00000000 latch=00000000] RD[act=00000000 buf=801a9cf4 cnt=00000168] block=4 cfg=0205 DSR=0 DTR=0 stat=0005 ctrl=0225 fifo=0
SIO1-DIAG t= 48607.172 cyc=1632518368 game read STAT=0005 ctrl=0225 [DSR=0 CTS=0 RXRDY=0] pc=80153c88 (prev value held for 6 reads) totalReads=64609
SIO1-DIAG t= 48613.329 cyc=1632552334 RXMSG #428 declared=5 got=5 bytes=0a 03 0a
SIO1-DIAG t= 48613.340 cyc=1632552334 RX accept #425 byte=6e fifo=1 ctrl=0225
SIO1-DIAG t= 48613.342 cyc=1632552334 RXMSG #429 declared=5 got=5 bytes=0a 03 0a
SIO1-DIAG t= 48613.343 cyc=1632552334 RX accept #426 byte=01 fifo=2 ctrl=0225
SIO1-DIAG t= 48613.344 cyc=1632552334 RXMSG #430 declared=5 got=5 bytes=0a 03 0a
SIO1-DIAG t= 48613.345 cyc=1632552334 RX accept #427 byte=00 fifo=3 ctrl=0225
SIO1-DIAG t= 48613.346 cyc=1632552334 DRAIN 3 messages in one poll
SIO1-DIAG t= 48613.347 cyc=1632552351 game read STAT=0007 ctrl=0225 [DSR=0 CTS=0 RXRDY=1] pc=80153ce4 (prev value held for 596 reads) totalReads=65206
SIO1-DIAG t= 48613.349 cyc=1632552368 game read DATA=6e popped=1 fifo 3->2 stat=0007
SIO1-DIAG t= 48613.351 cyc=1632552418 LINKSTATE WR[act=00000000 buf=00000000 cnt=00000000 latch=00000000] RD[act=00000000 buf=801a9cf5 cnt=00000167] block=4 cfg=0205 DSR=0 DTR=0 stat=0007 ctrl=0225 fifo=2
SIO1-DIAG t= 48613.354 cyc=1632552446 game read DATA=01 popped=1 fifo 2->1 stat=0007
SIO1-DIAG t= 48613.355 cyc=1632552496 LINKSTATE WR[act=00000000 buf=00000000 cnt=00000000 latch=00000000] RD[act=00000000 buf=801a9cf6 cnt=00000166] block=4 cfg=0205 DSR=0 DTR=0 stat=0007 ctrl=0225 fifo=1
SIO1-DIAG t= 48613.364 cyc=1632552524 game read DATA=00 popped=1 fifo 1->0 stat=0005
SIO1-DIAG t= 48613.365 cyc=1632552574 LINKSTATE WR[act=00000000 buf=00000000 cnt=00000000 latch=00000000] RD[act=00000000 buf=801a9cf7 cnt=00000165] block=4 cfg=0205 DSR=0 DTR=0 stat=0005 ctrl=0225 fifo=0
SIO1-DIAG t= 48613.366 cyc=1632552574 game read STAT=0005 ctrl=0225 [DSR=0 CTS=0 RXRDY=0] pc=80153c88 (prev value held for 4 reads) totalReads=65211
SIO1-DIAG t= 48613.373 cyc=1632554482 RXMSG #431 declared=5 got=5 bytes=0a 03 0a
SIO1-DIAG t= 48613.374 cyc=1632554482 RX accept #428 byte=00 fifo=1 ctrl=0225
SIO1-DIAG t= 48613.375 cyc=1632554523 game read STAT=0007 ctrl=0225 [DSR=0 CTS=0 RXRDY=1] pc=80153ce4 (prev value held for 34 reads) totalReads=65246
SIO1-DIAG t= 48613.376 cyc=1632554540 game read DATA=00 popped=1 fifo 1->0 stat=0005
SIO1-DIAG t= 48613.378 cyc=1632554583 DTR 0->1 (toggle #107) pc=80153d50 ctrl=0227
SIO1-DIAG t= 48613.380 cyc=1632554583 game wrote CTRL=0227 [TXEN=1 DTR=1 RXEN=1 RTS=1 ACK=0 RESET=0 RXIRQEN=0 TXIRQEN=0] stat=0005
SIO1-DIAG t= 48613.382 cyc=1632554583 TXFC dxr=1 xts=1 ctrl=0227 initial=0
SIO1-DIAG t= 48613.384 cyc=1632554583 TXMSG #139 size=6 bytes=12 04 08
SIO1-DIAG t= 48613.390 cyc=1632554606 LINKSTATE WR[act=00000000 buf=00000000 cnt=00000000 latch=00000000] RD[act=00000000 buf=801a9cf8 cnt=00000164] block=4 cfg=0205 DSR=0 DTR=1 stat=0005 ctrl=0227 fifo=0
SIO1-DIAG t= 48613.394 cyc=1632554606 game read STAT=0005 ctrl=0227 [DSR=0 CTS=0 RXRDY=0] pc=80153c88 (prev value held for 0 reads) totalReads=65247
SIO1-DIAG t= 48616.237 cyc=1632571033 STAT poll sample pc=80153ce4 stat=0005 reads=65536
SIO1-DIAG t= 48617.804 cyc=1632578084 RXMSG #432 declared=5 got=5 bytes=0a 03 0a
SIO1-DIAG t= 48617.807 cyc=1632578084 RX accept #429 byte=66 fifo=1 ctrl=0227
SIO1-DIAG t= 48617.808 cyc=1632578084 RXMSG #433 declared=5 got=5 bytes=0a 03 0a
SIO1-DIAG t= 48617.810 cyc=1632578084 RX accept #430 byte=00 fifo=2 ctrl=0227
SIO1-DIAG t= 48617.811 cyc=1632578084 DRAIN 2 messages in one poll
SIO1-DIAG t= 48617.813 cyc=1632578101 game read STAT=0007 ctrl=0227 [DSR=0 CTS=0 RXRDY=1] pc=80153ce4 (prev value held for 412 reads) totalReads=65660
SIO1-DIAG t= 48617.815 cyc=1632578118 game read DATA=66 popped=1 fifo 2->1 stat=0007
SIO1-DIAG t= 48617.817 cyc=1632578168 LINKSTATE WR[act=00000000 buf=00000000 cnt=00000000 latch=00000000] RD[act=00000000 buf=801a9cf9 cnt=00000163] block=4 cfg=0205 DSR=0 DTR=1 stat=0007 ctrl=0227 fifo=1
SIO1-DIAG t= 48617.819 cyc=1632578196 game read DATA=00 popped=1 fifo 1->0 stat=0005
SIO1-DIAG t= 48617.821 cyc=1632578246 LINKSTATE WR[act=00000000 buf=00000000 cnt=00000000 latch=00000000] RD[act=00000000 buf=801a9cfa cnt=00000162] block=4 cfg=0205 DSR=0 DTR=1 stat=0005 ctrl=0227 fifo=0
SIO1-DIAG t= 48617.823 cyc=1632578246 game read STAT=0005 ctrl=0227 [DSR=0 CTS=0 RXRDY=0] pc=80153c88 (prev value held for 2 reads) totalReads=65663
SIO1-DIAG t= 48619.397 cyc=1632586668 RXMSG #434 declared=5 got=5 bytes=0a 03 0a
SIO1-DIAG t= 48619.403 cyc=1632586668 RX accept #431 byte=00 fifo=1 ctrl=0227
SIO1-DIAG t= 48619.410 cyc=1632586668 RXMSG #435 declared=5 got=5 bytes=0a 03 0a
SIO1-DIAG t= 48619.411 cyc=1632586668 RX accept #432 byte=00 fifo=2 ctrl=0227
SIO1-DIAG t= 48619.412 cyc=1632586668 DRAIN 2 messages in one poll
SIO1-DIAG t= 48619.413 cyc=1632586693 game read STAT=0007 ctrl=0227 [DSR=0 CTS=0 RXRDY=1] pc=80153ce4 (prev value held for 148 reads) totalReads=65812
SIO1-DIAG t= 48619.415 cyc=1632586710 game read DATA=00 popped=1 fifo 2->1 stat=0007
SIO1-DIAG t= 48619.416 cyc=1632586760 LINKSTATE WR[act=00000000 buf=00000000 cnt=00000000 latch=00000000] RD[act=00000000 buf=801a9cfb cnt=00000161] block=4 cfg=0205 DSR=0 DTR=1 stat=0007 ctrl=0227 fifo=1
SIO1-DIAG t= 48619.419 cyc=1632586788 game read DATA=00 popped=1 fifo 1->0 stat=0005
SIO1-DIAG t= 48619.420 cyc=1632586831 DTR 1->0 (toggle #108) pc=80153d50 ctrl=0225
SIO1-DIAG t= 48619.421 cyc=1632586831 game wrote CTRL=0225 [TXEN=1 DTR=0 RXEN=1 RTS=1 ACK=0 RESET=0 RXIRQEN=0 TXIRQEN=0] stat=0005
SIO1-DIAG t= 48619.422 cyc=1632586831 TXFC dxr=0 xts=1 ctrl=0225 initial=0
SIO1-DIAG t= 48619.424 cyc=1632586831 TXMSG #140 size=4 bytes=12 02 10
SIO1-DIAG t= 48619.428 cyc=1632586854 LINKSTATE WR[act=00000000 buf=00000000 cnt=00000000 latch=00000000] RD[act=00000000 buf=801a9cfc cnt=00000160] block=4 cfg=0205 DSR=0 DTR=0 stat=0005 ctrl=0225 fifo=0
SIO1-DIAG t= 48619.432 cyc=1632586854 game read STAT=0005 ctrl=0225 [DSR=0 CTS=0 RXRDY=0] pc=80153c88 (prev value held for 2 reads) totalReads=65815
SIO1-DIAG t= 48624.348 cyc=1632614566 RXMSG #436 declared=5 got=5 bytes=0a 03 0a
SIO1-DIAG t= 48624.351 cyc=1632614566 RX accept #433 byte=1e fifo=1 ctrl=0225
SIO1-DIAG t= 48624.352 cyc=1632614566 RXMSG #437 declared=5 got=5 bytes=0a 03 0a
SIO1-DIAG t= 48624.353 cyc=1632614566 RX accept #434 byte=00 fifo=2 ctrl=0225
SIO1-DIAG t= 48624.354 cyc=1632614566 RXMSG #438 declared=5 got=5 bytes=0a 03 0a
SIO1-DIAG t= 48624.355 cyc=1632614566 RX accept #435 byte=00 fifo=3 ctrl=0225
SIO1-DIAG t= 48624.356 cyc=1632614566 RXMSG #439 declared=5 got=5 bytes=0a 03 0a
SIO1-DIAG t= 48624.357 cyc=1632614566 RX accept #436 byte=00 fifo=4 ctrl=0225
SIO1-DIAG t= 48624.358 cyc=1632614566 DRAIN 4 messages in one poll
SIO1-DIAG t= 48624.359 cyc=1632614567 game read STAT=0007 ctrl=0225 [DSR=0 CTS=0 RXRDY=1] pc=80153ce4 (prev value held for 486 reads) totalReads=66302
SIO1-DIAG t= 48624.360 cyc=1632614584 game read DATA=1e popped=1 fifo 4->3 stat=0007
SIO1-DIAG t= 48624.362 cyc=1632614634 LINKSTATE WR[act=00000000 buf=00000000 cnt=00000000 latch=00000000] RD[act=00000000 buf=801a9cfd cnt=0000015f] block=4 cfg=0205 DSR=0 DTR=0 stat=0007 ctrl=0225 fifo=3
SIO1-DIAG t= 48624.364 cyc=1632614662 game read DATA=00 popped=1 fifo 3->2 stat=0007
SIO1-DIAG t= 48624.365 cyc=1632614712 LINKSTATE WR[act=00000000 buf=00000000 cnt=00000000 latch=00000000] RD[act=00000000 buf=801a9cfe cnt=0000015e] block=4 cfg=0205 DSR=0 DTR=0 stat=0007 ctrl=0225 fifo=2
SIO1-DIAG t= 48624.369 cyc=1632614740 game read DATA=00 popped=1 fifo 2->1 stat=0007
SIO1-DIAG t= 48624.370 cyc=1632614790 LINKSTATE WR[act=00000000 buf=00000000 cnt=00000000 latch=00000000] RD[act=00000000 buf=801a9cff cnt=0000015d] block=4 cfg=0205 DSR=0 DTR=0 stat=0007 ctrl=0225 fifo=1
SIO1-DIAG t= 48624.372 cyc=1632614818 game read DATA=00 popped=1 fifo 1->0 stat=0005
SIO1-DIAG t= 48624.373 cyc=1632614861 DTR 0->1 (toggle #109) pc=80153d50 ctrl=0227
SIO1-DIAG t= 48624.374 cyc=1632614861 game wrote CTRL=0227 [TXEN=1 DTR=1 RXEN=1 RTS=1 ACK=0 RESET=0 RXIRQEN=0 TXIRQEN=0] stat=0005
SIO1-DIAG t= 48624.375 cyc=1632614861 TXFC dxr=1 xts=1 ctrl=0227 initial=0
SIO1-DIAG t= 48624.377 cyc=1632614861 TXMSG #141 size=6 bytes=12 04 08
SIO1-DIAG t= 48624.380 cyc=1632614884 LINKSTATE WR[act=00000000 buf=00000000 cnt=00000000 latch=00000000] RD[act=00000000 buf=801a9d00 cnt=0000015c] block=4 cfg=0205 DSR=0 DTR=1 stat=0005 ctrl=0227 fifo=0
SIO1-DIAG t= 48624.386 cyc=1632614884 game read STAT=0005 ctrl=0227 [DSR=0 CTS=0 RXRDY=0] pc=80153c88 (prev value held for 6 reads) totalReads=66309
SIO1-DIAG t= 48631.434 cyc=1632653194 RXMSG #440 declared=5 got=5 bytes=0a 03 0a
SIO1-DIAG t= 48631.442 cyc=1632653194 RX accept #437 byte=0d fifo=1 ctrl=0227
SIO1-DIAG t= 48631.444 cyc=1632653194 RXMSG #441 declared=5 got=5 bytes=0a 03 0a
SIO1-DIAG t= 48631.445 cyc=1632653194 RX accept #438 byte=00 fifo=2 ctrl=0227
SIO1-DIAG t= 48631.446 cyc=1632653194 RXMSG #442 declared=5 got=5 bytes=0a 03 0a
SIO1-DIAG t= 48631.454 cyc=1632653194 RX accept #439 byte=00 fifo=3 ctrl=0227
SIO1-DIAG t= 48631.456 cyc=1632653194 RXMSG #443 declared=5 got=5 bytes=0a 03 0a
SIO1-DIAG t= 48631.457 cyc=1632653194 RX accept #440 byte=00 fifo=4 ctrl=0227
SIO1-DIAG t= 48631.458 cyc=1632653194 DRAIN 4 messages in one poll
SIO1-DIAG t= 48631.459 cyc=1632653199 game read STAT=0007 ctrl=0227 [DSR=0 CTS=0 RXRDY=1] pc=80153ce4 (prev value held for 672 reads) totalReads=66982
SIO1-DIAG t= 48631.461 cyc=1632653216 game read DATA=0d popped=1 fifo 4->3 stat=0007
SIO1-DIAG t= 48631.464 cyc=1632653266 LINKSTATE WR[act=00000000 buf=00000000 cnt=00000000 latch=00000000] RD[act=00000000 buf=801a9d01 cnt=0000015b] block=4 cfg=0205 DSR=0 DTR=1 stat=0007 ctrl=0227 fifo=3
SIO1-DIAG t= 48631.466 cyc=1632653294 game read DATA=00 popped=1 fifo 3->2 stat=0007
SIO1-DIAG t= 48631.467 cyc=1632653344 LINKSTATE WR[act=00000000 buf=00000000 cnt=00000000 latch=00000000] RD[act=00000000 buf=801a9d02 cnt=0000015a] block=4 cfg=0205 DSR=0 DTR=1 stat=0007 ctrl=0227 fifo=2
SIO1-DIAG t= 48631.469 cyc=1632653372 game read DATA=00 popped=1 fifo 2->1 stat=0007
SIO1-DIAG t= 48631.470 cyc=1632653422 LINKSTATE WR[act=00000000 buf=00000000 cnt=00000000 latch=00000000] RD[act=00000000 buf=801a9d03 cnt=00000159] block=4 cfg=0205 DSR=0 DTR=1 stat=0007 ctrl=0227 fifo=1
SIO1-DIAG t= 48631.472 cyc=1632653450 game read DATA=00 popped=1 fifo 1->0 stat=0005
SIO1-DIAG t= 48631.473 cyc=1632653493 DTR 1->0 (toggle #110) pc=80153d50 ctrl=0225
SIO1-DIAG t= 48631.476 cyc=1632653493 game wrote CTRL=0225 [TXEN=1 DTR=0 RXEN=1 RTS=1 ACK=0 RESET=0 RXIRQEN=0 TXIRQEN=0] stat=0005
SIO1-DIAG t= 48631.478 cyc=1632653493 TXFC dxr=0 xts=1 ctrl=0225 initial=0
SIO1-DIAG t= 48631.480 cyc=1632653493 TXMSG #142 size=4 bytes=12 02 10
SIO1-DIAG t= 48631.484 cyc=1632653516 LINKSTATE WR[act=00000000 buf=00000000 cnt=00000000 latch=00000000] RD[act=00000000 buf=801a9d04 cnt=00000158] block=4 cfg=0205 DSR=0 DTR=0 stat=0005 ctrl=0225 fifo=0
SIO1-DIAG t= 48631.486 cyc=1632653516 game read STAT=0005 ctrl=0225 [DSR=0 CTS=0 RXRDY=0] pc=80153c88 (prev value held for 6 reads) totalReads=66989
SIO1-DIAG t= 48634.686 cyc=1632670368 RXMSG #444 declared=5 got=5 bytes=0a 03 0a
SIO1-DIAG t= 48634.691 cyc=1632670368 RX accept #441 byte=01 fifo=1 ctrl=0225
SIO1-DIAG t= 48634.693 cyc=1632670399 game read STAT=0007 ctrl=0225 [DSR=0 CTS=0 RXRDY=1] pc=80153ce4 (prev value held for 296 reads) totalReads=67286
SIO1-DIAG t= 48634.694 cyc=1632670416 game read DATA=01 popped=1 fifo 1->0 stat=0005
SIO1-DIAG t= 48634.696 cyc=1632670466 LINKSTATE WR[act=00000000 buf=00000000 cnt=00000000 latch=00000000] RD[act=00000000 buf=801a9d05 cnt=00000157] block=4 cfg=0205 DSR=0 DTR=0 stat=0005 ctrl=0225 fifo=0
SIO1-DIAG t= 48634.698 cyc=1632670466 game read STAT=0005 ctrl=0225 [DSR=0 CTS=0 RXRDY=0] pc=80153c88 (prev value held for 0 reads) totalReads=67287
SIO1-DIAG t= 48635.671 cyc=1632676803 RXMSG #445 declared=5 got=5 bytes=0a 03 0a
SIO1-DIAG t= 48635.672 cyc=1632676803 RX accept #442 byte=00 fifo=1 ctrl=0225
SIO1-DIAG t= 48635.679 cyc=1632676803 RXMSG #446 declared=5 got=5 bytes=0a 03 0a
SIO1-DIAG t= 48635.680 cyc=1632676803 RX accept #443 byte=00 fifo=2 ctrl=0225
SIO1-DIAG t= 48635.681 cyc=1632676803 RXMSG #447 declared=5 got=5 bytes=0a 03 0a
SIO1-DIAG t= 48635.682 cyc=1632676803 RX accept #444 byte=00 fifo=3 ctrl=0225
SIO1-DIAG t= 48635.683 cyc=1632676803 DRAIN 3 messages in one poll
SIO1-DIAG t= 48635.684 cyc=1632676804 game read STAT=0007 ctrl=0225 [DSR=0 CTS=0 RXRDY=1] pc=80153ce4 (prev value held for 111 reads) totalReads=67399
SIO1-DIAG t= 48635.689 cyc=1632676821 game read DATA=00 popped=1 fifo 3->2 stat=0007
SIO1-DIAG t= 48635.691 cyc=1632676871 LINKSTATE WR[act=00000000 buf=00000000 cnt=00000000 latch=00000000] RD[act=00000000 buf=801a9d06 cnt=00000156] block=4 cfg=0205 DSR=0 DTR=0 stat=0007 ctrl=0225 fifo=2
SIO1-DIAG t= 48635.693 cyc=1632676899 game read DATA=00 popped=1 fifo 2->1 stat=0007
SIO1-DIAG t= 48635.695 cyc=1632676949 LINKSTATE WR[act=00000000 buf=00000000 cnt=00000000 latch=00000000] RD[act=00000000 buf=801a9d07 cnt=00000155] block=4 cfg=0205 DSR=0 DTR=0 stat=0007 ctrl=0225 fifo=1
SIO1-DIAG t= 48635.697 cyc=1632676977 game read DATA=00 popped=1 fifo 1->0 stat=0005
SIO1-DIAG t= 48635.699 cyc=1632677020 DTR 0->1 (toggle #111) pc=80153d50 ctrl=0227
SIO1-DIAG t= 48635.700 cyc=1632677020 game wrote CTRL=0227 [TXEN=1 DTR=1 RXEN=1 RTS=1 ACK=0 RESET=0 RXIRQEN=0 TXIRQEN=0] stat=0005
SIO1-DIAG t= 48635.702 cyc=1632677020 TXFC dxr=1 xts=1 ctrl=0227 initial=0
SIO1-DIAG t= 48635.706 cyc=1632677020 TXMSG #143 size=6 bytes=12 04 08
SIO1-DIAG t= 48635.710 cyc=1632677043 LINKSTATE WR[act=00000000 buf=00000000 cnt=00000000 latch=00000000] RD[act=00000000 buf=801a9d08 cnt=00000154] block=4 cfg=0205 DSR=0 DTR=1 stat=0005 ctrl=0227 fifo=0
SIO1-DIAG t= 48635.712 cyc=1632677043 game read STAT=0005 ctrl=0227 [DSR=0 CTS=0 RXRDY=0] pc=80153c88 (prev value held for 4 reads) totalReads=67404
SIO1-DIAG t= 48639.835 cyc=1632698274 RXMSG #448 declared=5 got=5 bytes=0a 03 0a
SIO1-DIAG t= 48639.853 cyc=1632698274 RX accept #445 byte=20 fifo=1 ctrl=0227
SIO1-DIAG t= 48639.859 cyc=1632698274 RXMSG #449 declared=5 got=5 bytes=0a 03 0a
SIO1-DIAG t= 48639.861 cyc=1632698274 RX accept #446 byte=00 fifo=2 ctrl=0227
SIO1-DIAG t= 48639.862 cyc=1632698274 RXMSG #450 declared=5 got=5 bytes=0a 03 0a
SIO1-DIAG t= 48639.863 cyc=1632698274 RX accept #447 byte=00 fifo=3 ctrl=0227
SIO1-DIAG t= 48639.864 cyc=1632698274 RXMSG #451 declared=5 got=5 bytes=0a 03 0a
SIO1-DIAG t= 48639.865 cyc=1632698274 RX accept #448 byte=00 fifo=4 ctrl=0227
SIO1-DIAG t= 48639.866 cyc=1632698274 DRAIN 4 messages in one poll
SIO1-DIAG t= 48639.867 cyc=1632698315 game read STAT=0007 ctrl=0227 [DSR=0 CTS=0 RXRDY=1] pc=80153ce4 (prev value held for 373 reads) totalReads=67778
SIO1-DIAG t= 48639.870 cyc=1632698332 game read DATA=20 popped=1 fifo 4->3 stat=0007
SIO1-DIAG t= 48639.881 cyc=1632698382 LINKSTATE WR[act=00000000 buf=00000000 cnt=00000000 latch=00000000] RD[act=00000000 buf=801a9d09 cnt=00000153] block=4 cfg=0205 DSR=0 DTR=1 stat=0007 ctrl=0227 fifo=3
SIO1-DIAG t= 48639.884 cyc=1632698410 game read DATA=00 popped=1 fifo 3->2 stat=0007
SIO1-DIAG t= 48639.886 cyc=1632698460 LINKSTATE WR[act=00000000 buf=00000000 cnt=00000000 latch=00000000] RD[act=00000000 buf=801a9d0a cnt=00000152] block=4 cfg=0205 DSR=0 DTR=1 stat=0007 ctrl=0227 fifo=2
SIO1-DIAG t= 48639.887 cyc=1632698488 game read DATA=00 popped=1 fifo 2->1 stat=0007
SIO1-DIAG t= 48639.889 cyc=1632698538 LINKSTATE WR[act=00000000 buf=00000000 cnt=00000000 latch=00000000] RD[act=00000000 buf=801a9d0b cnt=00000151] block=4 cfg=0205 DSR=0 DTR=1 stat=0007 ctrl=0227 fifo=1
SIO1-DIAG t= 48639.890 cyc=1632698566 game read DATA=00 popped=1 fifo 1->0 stat=0005
SIO1-DIAG t= 48639.892 cyc=1632698609 DTR 1->0 (toggle #112) pc=80153d50 ctrl=0225
SIO1-DIAG t= 48639.893 cyc=1632698609 game wrote CTRL=0225 [TXEN=1 DTR=0 RXEN=1 RTS=1 ACK=0 RESET=0 RXIRQEN=0 TXIRQEN=0] stat=0005
SIO1-DIAG t= 48639.895 cyc=1632698609 TXFC dxr=0 xts=1 ctrl=0225 initial=0
SIO1-DIAG t= 48639.897 cyc=1632698609 TXMSG #144 size=4 bytes=12 02 10
SIO1-DIAG t= 48639.902 cyc=1632698632 LINKSTATE WR[act=00000000 buf=00000000 cnt=00000000 latch=00000000] RD[act=00000000 buf=801a9d0c cnt=00000150] block=4 cfg=0205 DSR=0 DTR=0 stat=0005 ctrl=0225 fifo=0
SIO1-DIAG t= 48639.906 cyc=1632698632 game read STAT=0005 ctrl=0225 [DSR=0 CTS=0 RXRDY=0] pc=80153c88 (prev value held for 6 reads) totalReads=67785
SIO1-DIAG t= 48643.357 cyc=1632717583 RXMSG #452 declared=5 got=5 bytes=0a 03 0a
SIO1-DIAG t= 48643.363 cyc=1632717583 RX accept #449 byte=03 fifo=1 ctrl=0225
SIO1-DIAG t= 48643.370 cyc=1632717583 RXMSG #453 declared=5 got=5 bytes=0a 03 0a
SIO1-DIAG t= 48643.372 cyc=1632717583 RX accept #450 byte=00 fifo=2 ctrl=0225
SIO1-DIAG t= 48643.373 cyc=1632717583 RXMSG #454 declared=5 got=5 bytes=0a 03 0a
SIO1-DIAG t= 48643.375 cyc=1632717583 RX accept #451 byte=00 fifo=3 ctrl=0225
SIO1-DIAG t= 48643.376 cyc=1632717583 RXMSG #455 declared=5 got=5 bytes=0a 03 0a
SIO1-DIAG t= 48643.378 cyc=1632717583 RX accept #452 byte=00 fifo=4 ctrl=0225
SIO1-DIAG t= 48643.379 cyc=1632717583 DRAIN 4 messages in one poll
SIO1-DIAG t= 48643.380 cyc=1632717624 game read STAT=0007 ctrl=0225 [DSR=0 CTS=0 RXRDY=1] pc=80153ce4 (prev value held for 333 reads) totalReads=68119
SIO1-DIAG t= 48643.382 cyc=1632717641 game read DATA=03 popped=1 fifo 4->3 stat=0007
SIO1-DIAG t= 48643.384 cyc=1632717691 LINKSTATE WR[act=00000000 buf=00000000 cnt=00000000 latch=00000000] RD[act=00000000 buf=801a9d0d cnt=0000014f] block=4 cfg=0205 DSR=0 DTR=0 stat=0007 ctrl=0225 fifo=3
SIO1-DIAG t= 48643.387 cyc=1632717719 game read DATA=00 popped=1 fifo 3->2 stat=0007
SIO1-DIAG t= 48643.388 cyc=1632717769 LINKSTATE WR[act=00000000 buf=00000000 cnt=00000000 latch=00000000] RD[act=00000000 buf=801a9d0e cnt=0000014e] block=4 cfg=0205 DSR=0 DTR=0 stat=0007 ctrl=0225 fifo=2
SIO1-DIAG t= 48643.396 cyc=1632717797 game read DATA=00 popped=1 fifo 2->1 stat=0007
SIO1-DIAG t= 48643.398 cyc=1632717847 LINKSTATE WR[act=00000000 buf=00000000 cnt=00000000 latch=00000000] RD[act=00000000 buf=801a9d0f cnt=0000014d] block=4 cfg=0205 DSR=0 DTR=0 stat=0007 ctrl=0225 fifo=1
SIO1-DIAG t= 48643.400 cyc=1632717875 game read DATA=00 popped=1 fifo 1->0 stat=0005
SIO1-DIAG t= 48643.401 cyc=1632717918 DTR 0->1 (toggle #113) pc=80153d50 ctrl=0227
SIO1-DIAG t= 48643.403 cyc=1632717918 game wrote CTRL=0227 [TXEN=1 DTR=1 RXEN=1 RTS=1 ACK=0 RESET=0 RXIRQEN=0 TXIRQEN=0] stat=0005
SIO1-DIAG t= 48643.404 cyc=1632717918 TXFC dxr=1 xts=1 ctrl=0227 initial=0
SIO1-DIAG t= 48643.406 cyc=1632717918 TXMSG #145 size=6 bytes=12 04 08
SIO1-DIAG t= 48643.412 cyc=1632717941 LINKSTATE WR[act=00000000 buf=00000000 cnt=00000000 latch=00000000] RD[act=00000000 buf=801a9d10 cnt=0000014c] block=4 cfg=0205 DSR=0 DTR=1 stat=0005 ctrl=0227 fifo=0
SIO1-DIAG t= 48643.414 cyc=1632717941 game read STAT=0005 ctrl=0227 [DSR=0 CTS=0 RXRDY=0] pc=80153c88 (prev value held for 6 reads) totalReads=68126
SIO1-DIAG t= 48647.428 cyc=1632739037 RXMSG #456 declared=5 got=5 bytes=0a 03 0a
SIO1-DIAG t= 48647.441 cyc=1632739037 RX accept #453 byte=00 fifo=1 ctrl=0227
SIO1-DIAG t= 48647.443 cyc=1632739037 RXMSG #457 declared=5 got=5 bytes=0a 03 0a
SIO1-DIAG t= 48647.444 cyc=1632739037 RX accept #454 byte=00 fifo=2 ctrl=0227
SIO1-DIAG t= 48647.446 cyc=1632739037 RXMSG #458 declared=5 got=5 bytes=0a 03 0a
SIO1-DIAG t= 48647.457 cyc=1632739037 RX accept #455 byte=00 fifo=3 ctrl=0227
SIO1-DIAG t= 48647.459 cyc=1632739037 RXMSG #459 declared=5 got=5 bytes=0a 03 0a
SIO1-DIAG t= 48647.460 cyc=1632739037 RX accept #456 byte=00 fifo=4 ctrl=0227
SIO1-DIAG t= 48647.461 cyc=1632739037 DRAIN 4 messages in one poll
SIO1-DIAG t= 48647.462 cyc=1632739042 game read STAT=0007 ctrl=0227 [DSR=0 CTS=0 RXRDY=1] pc=80153ce4 (prev value held for 370 reads) totalReads=68497
SIO1-DIAG t= 48647.465 cyc=1632739059 game read DATA=00 popped=1 fifo 4->3 stat=0007
SIO1-DIAG t= 48647.467 cyc=1632739109 LINKSTATE WR[act=00000000 buf=00000000 cnt=00000000 latch=00000000] RD[act=00000000 buf=801a9d11 cnt=0000014b] block=4 cfg=0205 DSR=0 DTR=1 stat=0007 ctrl=0227 fifo=3
SIO1-DIAG t= 48647.469 cyc=1632739137 game read DATA=00 popped=1 fifo 3->2 stat=0007
SIO1-DIAG t= 48647.471 cyc=1632739187 LINKSTATE WR[act=00000000 buf=00000000 cnt=00000000 latch=00000000] RD[act=00000000 buf=801a9d12 cnt=0000014a] block=4 cfg=0205 DSR=0 DTR=1 stat=0007 ctrl=0227 fifo=2
SIO1-DIAG t= 48647.472 cyc=1632739215 game read DATA=00 popped=1 fifo 2->1 stat=0007
SIO1-DIAG t= 48647.473 cyc=1632739265 LINKSTATE WR[act=00000000 buf=00000000 cnt=00000000 latch=00000000] RD[act=00000000 buf=801a9d13 cnt=00000149] block=4 cfg=0205 DSR=0 DTR=1 stat=0007 ctrl=0227 fifo=1
SIO1-DIAG t= 48647.475 cyc=1632739293 game read DATA=00 popped=1 fifo 1->0 stat=0005
SIO1-DIAG t= 48647.481 cyc=1632739336 DTR 1->0 (toggle #114) pc=80153d50 ctrl=0225
SIO1-DIAG t= 48647.485 cyc=1632739336 game wrote CTRL=0225 [TXEN=1 DTR=0 RXEN=1 RTS=1 ACK=0 RESET=0 RXIRQEN=0 TXIRQEN=0] stat=0005
SIO1-DIAG t= 48647.488 cyc=1632739336 TXFC dxr=0 xts=1 ctrl=0225 initial=0
SIO1-DIAG t= 48647.490 cyc=1632739336 TXMSG #146 size=4 bytes=12 02 10
SIO1-DIAG t= 48647.496 cyc=1632739359 LINKSTATE WR[act=00000000 buf=00000000 cnt=00000000 latch=00000000] RD[act=00000000 buf=801a9d14 cnt=00000148] block=4 cfg=0205 DSR=0 DTR=0 stat=0005 ctrl=0225 fifo=0
SIO1-DIAG t= 48647.499 cyc=1632739359 game read STAT=0005 ctrl=0225 [DSR=0 CTS=0 RXRDY=0] pc=80153c88 (prev value held for 6 reads) totalReads=68504
SIO1-DIAG t= 48650.754 cyc=1632758350 RXMSG #460 declared=5 got=5 bytes=0a 03 0a
SIO1-DIAG t= 48650.764 cyc=1632758350 RX accept #457 byte=00 fifo=1 ctrl=0225
SIO1-DIAG t= 48650.765 cyc=1632758350 RXMSG #461 declared=5 got=5 bytes=0a 03 0a
SIO1-DIAG t= 48650.767 cyc=1632758350 RX accept #458 byte=00 fifo=2 ctrl=0225
SIO1-DIAG t= 48650.768 cyc=1632758350 RXMSG #462 declared=5 got=5 bytes=0a 03 0a
SIO1-DIAG t= 48650.769 cyc=1632758350 RX accept #459 byte=00 fifo=3 ctrl=0225
SIO1-DIAG t= 48650.770 cyc=1632758350 RXMSG #463 declared=5 got=5 bytes=0a 03 0a
SIO1-DIAG t= 48650.771 cyc=1632758350 RX accept #460 byte=00 fifo=4 ctrl=0225
SIO1-DIAG t= 48650.772 cyc=1632758350 DRAIN 4 messages in one poll
SIO1-DIAG t= 48650.779 cyc=1632758351 game read STAT=0007 ctrl=0225 [DSR=0 CTS=0 RXRDY=1] pc=80153ce4 (prev value held for 333 reads) totalReads=68838
SIO1-DIAG t= 48650.781 cyc=1632758368 game read DATA=00 popped=1 fifo 4->3 stat=0007
SIO1-DIAG t= 48650.782 cyc=1632758418 LINKSTATE WR[act=00000000 buf=00000000 cnt=00000000 latch=00000000] RD[act=00000000 buf=801a9d15 cnt=00000147] block=4 cfg=0205 DSR=0 DTR=0 stat=0007 ctrl=0225 fifo=3
SIO1-DIAG t= 48650.785 cyc=1632758446 game read DATA=00 popped=1 fifo 3->2 stat=0007
SIO1-DIAG t= 48650.786 cyc=1632758496 LINKSTATE WR[act=00000000 buf=00000000 cnt=00000000 latch=00000000] RD[act=00000000 buf=801a9d16 cnt=00000146] block=4 cfg=0205 DSR=0 DTR=0 stat=0007 ctrl=0225 fifo=2
SIO1-DIAG t= 48650.788 cyc=1632758524 game read DATA=00 popped=1 fifo 2->1 stat=0007
SIO1-DIAG t= 48650.789 cyc=1632758574 LINKSTATE WR[act=00000000 buf=00000000 cnt=00000000 latch=00000000] RD[act=00000000 buf=801a9d17 cnt=00000145] block=4 cfg=0205 DSR=0 DTR=0 stat=0007 ctrl=0225 fifo=1
SIO1-DIAG t= 48650.790 cyc=1632758602 game read DATA=00 popped=1 fifo 1->0 stat=0005
SIO1-DIAG t= 48650.791 cyc=1632758645 DTR 0->1 (toggle #115) pc=80153d50 ctrl=0227
SIO1-DIAG t= 48650.792 cyc=1632758645 game wrote CTRL=0227 [TXEN=1 DTR=1 RXEN=1 RTS=1 ACK=0 RESET=0 RXIRQEN=0 TXIRQEN=0] stat=0005
SIO1-DIAG t= 48650.794 cyc=1632758645 TXFC dxr=1 xts=1 ctrl=0227 initial=0
SIO1-DIAG t= 48650.796 cyc=1632758645 TXMSG #147 size=6 bytes=12 04 08
SIO1-DIAG t= 48650.803 cyc=1632758668 LINKSTATE WR[act=00000000 buf=00000000 cnt=00000000 latch=00000000] RD[act=00000000 buf=801a9d18 cnt=00000144] block=4 cfg=0205 DSR=0 DTR=1 stat=0005 ctrl=0227 fifo=0
SIO1-DIAG t= 48650.805 cyc=1632758668 game read STAT=0005 ctrl=0227 [DSR=0 CTS=0 RXRDY=0] pc=80153c88 (prev value held for 6 reads) totalReads=68845
SIO1-DIAG t= 48654.221 cyc=1632777662 RXMSG #464 declared=5 got=5 bytes=0a 03 0a
SIO1-DIAG t= 48654.248 cyc=1632777662 RX accept #461 byte=01 fifo=1 ctrl=0227
SIO1-DIAG t= 48654.250 cyc=1632777687 game read STAT=0007 ctrl=0227 [DSR=0 CTS=0 RXRDY=1] pc=80153ce4 (prev value held for 84 reads) totalReads=68930
SIO1-DIAG t= 48654.254 cyc=1632777704 game read DATA=01 popped=1 fifo 1->0 stat=0005
SIO1-DIAG t= 48654.256 cyc=1632777754 LINKSTATE WR[act=00000000 buf=00000000 cnt=00000000 latch=00000000] RD[act=00000000 buf=801a9d19 cnt=00000143] block=4 cfg=0205 DSR=0 DTR=1 stat=0005 ctrl=0227 fifo=0
SIO1-DIAG t= 48654.259 cyc=1632777754 game read STAT=0005 ctrl=0227 [DSR=0 CTS=0 RXRDY=0] pc=80153c88 (prev value held for 0 reads) totalReads=68931
SIO1-DIAG t= 48654.865 cyc=1632781958 RXMSG #465 declared=5 got=5 bytes=0a 03 0a
SIO1-DIAG t= 48654.876 cyc=1632781958 RX accept #462 byte=00 fifo=1 ctrl=0227
SIO1-DIAG t= 48654.879 cyc=1632781958 RXMSG #466 declared=5 got=5 bytes=0a 03 0a
SIO1-DIAG t= 48654.880 cyc=1632781958 RX accept #463 byte=00 fifo=2 ctrl=0227
SIO1-DIAG t= 48654.881 cyc=1632781958 RXMSG #467 declared=5 got=5 bytes=0a 03 0a
SIO1-DIAG t= 48654.883 cyc=1632781958 RX accept #464 byte=00 fifo=3 ctrl=0227
SIO1-DIAG t= 48654.884 cyc=1632781958 DRAIN 3 messages in one poll
SIO1-DIAG t= 48654.907 cyc=1632781983 game read STAT=0007 ctrl=0227 [DSR=0 CTS=0 RXRDY=1] pc=80153ce4 (prev value held for 74 reads) totalReads=69006
SIO1-DIAG t= 48654.909 cyc=1632782000 game read DATA=00 popped=1 fifo 3->2 stat=0007
SIO1-DIAG t= 48654.910 cyc=1632782050 LINKSTATE WR[act=00000000 buf=00000000 cnt=00000000 latch=00000000] RD[act=00000000 buf=801a9d1a cnt=00000142] block=4 cfg=0205 DSR=0 DTR=1 stat=0007 ctrl=0227 fifo=2
SIO1-DIAG t= 48654.912 cyc=1632782078 game read DATA=00 popped=1 fifo 2->1 stat=0007
SIO1-DIAG t= 48654.914 cyc=1632782128 LINKSTATE WR[act=00000000 buf=00000000 cnt=00000000 latch=00000000] RD[act=00000000 buf=801a9d1b cnt=00000141] block=4 cfg=0205 DSR=0 DTR=1 stat=0007 ctrl=0227 fifo=1
SIO1-DIAG t= 48654.915 cyc=1632782156 game read DATA=00 popped=1 fifo 1->0 stat=0005
SIO1-DIAG t= 48654.917 cyc=1632782199 DTR 1->0 (toggle #116) pc=80153d50 ctrl=0225
SIO1-DIAG t= 48654.918 cyc=1632782199 game wrote CTRL=0225 [TXEN=1 DTR=0 RXEN=1 RTS=1 ACK=0 RESET=0 RXIRQEN=0 TXIRQEN=0] stat=0005
SIO1-DIAG t= 48654.919 cyc=1632782199 TXFC dxr=0 xts=1 ctrl=0225 initial=0
SIO1-DIAG t= 48654.921 cyc=1632782199 TXMSG #148 size=4 bytes=12 02 10
SIO1-DIAG t= 48654.927 cyc=1632782222 LINKSTATE WR[act=00000000 buf=00000000 cnt=00000000 latch=00000000] RD[act=00000000 buf=801a9d1c cnt=00000140] block=4 cfg=0205 DSR=0 DTR=0 stat=0005 ctrl=0225 fifo=0
SIO1-DIAG t= 48654.932 cyc=1632782222 game read STAT=0005 ctrl=0225 [DSR=0 CTS=0 RXRDY=0] pc=80153c88 (prev value held for 4 reads) totalReads=69011
SIO1-DIAG t= 48659.000 cyc=1632805562 RXMSG #468 declared=5 got=5 bytes=0a 03 0a
SIO1-DIAG t= 48659.013 cyc=1632805562 RX accept #465 byte=00 fifo=1 ctrl=0225
SIO1-DIAG t= 48659.016 cyc=1632805562 RXMSG #469 declared=5 got=5 bytes=0a 03 0a
SIO1-DIAG t= 48659.018 cyc=1632805562 RX accept #466 byte=00 fifo=2 ctrl=0225
SIO1-DIAG t= 48659.020 cyc=1632805562 DRAIN 2 messages in one poll
SIO1-DIAG t= 48659.022 cyc=1632805603 game read STAT=0007 ctrl=0225 [DSR=0 CTS=0 RXRDY=1] pc=80153ce4 (prev value held for 410 reads) totalReads=69422
SIO1-DIAG t= 48659.025 cyc=1632805620 game read DATA=00 popped=1 fifo 2->1 stat=0007
SIO1-DIAG t= 48659.027 cyc=1632805670 LINKSTATE WR[act=00000000 buf=00000000 cnt=00000000 latch=00000000] RD[act=00000000 buf=801a9d1d cnt=0000013f] block=4 cfg=0205 DSR=0 DTR=0 stat=0007 ctrl=0225 fifo=1
SIO1-DIAG t= 48659.031 cyc=1632805698 game read DATA=00 popped=1 fifo 1->0 stat=0005
SIO1-DIAG t= 48659.032 cyc=1632805748 LINKSTATE WR[act=00000000 buf=00000000 cnt=00000000 latch=00000000] RD[act=00000000 buf=801a9d1e cnt=0000013e] block=4 cfg=0205 DSR=0 DTR=0 stat=0005 ctrl=0225 fifo=0
SIO1-DIAG t= 48659.035 cyc=1632805748 game read STAT=0005 ctrl=0225 [DSR=0 CTS=0 RXRDY=0] pc=80153c88 (prev value held for 2 reads) totalReads=69425
SIO1-DIAG t= 48659.043 cyc=1632807713 RXMSG #470 declared=5 got=5 bytes=0a 03 0a
SIO1-DIAG t= 48659.044 cyc=1632807713 RX accept #467 byte=00 fifo=1 ctrl=0225
SIO1-DIAG t= 48659.049 cyc=1632807754 game read STAT=0007 ctrl=0225 [DSR=0 CTS=0 RXRDY=1] pc=80153ce4 (prev value held for 35 reads) totalReads=69461
SIO1-DIAG t= 48659.060 cyc=1632807771 game read DATA=00 popped=1 fifo 1->0 stat=0005
SIO1-DIAG t= 48659.061 cyc=1632807821 LINKSTATE WR[act=00000000 buf=00000000 cnt=00000000 latch=00000000] RD[act=00000000 buf=801a9d1f cnt=0000013d] block=4 cfg=0205 DSR=0 DTR=0 stat=0005 ctrl=0225 fifo=0
SIO1-DIAG t= 48659.063 cyc=1632807821 game read STAT=0005 ctrl=0225 [DSR=0 CTS=0 RXRDY=0] pc=80153c88 (prev value held for 0 reads) totalReads=69462
SIO1-DIAG t= 48659.069 cyc=1632809853 RXMSG #471 declared=5 got=5 bytes=0a 03 0a
SIO1-DIAG t= 48659.076 cyc=1632809853 RX accept #468 byte=00 fifo=1 ctrl=0225
SIO1-DIAG t= 48659.078 cyc=1632809884 game read STAT=0007 ctrl=0225 [DSR=0 CTS=0 RXRDY=1] pc=80153ce4 (prev value held for 36 reads) totalReads=69499
SIO1-DIAG t= 48659.079 cyc=1632809901 game read DATA=00 popped=1 fifo 1->0 stat=0005
SIO1-DIAG t= 48659.080 cyc=1632809944 DTR 0->1 (toggle #117) pc=80153d50 ctrl=0227
SIO1-DIAG t= 48659.081 cyc=1632809944 game wrote CTRL=0227 [TXEN=1 DTR=1 RXEN=1 RTS=1 ACK=0 RESET=0 RXIRQEN=0 TXIRQEN=0] stat=0005
SIO1-DIAG t= 48659.083 cyc=1632809944 TXFC dxr=1 xts=1 ctrl=0227 initial=0
SIO1-DIAG t= 48659.085 cyc=1632809944 TXMSG #149 size=6 bytes=12 04 08
SIO1-DIAG t= 48659.090 cyc=1632809967 LINKSTATE WR[act=00000000 buf=00000000 cnt=00000000 latch=00000000] RD[act=00000000 buf=801a9d20 cnt=0000013c] block=4 cfg=0205 DSR=0 DTR=1 stat=0005 ctrl=0227 fifo=0
SIO1-DIAG t= 48659.095 cyc=1632809967 game read STAT=0005 ctrl=0227 [DSR=0 CTS=0 RXRDY=0] pc=80153c88 (prev value held for 0 reads) totalReads=69500
SIO1-DIAG t= 48660.319 cyc=1632817445 STAT poll sample pc=80153ce4 stat=0005 reads=69632
SIO1-DIAG t= 48662.681 cyc=1632829170 RXMSG #472 declared=5 got=5 bytes=0a 03 0a
SIO1-DIAG t= 48662.686 cyc=1632829170 RX accept #469 byte=00 fifo=1 ctrl=0227
SIO1-DIAG t= 48662.688 cyc=1632829170 RXMSG #473 declared=5 got=5 bytes=0a 03 0a
SIO1-DIAG t= 48662.689 cyc=1632829170 RX accept #470 byte=00 fifo=2 ctrl=0227
SIO1-DIAG t= 48662.690 cyc=1632829170 RXMSG #474 declared=5 got=5 bytes=0a 03 0a
SIO1-DIAG t= 48662.691 cyc=1632829170 RX accept #471 byte=00 fifo=3 ctrl=0227
SIO1-DIAG t= 48662.692 cyc=1632829170 RXMSG #475 declared=5 got=5 bytes=0a 03 0a
SIO1-DIAG t= 48662.693 cyc=1632829170 RX accept #472 byte=00 fifo=4 ctrl=0227
SIO1-DIAG t= 48662.694 cyc=1632829170 DRAIN 4 messages in one poll
SIO1-DIAG t= 48662.697 cyc=1632829187 game read STAT=0007 ctrl=0227 [DSR=0 CTS=0 RXRDY=1] pc=80153ce4 (prev value held for 337 reads) totalReads=69838
SIO1-DIAG t= 48662.700 cyc=1632829204 game read DATA=00 popped=1 fifo 4->3 stat=0007
SIO1-DIAG t= 48662.702 cyc=1632829254 LINKSTATE WR[act=00000000 buf=00000000 cnt=00000000 latch=00000000] RD[act=00000000 buf=801a9d21 cnt=0000013b] block=4 cfg=0205 DSR=0 DTR=1 stat=0007 ctrl=0227 fifo=3
SIO1-DIAG t= 48662.705 cyc=1632829282 game read DATA=00 popped=1 fifo 3->2 stat=0007
SIO1-DIAG t= 48662.706 cyc=1632829332 LINKSTATE WR[act=00000000 buf=00000000 cnt=00000000 latch=00000000] RD[act=00000000 buf=801a9d22 cnt=0000013a] block=4 cfg=0205 DSR=0 DTR=1 stat=0007 ctrl=0227 fifo=2
SIO1-DIAG t= 48662.716 cyc=1632829360 game read DATA=00 popped=1 fifo 2->1 stat=0007
SIO1-DIAG t= 48662.717 cyc=1632829410 LINKSTATE WR[act=00000000 buf=00000000 cnt=00000000 latch=00000000] RD[act=00000000 buf=801a9d23 cnt=00000139] block=4 cfg=0205 DSR=0 DTR=1 stat=0007 ctrl=0227 fifo=1
SIO1-DIAG t= 48662.719 cyc=1632829438 game read DATA=00 popped=1 fifo 1->0 stat=0005
SIO1-DIAG t= 48662.720 cyc=1632829481 DTR 1->0 (toggle #118) pc=80153d50 ctrl=0225
SIO1-DIAG t= 48662.722 cyc=1632829481 game wrote CTRL=0225 [TXEN=1 DTR=0 RXEN=1 RTS=1 ACK=0 RESET=0 RXIRQEN=0 TXIRQEN=0] stat=0005
SIO1-DIAG t= 48662.724 cyc=1632829481 TXFC dxr=0 xts=1 ctrl=0225 initial=0
SIO1-DIAG t= 48662.726 cyc=1632829481 TXMSG #150 size=4 bytes=12 02 10
SIO1-DIAG t= 48662.733 cyc=1632829504 LINKSTATE WR[act=00000000 buf=00000000 cnt=00000000 latch=00000000] RD[act=00000000 buf=801a9d24 cnt=00000138] block=4 cfg=0205 DSR=0 DTR=0 stat=0005 ctrl=0225 fifo=0
SIO1-DIAG t= 48662.735 cyc=1632829504 game read STAT=0005 ctrl=0225 [DSR=0 CTS=0 RXRDY=0] pc=80153c88 (prev value held for 6 reads) totalReads=69845
SIO1-DIAG t= 48667.247 cyc=1632854920 RXMSG #476 declared=5 got=5 bytes=0a 03 0a
SIO1-DIAG t= 48667.259 cyc=1632854920 RX accept #473 byte=08 fifo=1 ctrl=0225
SIO1-DIAG t= 48667.261 cyc=1632854920 RXMSG #477 declared=5 got=5 bytes=0a 03 0a
SIO1-DIAG t= 48667.263 cyc=1632854920 RX accept #474 byte=00 fifo=2 ctrl=0225
SIO1-DIAG t= 48667.273 cyc=1632854920 RXMSG #478 declared=5 got=5 bytes=0a 03 0a
SIO1-DIAG t= 48667.274 cyc=1632854920 RX accept #475 byte=00 fifo=3 ctrl=0225
SIO1-DIAG t= 48667.281 cyc=1632854920 DRAIN 3 messages in one poll
SIO1-DIAG t= 48667.283 cyc=1632854937 game read STAT=0007 ctrl=0225 [DSR=0 CTS=0 RXRDY=1] pc=80153ce4 (prev value held for 446 reads) totalReads=70292
SIO1-DIAG t= 48667.286 cyc=1632854954 game read DATA=08 popped=1 fifo 3->2 stat=0007
SIO1-DIAG t= 48667.288 cyc=1632855004 LINKSTATE WR[act=00000000 buf=00000000 cnt=00000000 latch=00000000] RD[act=00000000 buf=801a9d25 cnt=00000137] block=4 cfg=0205 DSR=0 DTR=0 stat=0007 ctrl=0225 fifo=2
SIO1-DIAG t= 48667.291 cyc=1632855032 game read DATA=00 popped=1 fifo 2->1 stat=0007
SIO1-DIAG t= 48667.292 cyc=1632855082 LINKSTATE WR[act=00000000 buf=00000000 cnt=00000000 latch=00000000] RD[act=00000000 buf=801a9d26 cnt=00000136] block=4 cfg=0205 DSR=0 DTR=0 stat=0007 ctrl=0225 fifo=1
SIO1-DIAG t= 48667.294 cyc=1632855110 game read DATA=00 popped=1 fifo 1->0 stat=0005
SIO1-DIAG t= 48667.296 cyc=1632855160 LINKSTATE WR[act=00000000 buf=00000000 cnt=00000000 latch=00000000] RD[act=00000000 buf=801a9d27 cnt=00000135] block=4 cfg=0205 DSR=0 DTR=0 stat=0005 ctrl=0225 fifo=0
SIO1-DIAG t= 48667.298 cyc=1632855160 game read STAT=0005 ctrl=0225 [DSR=0 CTS=0 RXRDY=0] pc=80153c88 (prev value held for 4 reads) totalReads=70297
SIO1-DIAG t= 48667.309 cyc=1632857068 RXMSG #479 declared=5 got=5 bytes=0a 03 0a
SIO1-DIAG t= 48667.310 cyc=1632857068 RX accept #476 byte=00 fifo=1 ctrl=0225
SIO1-DIAG t= 48667.316 cyc=1632857109 game read STAT=0007 ctrl=0225 [DSR=0 CTS=0 RXRDY=1] pc=80153ce4 (prev value held for 34 reads) totalReads=70332
SIO1-DIAG t= 48667.318 cyc=1632857126 game read DATA=00 popped=1 fifo 1->0 stat=0005
SIO1-DIAG t= 48667.319 cyc=1632857169 DTR 0->1 (toggle #119) pc=80153d50 ctrl=0227
SIO1-DIAG t= 48667.321 cyc=1632857169 game wrote CTRL=0227 [TXEN=1 DTR=1 RXEN=1 RTS=1 ACK=0 RESET=0 RXIRQEN=0 TXIRQEN=0] stat=0005
SIO1-DIAG t= 48667.323 cyc=1632857169 TXFC dxr=1 xts=1 ctrl=0227 initial=0
SIO1-DIAG t= 48667.326 cyc=1632857169 TXMSG #151 size=6 bytes=12 04 08
SIO1-DIAG t= 48667.332 cyc=1632857192 LINKSTATE WR[act=00000000 buf=00000000 cnt=00000000 latch=00000000] RD[act=00000000 buf=801a9d28 cnt=00000134] block=4 cfg=0205 DSR=0 DTR=1 stat=0005 ctrl=0227 fifo=0
SIO1-DIAG t= 48667.335 cyc=1632857192 game read STAT=0005 ctrl=0227 [DSR=0 CTS=0 RXRDY=0] pc=80153c88 (prev value held for 0 reads) totalReads=70333
SIO1-DIAG t= 48671.549 cyc=1632880670 RXMSG #480 declared=5 got=5 bytes=0a 03 0a
SIO1-DIAG t= 48671.560 cyc=1632880670 RX accept #477 byte=6e fifo=1 ctrl=0227
SIO1-DIAG t= 48671.562 cyc=1632880670 RXMSG #481 declared=5 got=5 bytes=0a 03 0a
SIO1-DIAG t= 48671.563 cyc=1632880670 RX accept #478 byte=01 fifo=2 ctrl=0227
SIO1-DIAG t= 48671.564 cyc=1632880670 RXMSG #482 declared=5 got=5 bytes=0a 03 0a
SIO1-DIAG t= 48671.565 cyc=1632880670 RX accept #479 byte=00 fifo=3 ctrl=0227
SIO1-DIAG t= 48671.574 cyc=1632880670 RXMSG #483 declared=5 got=5 bytes=0a 03 0a
SIO1-DIAG t= 48671.575 cyc=1632880670 RX accept #480 byte=00 fifo=4 ctrl=0227
SIO1-DIAG t= 48671.577 cyc=1632880670 DRAIN 4 messages in one poll
SIO1-DIAG t= 48671.578 cyc=1632880687 game read STAT=0007 ctrl=0227 [DSR=0 CTS=0 RXRDY=1] pc=80153ce4 (prev value held for 412 reads) totalReads=70746
SIO1-DIAG t= 48671.581 cyc=1632880704 game read DATA=6e popped=1 fifo 4->3 stat=0007
SIO1-DIAG t= 48671.583 cyc=1632880754 LINKSTATE WR[act=00000000 buf=00000000 cnt=00000000 latch=00000000] RD[act=00000000 buf=801a9d29 cnt=00000133] block=4 cfg=0205 DSR=0 DTR=1 stat=0007 ctrl=0227 fifo=3
SIO1-DIAG t= 48671.585 cyc=1632880782 game read DATA=01 popped=1 fifo 3->2 stat=0007
SIO1-DIAG t= 48671.586 cyc=1632880832 LINKSTATE WR[act=00000000 buf=00000000 cnt=00000000 latch=00000000] RD[act=00000000 buf=801a9d2a cnt=00000132] block=4 cfg=0205 DSR=0 DTR=1 stat=0007 ctrl=0227 fifo=2
SIO1-DIAG t= 48671.588 cyc=1632880860 game read DATA=00 popped=1 fifo 2->1 stat=0007
SIO1-DIAG t= 48671.589 cyc=1632880910 LINKSTATE WR[act=00000000 buf=00000000 cnt=00000000 latch=00000000] RD[act=00000000 buf=801a9d2b cnt=00000131] block=4 cfg=0205 DSR=0 DTR=1 stat=0007 ctrl=0227 fifo=1
SIO1-DIAG t= 48671.595 cyc=1632880938 game read DATA=00 popped=1 fifo 1->0 stat=0005
SIO1-DIAG t= 48671.597 cyc=1632880981 DTR 1->0 (toggle #120) pc=80153d50 ctrl=0225
SIO1-DIAG t= 48671.598 cyc=1632880981 game wrote CTRL=0225 [TXEN=1 DTR=0 RXEN=1 RTS=1 ACK=0 RESET=0 RXIRQEN=0 TXIRQEN=0] stat=0005
SIO1-DIAG t= 48671.601 cyc=1632880981 TXFC dxr=0 xts=1 ctrl=0225 initial=0
SIO1-DIAG t= 48671.603 cyc=1632880981 TXMSG #152 size=4 bytes=12 02 10
SIO1-DIAG t= 48671.607 cyc=1632881004 LINKSTATE WR[act=00000000 buf=00000000 cnt=00000000 latch=00000000] RD[act=00000000 buf=801a9d2c cnt=00000130] block=4 cfg=0205 DSR=0 DTR=0 stat=0005 ctrl=0225 fifo=0
SIO1-DIAG t= 48671.609 cyc=1632881004 game read STAT=0005 ctrl=0225 [DSR=0 CTS=0 RXRDY=0] pc=80153c88 (prev value held for 6 reads) totalReads=70753
SIO1-DIAG t= 48674.417 cyc=1632895696 RXMSG #484 declared=5 got=5 bytes=0a 03 0a
SIO1-DIAG t= 48674.424 cyc=1632895696 RX accept #481 byte=76 fifo=1 ctrl=0225
SIO1-DIAG t= 48674.426 cyc=1632895721 game read STAT=0007 ctrl=0225 [DSR=0 CTS=0 RXRDY=1] pc=80153ce4 (prev value held for 258 reads) totalReads=71012
SIO1-DIAG t= 48674.429 cyc=1632895738 game read DATA=76 popped=1 fifo 1->0 stat=0005
SIO1-DIAG t= 48674.430 cyc=1632895788 LINKSTATE WR[act=00000000 buf=00000000 cnt=00000000 latch=00000000] RD[act=00000000 buf=801a9d2d cnt=0000012f] block=4 cfg=0205 DSR=0 DTR=0 stat=0005 ctrl=0225 fifo=0
SIO1-DIAG t= 48674.432 cyc=1632895788 game read STAT=0005 ctrl=0225 [DSR=0 CTS=0 RXRDY=0] pc=80153c88 (prev value held for 0 reads) totalReads=71013
SIO1-DIAG t= 48675.345 cyc=1632902142 RXMSG #485 declared=5 got=5 bytes=0a 03 0a
SIO1-DIAG t= 48675.349 cyc=1632902142 RX accept #482 byte=00 fifo=1 ctrl=0225
SIO1-DIAG t= 48675.351 cyc=1632902142 RXMSG #486 declared=5 got=5 bytes=0a 03 0a
SIO1-DIAG t= 48675.359 cyc=1632902142 RX accept #483 byte=00 fifo=2 ctrl=0225
SIO1-DIAG t= 48675.360 cyc=1632902142 RXMSG #487 declared=5 got=5 bytes=0a 03 0a
SIO1-DIAG t= 48675.361 cyc=1632902142 RX accept #484 byte=00 fifo=3 ctrl=0225
SIO1-DIAG t= 48675.363 cyc=1632902142 DRAIN 3 messages in one poll
SIO1-DIAG t= 48675.364 cyc=1632902183 game read STAT=0007 ctrl=0225 [DSR=0 CTS=0 RXRDY=1] pc=80153ce4 (prev value held for 112 reads) totalReads=71126
SIO1-DIAG t= 48675.367 cyc=1632902200 game read DATA=00 popped=1 fifo 3->2 stat=0007
SIO1-DIAG t= 48675.368 cyc=1632902250 LINKSTATE WR[act=00000000 buf=00000000 cnt=00000000 latch=00000000] RD[act=00000000 buf=801a9d2e cnt=0000012e] block=4 cfg=0205 DSR=0 DTR=0 stat=0007 ctrl=0225 fifo=2
SIO1-DIAG t= 48675.371 cyc=1632902278 game read DATA=00 popped=1 fifo 2->1 stat=0007
SIO1-DIAG t= 48675.373 cyc=1632902328 LINKSTATE WR[act=00000000 buf=00000000 cnt=00000000 latch=00000000] RD[act=00000000 buf=801a9d2f cnt=0000012d] block=4 cfg=0205 DSR=0 DTR=0 stat=0007 ctrl=0225 fifo=1
SIO1-DIAG t= 48675.375 cyc=1632902356 game read DATA=00 popped=1 fifo 1->0 stat=0005
SIO1-DIAG t= 48675.377 cyc=1632902399 DTR 0->1 (toggle #121) pc=80153d50 ctrl=0227
SIO1-DIAG t= 48675.379 cyc=1632902399 game wrote CTRL=0227 [TXEN=1 DTR=1 RXEN=1 RTS=1 ACK=0 RESET=0 RXIRQEN=0 TXIRQEN=0] stat=0005
SIO1-DIAG t= 48675.381 cyc=1632902399 TXFC dxr=1 xts=1 ctrl=0227 initial=0
SIO1-DIAG t= 48675.383 cyc=1632902399 TXMSG #153 size=6 bytes=12 04 08
SIO1-DIAG t= 48675.402 cyc=1632902422 LINKSTATE WR[act=00000000 buf=00000000 cnt=00000000 latch=00000000] RD[act=00000000 buf=801a9d30 cnt=0000012c] block=4 cfg=0205 DSR=0 DTR=1 stat=0005 ctrl=0227 fifo=0
SIO1-DIAG t= 48675.404 cyc=1632902422 game read STAT=0005 ctrl=0227 [DSR=0 CTS=0 RXRDY=0] pc=80153c88 (prev value held for 4 reads) totalReads=71131
SIO1-DIAG t= 48678.291 cyc=1632917155 RXMSG #488 declared=5 got=5 bytes=0a 03 0a
SIO1-DIAG t= 48678.300 cyc=1632917155 RX accept #485 byte=28 fifo=1 ctrl=0227
SIO1-DIAG t= 48678.305 cyc=1632917155 RXMSG #489 declared=5 got=5 bytes=0a 03 0a
SIO1-DIAG t= 48678.306 cyc=1632917155 RX accept #486 byte=00 fifo=2 ctrl=0227
SIO1-DIAG t= 48678.307 cyc=1632917155 DRAIN 2 messages in one poll
SIO1-DIAG t= 48678.308 cyc=1632917196 game read STAT=0007 ctrl=0227 [DSR=0 CTS=0 RXRDY=1] pc=80153ce4 (prev value held for 259 reads) totalReads=71391
SIO1-DIAG t= 48678.318 cyc=1632917213 game read DATA=28 popped=1 fifo 2->1 stat=0007
SIO1-DIAG t= 48678.320 cyc=1632917263 LINKSTATE WR[act=00000000 buf=00000000 cnt=00000000 latch=00000000] RD[act=00000000 buf=801a9d31 cnt=0000012b] block=4 cfg=0205 DSR=0 DTR=1 stat=0007 ctrl=0227 fifo=1
SIO1-DIAG t= 48678.323 cyc=1632917291 game read DATA=00 popped=1 fifo 1->0 stat=0005
SIO1-DIAG t= 48678.325 cyc=1632917341 LINKSTATE WR[act=00000000 buf=00000000 cnt=00000000 latch=00000000] RD[act=00000000 buf=801a9d32 cnt=0000012a] block=4 cfg=0205 DSR=0 DTR=1 stat=0005 ctrl=0227 fifo=0
SIO1-DIAG t= 48678.327 cyc=1632917341 game read STAT=0005 ctrl=0227 [DSR=0 CTS=0 RXRDY=0] pc=80153c88 (prev value held for 2 reads) totalReads=71394
SIO1-DIAG t= 48679.238 cyc=1632923591 RXMSG #490 declared=5 got=5 bytes=0a 03 0a
SIO1-DIAG t= 48679.241 cyc=1632923591 RX accept #487 byte=00 fifo=1 ctrl=0227
SIO1-DIAG t= 48679.242 cyc=1632923591 RXMSG #491 declared=5 got=5 bytes=0a 03 0a
SIO1-DIAG t= 48679.243 cyc=1632923591 RX accept #488 byte=00 fifo=2 ctrl=0227
SIO1-DIAG t= 48679.244 cyc=1632923591 DRAIN 2 messages in one poll
SIO1-DIAG t= 48679.246 cyc=1632923622 game read STAT=0007 ctrl=0227 [DSR=0 CTS=0 RXRDY=1] pc=80153ce4 (prev value held for 110 reads) totalReads=71505
SIO1-DIAG t= 48679.248 cyc=1632923639 game read DATA=00 popped=1 fifo 2->1 stat=0007
SIO1-DIAG t= 48679.249 cyc=1632923689 LINKSTATE WR[act=00000000 buf=00000000 cnt=00000000 latch=00000000] RD[act=00000000 buf=801a9d33 cnt=00000129] block=4 cfg=0205 DSR=0 DTR=1 stat=0007 ctrl=0227 fifo=1
SIO1-DIAG t= 48679.252 cyc=1632923717 game read DATA=00 popped=1 fifo 1->0 stat=0005
SIO1-DIAG t= 48679.254 cyc=1632923760 DTR 1->0 (toggle #122) pc=80153d50 ctrl=0225
SIO1-DIAG t= 48679.255 cyc=1632923760 game wrote CTRL=0225 [TXEN=1 DTR=0 RXEN=1 RTS=1 ACK=0 RESET=0 RXIRQEN=0 TXIRQEN=0] stat=0005
SIO1-DIAG t= 48679.257 cyc=1632923760 TXFC dxr=0 xts=1 ctrl=0225 initial=0
SIO1-DIAG t= 48679.258 cyc=1632923760 TXMSG #154 size=4 bytes=12 02 10
SIO1-DIAG t= 48679.267 cyc=1632923783 LINKSTATE WR[act=00000000 buf=00000000 cnt=00000000 latch=00000000] RD[act=00000000 buf=801a9d34 cnt=00000128] block=4 cfg=0205 DSR=0 DTR=0 stat=0005 ctrl=0225 fifo=0
SIO1-DIAG t= 48679.268 cyc=1632923783 game read STAT=0005 ctrl=0225 [DSR=0 CTS=0 RXRDY=0] pc=80153c88 (prev value held for 2 reads) totalReads=71508
SIO1-DIAG t= 48683.330 cyc=1632947196 RXMSG #492 declared=5 got=5 bytes=0a 03 0a
SIO1-DIAG t= 48683.339 cyc=1632947196 RX accept #489 byte=0d fifo=1 ctrl=0225
SIO1-DIAG t= 48683.341 cyc=1632947196 RXMSG #493 declared=5 got=5 bytes=0a 03 0a
SIO1-DIAG t= 48683.342 cyc=1632947196 RX accept #490 byte=00 fifo=2 ctrl=0225
SIO1-DIAG t= 48683.343 cyc=1632947196 DRAIN 2 messages in one poll
SIO1-DIAG t= 48683.344 cyc=1632947221 game read STAT=0007 ctrl=0225 [DSR=0 CTS=0 RXRDY=1] pc=80153ce4 (prev value held for 411 reads) totalReads=71920
SIO1-DIAG t= 48683.346 cyc=1632947238 game read DATA=0d popped=1 fifo 2->1 stat=0007
SIO1-DIAG t= 48683.348 cyc=1632947288 LINKSTATE WR[act=00000000 buf=00000000 cnt=00000000 latch=00000000] RD[act=00000000 buf=801a9d35 cnt=00000127] block=4 cfg=0205 DSR=0 DTR=0 stat=0007 ctrl=0225 fifo=1
SIO1-DIAG t= 48683.350 cyc=1632947316 game read DATA=00 popped=1 fifo 1->0 stat=0005
SIO1-DIAG t= 48683.351 cyc=1632947366 LINKSTATE WR[act=00000000 buf=00000000 cnt=00000000 latch=00000000] RD[act=00000000 buf=801a9d36 cnt=00000126] block=4 cfg=0205 DSR=0 DTR=0 stat=0005 ctrl=0225 fifo=0
SIO1-DIAG t= 48683.353 cyc=1632947366 game read STAT=0005 ctrl=0225 [DSR=0 CTS=0 RXRDY=0] pc=80153c88 (prev value held for 2 reads) totalReads=71923
SIO1-DIAG t= 48683.359 cyc=1632949347 RXMSG #494 declared=5 got=5 bytes=0a 03 0a
SIO1-DIAG t= 48683.368 cyc=1632949347 RX accept #491 byte=00 fifo=1 ctrl=0225
SIO1-DIAG t= 48683.371 cyc=1632949347 RXMSG #495 declared=5 got=5 bytes=0a 03 0a
SIO1-DIAG t= 48683.374 cyc=1632949347 RX accept #492 byte=00 fifo=2 ctrl=0225
SIO1-DIAG t= 48683.375 cyc=1632949347 DRAIN 2 messages in one poll
SIO1-DIAG t= 48683.382 cyc=1632949372 game read STAT=0007 ctrl=0225 [DSR=0 CTS=0 RXRDY=1] pc=80153ce4 (prev value held for 35 reads) totalReads=71959
SIO1-DIAG t= 48683.384 cyc=1632949389 game read DATA=00 popped=1 fifo 2->1 stat=0007
SIO1-DIAG t= 48683.386 cyc=1632949439 LINKSTATE WR[act=00000000 buf=00000000 cnt=00000000 latch=00000000] RD[act=00000000 buf=801a9d37 cnt=00000125] block=4 cfg=0205 DSR=0 DTR=0 stat=0007 ctrl=0225 fifo=1
SIO1-DIAG t= 48683.389 cyc=1632949467 game read DATA=00 popped=1 fifo 1->0 stat=0005
SIO1-DIAG t= 48683.391 cyc=1632949510 DTR 0->1 (toggle #123) pc=80153d50 ctrl=0227
SIO1-DIAG t= 48683.393 cyc=1632949510 game wrote CTRL=0227 [TXEN=1 DTR=1 RXEN=1 RTS=1 ACK=0 RESET=0 RXIRQEN=0 TXIRQEN=0] stat=0005
SIO1-DIAG t= 48683.395 cyc=1632949510 TXFC dxr=1 xts=1 ctrl=0227 initial=0
SIO1-DIAG t= 48683.397 cyc=1632949510 TXMSG #155 size=6 bytes=12 04 08
SIO1-DIAG t= 48683.408 cyc=1632949533 LINKSTATE WR[act=00000000 buf=00000000 cnt=00000000 latch=00000000] RD[act=00000000 buf=801a9d38 cnt=00000124] block=4 cfg=0205 DSR=0 DTR=1 stat=0005 ctrl=0227 fifo=0
SIO1-DIAG t= 48683.411 cyc=1632949533 game read STAT=0005 ctrl=0227 [DSR=0 CTS=0 RXRDY=0] pc=80153c88 (prev value held for 2 reads) totalReads=71962
SIO1-DIAG t= 48687.211 cyc=1632970804 RXMSG #496 declared=5 got=5 bytes=0a 03 0a
SIO1-DIAG t= 48687.225 cyc=1632970804 RX accept #493 byte=01 fifo=1 ctrl=0227
SIO1-DIAG t= 48687.235 cyc=1632970804 RXMSG #497 declared=5 got=5 bytes=0a 03 0a
SIO1-DIAG t= 48687.237 cyc=1632970804 RX accept #494 byte=00 fifo=2 ctrl=0227
SIO1-DIAG t= 48687.239 cyc=1632970804 RXMSG #498 declared=5 got=5 bytes=0a 03 0a
SIO1-DIAG t= 48687.240 cyc=1632970804 RX accept #495 byte=00 fifo=3 ctrl=0227
SIO1-DIAG t= 48687.241 cyc=1632970804 RXMSG #499 declared=5 got=5 bytes=0a 03 0a
SIO1-DIAG t= 48687.242 cyc=1632970804 RX accept #496 byte=00 fifo=4 ctrl=0227
SIO1-DIAG t= 48687.243 cyc=1632970804 DRAIN 4 messages in one poll
SIO1-DIAG t= 48687.244 cyc=1632970805 game read STAT=0007 ctrl=0227 [DSR=0 CTS=0 RXRDY=1] pc=80153ce4 (prev value held for 373 reads) totalReads=72336
SIO1-DIAG t= 48687.247 cyc=1632970822 game read DATA=01 popped=1 fifo 4->3 stat=0007
SIO1-DIAG t= 48687.248 cyc=1632970872 LINKSTATE WR[act=00000000 buf=00000000 cnt=00000000 latch=00000000] RD[act=00000000 buf=801a9d39 cnt=00000123] block=4 cfg=0205 DSR=0 DTR=1 stat=0007 ctrl=0227 fifo=3
SIO1-DIAG t= 48687.251 cyc=1632970900 game read DATA=00 popped=1 fifo 3->2 stat=0007
SIO1-DIAG t= 48687.252 cyc=1632970950 LINKSTATE WR[act=00000000 buf=00000000 cnt=00000000 latch=00000000] RD[act=00000000 buf=801a9d3a cnt=00000122] block=4 cfg=0205 DSR=0 DTR=1 stat=0007 ctrl=0227 fifo=2
SIO1-DIAG t= 48687.261 cyc=1632970978 game read DATA=00 popped=1 fifo 2->1 stat=0007
SIO1-DIAG t= 48687.262 cyc=1632971028 LINKSTATE WR[act=00000000 buf=00000000 cnt=00000000 latch=00000000] RD[act=00000000 buf=801a9d3b cnt=00000121] block=4 cfg=0205 DSR=0 DTR=1 stat=0007 ctrl=0227 fifo=1
SIO1-DIAG t= 48687.263 cyc=1632971056 game read DATA=00 popped=1 fifo 1->0 stat=0005
SIO1-DIAG t= 48687.265 cyc=1632971099 DTR 1->0 (toggle #124) pc=80153d50 ctrl=0225
SIO1-DIAG t= 48687.266 cyc=1632971099 game wrote CTRL=0225 [TXEN=1 DTR=0 RXEN=1 RTS=1 ACK=0 RESET=0 RXIRQEN=0 TXIRQEN=0] stat=0005
SIO1-DIAG t= 48687.267 cyc=1632971099 TXFC dxr=0 xts=1 ctrl=0225 initial=0
SIO1-DIAG t= 48687.269 cyc=1632971099 TXMSG #156 size=4 bytes=12 02 10
SIO1-DIAG t= 48687.276 cyc=1632971122 LINKSTATE WR[act=00000000 buf=00000000 cnt=00000000 latch=00000000] RD[act=00000000 buf=801a9d3c cnt=00000120] block=4 cfg=0205 DSR=0 DTR=0 stat=0005 ctrl=0225 fifo=0
SIO1-DIAG t= 48687.279 cyc=1632971122 game read STAT=0005 ctrl=0225 [DSR=0 CTS=0 RXRDY=0] pc=80153c88 (prev value held for 6 reads) totalReads=72343
SIO1-DIAG t= 48690.829 cyc=1632990130 RXMSG #500 declared=5 got=5 bytes=0a 03 0a
SIO1-DIAG t= 48690.834 cyc=1632990130 RX accept #497 byte=21 fifo=1 ctrl=0225
SIO1-DIAG t= 48690.837 cyc=1632990171 game read STAT=0007 ctrl=0225 [DSR=0 CTS=0 RXRDY=1] pc=80153ce4 (prev value held for 334 reads) totalReads=72678
SIO1-DIAG t= 48690.839 cyc=1632990188 game read DATA=21 popped=1 fifo 1->0 stat=0005
SIO1-DIAG t= 48690.851 cyc=1632990238 LINKSTATE WR[act=00000000 buf=00000000 cnt=00000000 latch=00000000] RD[act=00000000 buf=801a9d3d cnt=0000011f] block=4 cfg=0205 DSR=0 DTR=0 stat=0005 ctrl=0225 fifo=0
SIO1-DIAG t= 48690.853 cyc=1632990238 game read STAT=0005 ctrl=0225 [DSR=0 CTS=0 RXRDY=0] pc=80153c88 (prev value held for 0 reads) totalReads=72679
SIO1-DIAG t= 48690.862 cyc=1632992270 RXMSG #501 declared=5 got=5 bytes=0a 03 0a
SIO1-DIAG t= 48690.864 cyc=1632992270 RX accept #498 byte=00 fifo=1 ctrl=0225
SIO1-DIAG t= 48690.868 cyc=1632992301 game read STAT=0007 ctrl=0225 [DSR=0 CTS=0 RXRDY=1] pc=80153ce4 (prev value held for 36 reads) totalReads=72716
SIO1-DIAG t= 48690.870 cyc=1632992318 game read DATA=00 popped=1 fifo 1->0 stat=0005
SIO1-DIAG t= 48690.872 cyc=1632992368 LINKSTATE WR[act=00000000 buf=00000000 cnt=00000000 latch=00000000] RD[act=00000000 buf=801a9d3e cnt=0000011e] block=4 cfg=0205 DSR=0 DTR=0 stat=0005 ctrl=0225 fifo=0
SIO1-DIAG t= 48690.874 cyc=1632992368 game read STAT=0005 ctrl=0225 [DSR=0 CTS=0 RXRDY=0] pc=80153c88 (prev value held for 0 reads) totalReads=72717
SIO1-DIAG t= 48690.882 cyc=1632994414 RXMSG #502 declared=5 got=5 bytes=0a 03 0a
SIO1-DIAG t= 48690.883 cyc=1632994414 RX accept #499 byte=00 fifo=1 ctrl=0225
SIO1-DIAG t= 48690.885 cyc=1632994431 game read STAT=0007 ctrl=0225 [DSR=0 CTS=0 RXRDY=1] pc=80153ce4 (prev value held for 36 reads) totalReads=72754
SIO1-DIAG t= 48690.886 cyc=1632994448 game read DATA=00 popped=1 fifo 1->0 stat=0005
SIO1-DIAG t= 48690.888 cyc=1632994498 LINKSTATE WR[act=00000000 buf=00000000 cnt=00000000 latch=00000000] RD[act=00000000 buf=801a9d3f cnt=0000011d] block=4 cfg=0205 DSR=0 DTR=0 stat=0005 ctrl=0225 fifo=0
SIO1-DIAG t= 48690.893 cyc=1632994498 game read STAT=0005 ctrl=0225 [DSR=0 CTS=0 RXRDY=0] pc=80153c88 (prev value held for 0 reads) totalReads=72755
SIO1-DIAG t= 48690.902 cyc=1632996556 RXMSG #503 declared=5 got=5 bytes=0a 03 0a
SIO1-DIAG t= 48690.903 cyc=1632996556 RX accept #500 byte=00 fifo=1 ctrl=0225
SIO1-DIAG t= 48690.905 cyc=1632996561 game read STAT=0007 ctrl=0225 [DSR=0 CTS=0 RXRDY=1] pc=80153ce4 (prev value held for 36 reads) totalReads=72792
SIO1-DIAG t= 48690.907 cyc=1632996578 game read DATA=00 popped=1 fifo 1->0 stat=0005
SIO1-DIAG t= 48690.908 cyc=1632996621 DTR 0->1 (toggle #125) pc=80153d50 ctrl=0227
SIO1-DIAG t= 48690.909 cyc=1632996621 game wrote CTRL=0227 [TXEN=1 DTR=1 RXEN=1 RTS=1 ACK=0 RESET=0 RXIRQEN=0 TXIRQEN=0] stat=0005
SIO1-DIAG t= 48690.911 cyc=1632996621 TXFC dxr=1 xts=1 ctrl=0227 initial=0
SIO1-DIAG t= 48690.913 cyc=1632996621 TXMSG #157 size=6 bytes=12 04 08
SIO1-DIAG t= 48690.917 cyc=1632996644 LINKSTATE WR[act=00000000 buf=00000000 cnt=00000000 latch=00000000] RD[act=00000000 buf=801a9d40 cnt=0000011c] block=4 cfg=0205 DSR=0 DTR=1 stat=0005 ctrl=0227 fifo=0
SIO1-DIAG t= 48690.920 cyc=1632996644 game read STAT=0005 ctrl=0227 [DSR=0 CTS=0 RXRDY=0] pc=80153c88 (prev value held for 0 reads) totalReads=72793
SIO1-DIAG t= 48694.890 cyc=1633020165 RXMSG #504 declared=5 got=5 bytes=0a 03 0a
SIO1-DIAG t= 48694.901 cyc=1633020165 RX accept #501 byte=02 fifo=1 ctrl=0227
SIO1-DIAG t= 48694.903 cyc=1633020196 game read STAT=0007 ctrl=0227 [DSR=0 CTS=0 RXRDY=1] pc=80153ce4 (prev value held for 413 reads) totalReads=73207
SIO1-DIAG t= 48694.906 cyc=1633020213 game read DATA=02 popped=1 fifo 1->0 stat=0005
SIO1-DIAG t= 48694.908 cyc=1633020263 LINKSTATE WR[act=00000000 buf=00000000 cnt=00000000 latch=00000000] RD[act=00000000 buf=801a9d41 cnt=0000011b] block=4 cfg=0205 DSR=0 DTR=1 stat=0005 ctrl=0227 fifo=0
SIO1-DIAG t= 48694.910 cyc=1633020263 game read STAT=0005 ctrl=0227 [DSR=0 CTS=0 RXRDY=0] pc=80153c88 (prev value held for 0 reads) totalReads=73208
SIO1-DIAG t= 48695.444 cyc=1633024461 RXMSG #505 declared=5 got=5 bytes=0a 03 0a
SIO1-DIAG t= 48695.447 cyc=1633024461 RX accept #502 byte=00 fifo=1 ctrl=0227
SIO1-DIAG t= 48695.449 cyc=1633024461 RXMSG #506 declared=5 got=5 bytes=0a 03 0a
SIO1-DIAG t= 48695.451 cyc=1633024461 RX accept #503 byte=00 fifo=2 ctrl=0227
SIO1-DIAG t= 48695.452 cyc=1633024461 RXMSG #507 declared=5 got=5 bytes=0a 03 0a
SIO1-DIAG t= 48695.460 cyc=1633024461 RX accept #504 byte=00 fifo=3 ctrl=0227
SIO1-DIAG t= 48695.461 cyc=1633024461 DRAIN 3 messages in one poll
SIO1-DIAG t= 48695.463 cyc=1633024492 game read STAT=0007 ctrl=0227 [DSR=0 CTS=0 RXRDY=1] pc=80153ce4 (prev value held for 74 reads) totalReads=73283
SIO1-DIAG t= 48695.465 cyc=1633024509 game read DATA=00 popped=1 fifo 3->2 stat=0007
SIO1-DIAG t= 48695.466 cyc=1633024559 LINKSTATE WR[act=00000000 buf=00000000 cnt=00000000 latch=00000000] RD[act=00000000 buf=801a9d42 cnt=0000011a] block=4 cfg=0205 DSR=0 DTR=1 stat=0007 ctrl=0227 fifo=2
SIO1-DIAG t= 48695.477 cyc=1633024587 game read DATA=00 popped=1 fifo 2->1 stat=0007
SIO1-DIAG t= 48695.478 cyc=1633024637 LINKSTATE WR[act=00000000 buf=00000000 cnt=00000000 latch=00000000] RD[act=00000000 buf=801a9d43 cnt=00000119] block=4 cfg=0205 DSR=0 DTR=1 stat=0007 ctrl=0227 fifo=1
SIO1-DIAG t= 48695.480 cyc=1633024665 game read DATA=00 popped=1 fifo 1->0 stat=0005
SIO1-DIAG t= 48695.481 cyc=1633024708 DTR 1->0 (toggle #126) pc=80153d50 ctrl=0225
SIO1-DIAG t= 48695.482 cyc=1633024708 game wrote CTRL=0225 [TXEN=1 DTR=0 RXEN=1 RTS=1 ACK=0 RESET=0 RXIRQEN=0 TXIRQEN=0] stat=0005
SIO1-DIAG t= 48695.484 cyc=1633024708 TXFC dxr=0 xts=1 ctrl=0225 initial=0
SIO1-DIAG t= 48695.486 cyc=1633024708 TXMSG #158 size=4 bytes=12 02 10
SIO1-DIAG t= 48695.491 cyc=1633024731 LINKSTATE WR[act=00000000 buf=00000000 cnt=00000000 latch=00000000] RD[act=00000000 buf=801a9d44 cnt=00000118] block=4 cfg=0205 DSR=0 DTR=0 stat=0005 ctrl=0225 fifo=0
SIO1-DIAG t= 48695.493 cyc=1633024731 game read STAT=0005 ctrl=0225 [DSR=0 CTS=0 RXRDY=0] pc=80153c88 (prev value held for 4 reads) totalReads=73288
SIO1-DIAG t= 48698.306 cyc=1633039474 RXMSG #508 declared=5 got=5 bytes=0a 03 0a
SIO1-DIAG t= 48698.316 cyc=1633039474 RX accept #505 byte=01 fifo=1 ctrl=0225
SIO1-DIAG t= 48698.318 cyc=1633039505 game read STAT=0007 ctrl=0225 [DSR=0 CTS=0 RXRDY=1] pc=80153ce4 (prev value held for 259 reads) totalReads=73548
SIO1-DIAG t= 48698.321 cyc=1633039522 game read DATA=01 popped=1 fifo 1->0 stat=0005
SIO1-DIAG t= 48698.330 cyc=1633039572 LINKSTATE WR[act=00000000 buf=00000000 cnt=00000000 latch=00000000] RD[act=00000000 buf=801a9d45 cnt=00000117] block=4 cfg=0205 DSR=0 DTR=0 stat=0005 ctrl=0225 fifo=0
SIO1-DIAG t= 48698.332 cyc=1633039572 game read STAT=0005 ctrl=0225 [DSR=0 CTS=0 RXRDY=0] pc=80153c88 (prev value held for 0 reads) totalReads=73549
SIO1-DIAG t= 48699.597 cyc=1633048059 RXMSG #509 declared=5 got=5 bytes=0a 03 0a
SIO1-DIAG t= 48699.599 cyc=1633048059 RX accept #506 byte=00 fifo=1 ctrl=0225
SIO1-DIAG t= 48699.600 cyc=1633048059 RXMSG #510 declared=5 got=5 bytes=0a 03 0a
SIO1-DIAG t= 48699.601 cyc=1633048059 RX accept #507 byte=00 fifo=2 ctrl=0225
SIO1-DIAG t= 48699.603 cyc=1633048059 RXMSG #511 declared=5 got=5 bytes=0a 03 0a
SIO1-DIAG t= 48699.604 cyc=1633048059 RX accept #508 byte=00 fifo=3 ctrl=0225
SIO1-DIAG t= 48699.606 cyc=1633048059 DRAIN 3 messages in one poll
SIO1-DIAG t= 48699.607 cyc=1633048076 game read STAT=0007 ctrl=0225 [DSR=0 CTS=0 RXRDY=1] pc=80153ce4 (prev value held for 149 reads) totalReads=73699
SIO1-DIAG t= 48699.609 cyc=1633048093 game read DATA=00 popped=1 fifo 3->2 stat=0007
SIO1-DIAG t= 48699.611 cyc=1633048143 LINKSTATE WR[act=00000000 buf=00000000 cnt=00000000 latch=00000000] RD[act=00000000 buf=801a9d46 cnt=00000116] block=4 cfg=0205 DSR=0 DTR=0 stat=0007 ctrl=0225 fifo=2
SIO1-DIAG t= 48699.612 cyc=1633048171 game read DATA=00 popped=1 fifo 2->1 stat=0007
SIO1-DIAG t= 48699.616 cyc=1633048221 LINKSTATE WR[act=00000000 buf=00000000 cnt=00000000 latch=00000000] RD[act=00000000 buf=801a9d47 cnt=00000115] block=4 cfg=0205 DSR=0 DTR=0 stat=0007 ctrl=0225 fifo=1
SIO1-DIAG t= 48699.618 cyc=1633048249 game read DATA=00 popped=1 fifo 1->0 stat=0005
SIO1-DIAG t= 48699.619 cyc=1633048292 DTR 0->1 (toggle #127) pc=80153d50 ctrl=0227
SIO1-DIAG t= 48699.620 cyc=1633048292 game wrote CTRL=0227 [TXEN=1 DTR=1 RXEN=1 RTS=1 ACK=0 RESET=0 RXIRQEN=0 TXIRQEN=0] stat=0005
SIO1-DIAG t= 48699.622 cyc=1633048292 TXFC dxr=1 xts=1 ctrl=0227 initial=0
SIO1-DIAG t= 48699.627 cyc=1633048292 TXMSG #159 size=6 bytes=12 04 08
SIO1-DIAG t= 48699.632 cyc=1633048315 LINKSTATE WR[act=00000000 buf=00000000 cnt=00000000 latch=00000000] RD[act=00000000 buf=801a9d48 cnt=00000114] block=4 cfg=0205 DSR=0 DTR=1 stat=0005 ctrl=0227 fifo=0
SIO1-DIAG t= 48699.633 cyc=1633048315 game read STAT=0005 ctrl=0227 [DSR=0 CTS=0 RXRDY=0] pc=80153c88 (prev value held for 4 reads) totalReads=73704
SIO1-DIAG t= 48699.638 cyc=1633049637 STAT poll sample pc=80153ce4 stat=0005 reads=73728
SIO1-DIAG t= 48702.872 cyc=1633065230 RXMSG #512 declared=5 got=5 bytes=0a 03 0a
SIO1-DIAG t= 48702.888 cyc=1633065230 RX accept #509 byte=00 fifo=1 ctrl=0227
SIO1-DIAG t= 48702.891 cyc=1633065255 game read STAT=0007 ctrl=0227 [DSR=0 CTS=0 RXRDY=1] pc=80153ce4 (prev value held for 297 reads) totalReads=74002
SIO1-DIAG t= 48702.894 cyc=1633065272 game read DATA=00 popped=1 fifo 1->0 stat=0005
SIO1-DIAG t= 48702.896 cyc=1633065322 LINKSTATE WR[act=00000000 buf=00000000 cnt=00000000 latch=00000000] RD[act=00000000 buf=801a9d49 cnt=00000113] block=4 cfg=0205 DSR=0 DTR=1 stat=0005 ctrl=0227 fifo=0
SIO1-DIAG t= 48702.908 cyc=1633065322 game read STAT=0005 ctrl=0227 [DSR=0 CTS=0 RXRDY=0] pc=80153c88 (prev value held for 0 reads) totalReads=74003
SIO1-DIAG t= 48703.732 cyc=1633071676 RXMSG #513 declared=5 got=5 bytes=0a 03 0a
SIO1-DIAG t= 48703.736 cyc=1633071676 RX accept #510 byte=00 fifo=1 ctrl=0227
SIO1-DIAG t= 48703.737 cyc=1633071676 RXMSG #514 declared=5 got=5 bytes=0a 03 0a
SIO1-DIAG t= 48703.738 cyc=1633071676 RX accept #511 byte=00 fifo=2 ctrl=0227
SIO1-DIAG t= 48703.739 cyc=1633071676 RXMSG #515 declared=5 got=5 bytes=0a 03 0a
SIO1-DIAG t= 48703.740 cyc=1633071676 RX accept #512 byte=00 fifo=3 ctrl=0227
SIO1-DIAG t= 48703.741 cyc=1633071676 DRAIN 3 messages in one poll
SIO1-DIAG t= 48703.742 cyc=1633071717 game read STAT=0007 ctrl=0227 [DSR=0 CTS=0 RXRDY=1] pc=80153ce4 (prev value held for 112 reads) totalReads=74116
SIO1-DIAG t= 48703.744 cyc=1633071734 game read DATA=00 popped=1 fifo 3->2 stat=0007
SIO1-DIAG t= 48703.745 cyc=1633071784 LINKSTATE WR[act=00000000 buf=00000000 cnt=00000000 latch=00000000] RD[act=00000000 buf=801a9d4a cnt=00000112] block=4 cfg=0205 DSR=0 DTR=1 stat=0007 ctrl=0227 fifo=2
SIO1-DIAG t= 48703.747 cyc=1633071812 game read DATA=00 popped=1 fifo 2->1 stat=0007
SIO1-DIAG t= 48703.749 cyc=1633071862 LINKSTATE WR[act=00000000 buf=00000000 cnt=00000000 latch=00000000] RD[act=00000000 buf=801a9d4b cnt=00000111] block=4 cfg=0205 DSR=0 DTR=1 stat=0007 ctrl=0227 fifo=1
SIO1-DIAG t= 48703.758 cyc=1633071890 game read DATA=00 popped=1 fifo 1->0 stat=0005
SIO1-DIAG t= 48703.760 cyc=1633071933 DTR 1->0 (toggle #128) pc=80153d50 ctrl=0225
SIO1-DIAG t= 48703.761 cyc=1633071933 game wrote CTRL=0225 [TXEN=1 DTR=0 RXEN=1 RTS=1 ACK=0 RESET=0 RXIRQEN=0 TXIRQEN=0] stat=0005
SIO1-DIAG t= 48703.763 cyc=1633071933 TXFC dxr=0 xts=1 ctrl=0225 initial=0
SIO1-DIAG t= 48703.766 cyc=1633071933 TXMSG #160 size=4 bytes=12 02 10
SIO1-DIAG t= 48703.774 cyc=1633071956 LINKSTATE WR[act=00000000 buf=00000000 cnt=00000000 latch=00000000] RD[act=00000000 buf=801a9d4c cnt=00000110] block=4 cfg=0205 DSR=0 DTR=0 stat=0005 ctrl=0225 fifo=0
SIO1-DIAG t= 48703.777 cyc=1633071956 game read STAT=0005 ctrl=0225 [DSR=0 CTS=0 RXRDY=0] pc=80153c88 (prev value held for 4 reads) totalReads=74121
SIO1-DIAG t= 48706.886 cyc=1633088834 RXMSG #516 declared=5 got=5 bytes=0a 03 0a
SIO1-DIAG t= 48706.890 cyc=1633088834 RX accept #513 byte=01 fifo=1 ctrl=0225
SIO1-DIAG t= 48706.892 cyc=1633088834 RXMSG #517 declared=5 got=5 bytes=0a 03 0a
SIO1-DIAG t= 48706.893 cyc=1633088834 RX accept #514 byte=00 fifo=2 ctrl=0225
SIO1-DIAG t= 48706.894 cyc=1633088834 RXMSG #518 declared=5 got=5 bytes=0a 03 0a
SIO1-DIAG t= 48706.895 cyc=1633088834 RX accept #515 byte=00 fifo=3 ctrl=0225
SIO1-DIAG t= 48706.896 cyc=1633088834 RXMSG #519 declared=5 got=5 bytes=0a 03 0a
SIO1-DIAG t= 48706.902 cyc=1633088834 RX accept #516 byte=00 fifo=4 ctrl=0225
SIO1-DIAG t= 48706.903 cyc=1633088834 DRAIN 4 messages in one poll
SIO1-DIAG t= 48706.905 cyc=1633088839 game read STAT=0007 ctrl=0225 [DSR=0 CTS=0 RXRDY=1] pc=80153ce4 (prev value held for 296 reads) totalReads=74418
SIO1-DIAG t= 48706.912 cyc=1633088856 game read DATA=01 popped=1 fifo 4->3 stat=0007
SIO1-DIAG t= 48706.914 cyc=1633088906 LINKSTATE WR[act=00000000 buf=00000000 cnt=00000000 latch=00000000] RD[act=00000000 buf=801a9d4d cnt=0000010f] block=4 cfg=0205 DSR=0 DTR=0 stat=0007 ctrl=0225 fifo=3
SIO1-DIAG t= 48706.916 cyc=1633088934 game read DATA=00 popped=1 fifo 3->2 stat=0007
SIO1-DIAG t= 48706.917 cyc=1633088984 LINKSTATE WR[act=00000000 buf=00000000 cnt=00000000 latch=00000000] RD[act=00000000 buf=801a9d4e cnt=0000010e] block=4 cfg=0205 DSR=0 DTR=0 stat=0007 ctrl=0225 fifo=2
SIO1-DIAG t= 48706.919 cyc=1633089012 game read DATA=00 popped=1 fifo 2->1 stat=0007
SIO1-DIAG t= 48706.920 cyc=1633089062 LINKSTATE WR[act=00000000 buf=00000000 cnt=00000000 latch=00000000] RD[act=00000000 buf=801a9d4f cnt=0000010d] block=4 cfg=0205 DSR=0 DTR=0 stat=0007 ctrl=0225 fifo=1
SIO1-DIAG t= 48706.922 cyc=1633089090 game read DATA=00 popped=1 fifo 1->0 stat=0005
SIO1-DIAG t= 48706.923 cyc=1633089133 DTR 0->1 (toggle #129) pc=80153d50 ctrl=0227
SIO1-DIAG t= 48706.924 cyc=1633089133 game wrote CTRL=0227 [TXEN=1 DTR=1 RXEN=1 RTS=1 ACK=0 RESET=0 RXIRQEN=0 TXIRQEN=0] stat=0005
SIO1-DIAG t= 48706.925 cyc=1633089133 TXFC dxr=1 xts=1 ctrl=0227 initial=0
SIO1-DIAG t= 48706.929 cyc=1633089133 TXMSG #161 size=6 bytes=12 04 08
SIO1-DIAG t= 48706.933 cyc=1633089156 LINKSTATE WR[act=00000000 buf=00000000 cnt=00000000 latch=00000000] RD[act=00000000 buf=801a9d50 cnt=0000010c] block=4 cfg=0205 DSR=0 DTR=1 stat=0005 ctrl=0227 fifo=0
SIO1-DIAG t= 48706.935 cyc=1633089156 game read STAT=0005 ctrl=0227 [DSR=0 CTS=0 RXRDY=0] pc=80153c88 (prev value held for 6 reads) totalReads=74425
SIO1-DIAG t= 48710.350 cyc=1633108147 RXMSG #520 declared=5 got=5 bytes=0a 03 0a
SIO1-DIAG t= 48710.371 cyc=1633108147 RX accept #517 byte=ec fifo=1 ctrl=0227
SIO1-DIAG t= 48710.373 cyc=1633108147 RXMSG #521 declared=5 got=5 bytes=0a 03 0a
SIO1-DIAG t= 48710.375 cyc=1633108147 RX accept #518 byte=45 fifo=2 ctrl=0227
SIO1-DIAG t= 48710.377 cyc=1633108147 RXMSG #522 declared=5 got=5 bytes=0a 03 0a
SIO1-DIAG t= 48710.378 cyc=1633108147 RX accept #519 byte=02 fifo=3 ctrl=0227
SIO1-DIAG t= 48710.380 cyc=1633108147 RXMSG #523 declared=5 got=5 bytes=0a 03 0a
SIO1-DIAG t= 48710.382 cyc=1633108147 RX accept #520 byte=80 fifo=4 ctrl=0227
SIO1-DIAG t= 48710.383 cyc=1633108147 DRAIN 4 messages in one poll
SIO1-DIAG t= 48710.384 cyc=1633108148 game read STAT=0007 ctrl=0227 [DSR=0 CTS=0 RXRDY=1] pc=80153ce4 (prev value held for 333 reads) totalReads=74759
SIO1-DIAG t= 48710.388 cyc=1633108165 game read DATA=ec popped=1 fifo 4->3 stat=0007
SIO1-DIAG t= 48710.400 cyc=1633108215 LINKSTATE WR[act=00000000 buf=00000000 cnt=00000000 latch=00000000] RD[act=00000000 buf=801a9d51 cnt=0000010b] block=4 cfg=0205 DSR=0 DTR=1 stat=0007 ctrl=0227 fifo=3
SIO1-DIAG t= 48710.404 cyc=1633108243 game read DATA=45 popped=1 fifo 3->2 stat=0007
SIO1-DIAG t= 48710.405 cyc=1633108293 LINKSTATE WR[act=00000000 buf=00000000 cnt=00000000 latch=00000000] RD[act=00000000 buf=801a9d52 cnt=0000010a] block=4 cfg=0205 DSR=0 DTR=1 stat=0007 ctrl=0227 fifo=2
SIO1-DIAG t= 48710.408 cyc=1633108321 game read DATA=02 popped=1 fifo 2->1 stat=0007
SIO1-DIAG t= 48710.409 cyc=1633108371 LINKSTATE WR[act=00000000 buf=00000000 cnt=00000000 latch=00000000] RD[act=00000000 buf=801a9d53 cnt=00000109] block=4 cfg=0205 DSR=0 DTR=1 stat=0007 ctrl=0227 fifo=1
SIO1-DIAG t= 48710.412 cyc=1633108399 game read DATA=80 popped=1 fifo 1->0 stat=0005
SIO1-DIAG t= 48710.414 cyc=1633108442 DTR 1->0 (toggle #130) pc=80153d50 ctrl=0225
SIO1-DIAG t= 48710.415 cyc=1633108442 game wrote CTRL=0225 [TXEN=1 DTR=0 RXEN=1 RTS=1 ACK=0 RESET=0 RXIRQEN=0 TXIRQEN=0] stat=0005
SIO1-DIAG t= 48710.417 cyc=1633108442 TXFC dxr=0 xts=1 ctrl=0225 initial=0
SIO1-DIAG t= 48710.419 cyc=1633108442 TXMSG #162 size=4 bytes=12 02 10
SIO1-DIAG t= 48710.425 cyc=1633108465 LINKSTATE WR[act=00000000 buf=00000000 cnt=00000000 latch=00000000] RD[act=00000000 buf=801a9d54 cnt=00000108] block=4 cfg=0205 DSR=0 DTR=0 stat=0005 ctrl=0225 fifo=0
SIO1-DIAG t= 48710.434 cyc=1633108465 game read STAT=0005 ctrl=0225 [DSR=0 CTS=0 RXRDY=0] pc=80153c88 (prev value held for 6 reads) totalReads=74766
SIO1-DIAG t= 48715.298 cyc=1633133914 RXMSG #524 declared=5 got=5 bytes=0a 03 0a
SIO1-DIAG t= 48715.311 cyc=1633133914 RX accept #521 byte=00 fifo=1 ctrl=0225
SIO1-DIAG t= 48715.314 cyc=1633133914 RXMSG #525 declared=5 got=5 bytes=0a 03 0a
SIO1-DIAG t= 48715.316 cyc=1633133914 RX accept #522 byte=00 fifo=2 ctrl=0225
SIO1-DIAG t= 48715.318 cyc=1633133914 RXMSG #526 declared=5 got=5 bytes=0a 03 0a
SIO1-DIAG t= 48715.319 cyc=1633133914 RX accept #523 byte=00 fifo=3 ctrl=0225
SIO1-DIAG t= 48715.320 cyc=1633133914 RXMSG #527 declared=5 got=5 bytes=0a 03 0a
SIO1-DIAG t= 48715.322 cyc=1633133914 RX accept #524 byte=00 fifo=4 ctrl=0225
SIO1-DIAG t= 48715.323 cyc=1633133914 DRAIN 4 messages in one poll
SIO1-DIAG t= 48715.325 cyc=1633133955 game read STAT=0007 ctrl=0225 [DSR=0 CTS=0 RXRDY=1] pc=80153ce4 (prev value held for 447 reads) totalReads=75214
SIO1-DIAG t= 48715.328 cyc=1633133972 game read DATA=00 popped=1 fifo 4->3 stat=0007
SIO1-DIAG t= 48715.331 cyc=1633134022 LINKSTATE WR[act=00000000 buf=00000000 cnt=00000000 latch=00000000] RD[act=00000000 buf=801a9d55 cnt=00000107] block=4 cfg=0205 DSR=0 DTR=0 stat=0007 ctrl=0225 fifo=3
SIO1-DIAG t= 48715.334 cyc=1633134050 game read DATA=00 popped=1 fifo 3->2 stat=0007
SIO1-DIAG t= 48715.336 cyc=1633134100 LINKSTATE WR[act=00000000 buf=00000000 cnt=00000000 latch=00000000] RD[act=00000000 buf=801a9d56 cnt=00000106] block=4 cfg=0205 DSR=0 DTR=0 stat=0007 ctrl=0225 fifo=2
SIO1-DIAG t= 48715.338 cyc=1633134128 game read DATA=00 popped=1 fifo 2->1 stat=0007
SIO1-DIAG t= 48715.349 cyc=1633134178 LINKSTATE WR[act=00000000 buf=00000000 cnt=00000000 latch=00000000] RD[act=00000000 buf=801a9d57 cnt=00000105] block=4 cfg=0205 DSR=0 DTR=0 stat=0007 ctrl=0225 fifo=1
SIO1-DIAG t= 48715.352 cyc=1633134206 game read DATA=00 popped=1 fifo 1->0 stat=0005
SIO1-DIAG t= 48715.354 cyc=1633134249 DTR 0->1 (toggle #131) pc=80153d50 ctrl=0227
SIO1-DIAG t= 48715.356 cyc=1633134249 game wrote CTRL=0227 [TXEN=1 DTR=1 RXEN=1 RTS=1 ACK=0 RESET=0 RXIRQEN=0 TXIRQEN=0] stat=0005
SIO1-DIAG t= 48715.358 cyc=1633134249 TXFC dxr=1 xts=1 ctrl=0227 initial=0
SIO1-DIAG t= 48715.360 cyc=1633134249 TXMSG #163 size=6 bytes=12 04 08
SIO1-DIAG t= 48715.366 cyc=1633134272 LINKSTATE WR[act=00000000 buf=00000000 cnt=00000000 latch=00000000] RD[act=00000000 buf=801a9d58 cnt=00000104] block=4 cfg=0205 DSR=0 DTR=1 stat=0005 ctrl=0227 fifo=0
SIO1-DIAG t= 48715.368 cyc=1633134272 game read STAT=0005 ctrl=0227 [DSR=0 CTS=0 RXRDY=0] pc=80153c88 (prev value held for 6 reads) totalReads=75221
SIO1-DIAG t= 48718.738 cyc=1633153223 RXMSG #528 declared=5 got=5 bytes=0a 03 0a
SIO1-DIAG t= 48718.743 cyc=1633153223 RX accept #525 byte=09 fifo=1 ctrl=0227
SIO1-DIAG t= 48718.745 cyc=1633153223 RXMSG #529 declared=5 got=5 bytes=0a 03 0a
SIO1-DIAG t= 48718.746 cyc=1633153223 RX accept #526 byte=00 fifo=2 ctrl=0227
SIO1-DIAG t= 48718.747 cyc=1633153223 DRAIN 2 messages in one poll
SIO1-DIAG t= 48718.753 cyc=1633153264 game read STAT=0007 ctrl=0227 [DSR=0 CTS=0 RXRDY=1] pc=80153ce4 (prev value held for 333 reads) totalReads=75555
SIO1-DIAG t= 48718.755 cyc=1633153281 game read DATA=09 popped=1 fifo 2->1 stat=0007
SIO1-DIAG t= 48718.756 cyc=1633153331 LINKSTATE WR[act=00000000 buf=00000000 cnt=00000000 latch=00000000] RD[act=00000000 buf=801a9d59 cnt=00000103] block=4 cfg=0205 DSR=0 DTR=1 stat=0007 ctrl=0227 fifo=1
SIO1-DIAG t= 48718.759 cyc=1633153359 game read DATA=00 popped=1 fifo 1->0 stat=0005
SIO1-DIAG t= 48718.760 cyc=1633153409 LINKSTATE WR[act=00000000 buf=00000000 cnt=00000000 latch=00000000] RD[act=00000000 buf=801a9d5a cnt=00000102] block=4 cfg=0205 DSR=0 DTR=1 stat=0005 ctrl=0227 fifo=0
SIO1-DIAG t= 48718.761 cyc=1633153409 game read STAT=0005 ctrl=0227 [DSR=0 CTS=0 RXRDY=0] pc=80153c88 (prev value held for 2 reads) totalReads=75558
SIO1-DIAG t= 48719.304 cyc=1633157507 RXMSG #530 declared=5 got=5 bytes=0a 03 0a
SIO1-DIAG t= 48719.310 cyc=1633157507 RX accept #527 byte=00 fifo=1 ctrl=0227
SIO1-DIAG t= 48719.312 cyc=1633157507 RXMSG #531 declared=5 got=5 bytes=0a 03 0a
SIO1-DIAG t= 48719.314 cyc=1633157507 RX accept #528 byte=00 fifo=2 ctrl=0227
SIO1-DIAG t= 48719.316 cyc=1633157507 DRAIN 2 messages in one poll
SIO1-DIAG t= 48719.317 cyc=1633157524 game read STAT=0007 ctrl=0227 [DSR=0 CTS=0 RXRDY=1] pc=80153ce4 (prev value held for 72 reads) totalReads=75631
SIO1-DIAG t= 48719.319 cyc=1633157541 game read DATA=00 popped=1 fifo 2->1 stat=0007
SIO1-DIAG t= 48719.321 cyc=1633157591 LINKSTATE WR[act=00000000 buf=00000000 cnt=00000000 latch=00000000] RD[act=00000000 buf=801a9d5b cnt=00000101] block=4 cfg=0205 DSR=0 DTR=1 stat=0007 ctrl=0227 fifo=1
SIO1-DIAG t= 48719.327 cyc=1633157619 game read DATA=00 popped=1 fifo 1->0 stat=0005
SIO1-DIAG t= 48719.328 cyc=1633157662 DTR 1->0 (toggle #132) pc=80153d50 ctrl=0225
SIO1-DIAG t= 48719.330 cyc=1633157662 game wrote CTRL=0225 [TXEN=1 DTR=0 RXEN=1 RTS=1 ACK=0 RESET=0 RXIRQEN=0 TXIRQEN=0] stat=0005
SIO1-DIAG t= 48719.331 cyc=1633157662 TXFC dxr=0 xts=1 ctrl=0225 initial=0
SIO1-DIAG t= 48719.334 cyc=1633157662 TXMSG #164 size=4 bytes=12 02 10
SIO1-DIAG t= 48719.340 cyc=1633157685 LINKSTATE WR[act=00000000 buf=00000000 cnt=00000000 latch=00000000] RD[act=00000000 buf=801a9d5c cnt=00000100] block=4 cfg=0205 DSR=0 DTR=0 stat=0005 ctrl=0225 fifo=0
SIO1-DIAG t= 48719.342 cyc=1633157685 game read STAT=0005 ctrl=0225 [DSR=0 CTS=0 RXRDY=0] pc=80153c88 (prev value held for 2 reads) totalReads=75634
SIO1-DIAG t= 48724.052 cyc=1633183258 RXMSG #532 declared=5 got=5 bytes=0a 03 0a
SIO1-DIAG t= 48724.066 cyc=1633183258 RX accept #529 byte=6e fifo=1 ctrl=0225
SIO1-DIAG t= 48724.069 cyc=1633183258 RXMSG #533 declared=5 got=5 bytes=0a 03 0a
SIO1-DIAG t= 48724.070 cyc=1633183258 RX accept #530 byte=01 fifo=2 ctrl=0225
SIO1-DIAG t= 48724.072 cyc=1633183258 RXMSG #534 declared=5 got=5 bytes=0a 03 0a
SIO1-DIAG t= 48724.073 cyc=1633183258 RX accept #531 byte=00 fifo=3 ctrl=0225
SIO1-DIAG t= 48724.086 cyc=1633183258 RXMSG #535 declared=5 got=5 bytes=0a 03 0a
SIO1-DIAG t= 48724.088 cyc=1633183258 RX accept #532 byte=00 fifo=4 ctrl=0225
SIO1-DIAG t= 48724.089 cyc=1633183258 DRAIN 4 messages in one poll
SIO1-DIAG t= 48724.091 cyc=1633183289 game read STAT=0007 ctrl=0225 [DSR=0 CTS=0 RXRDY=1] pc=80153ce4 (prev value held for 449 reads) totalReads=76084
SIO1-DIAG t= 48724.094 cyc=1633183306 game read DATA=6e popped=1 fifo 4->3 stat=0007
SIO1-DIAG t= 48724.095 cyc=1633183356 LINKSTATE WR[act=00000000 buf=00000000 cnt=00000000 latch=00000000] RD[act=00000000 buf=801a9d5d cnt=000000ff] block=4 cfg=0205 DSR=0 DTR=0 stat=0007 ctrl=0225 fifo=3
SIO1-DIAG t= 48724.098 cyc=1633183384 game read DATA=01 popped=1 fifo 3->2 stat=0007
SIO1-DIAG t= 48724.099 cyc=1633183434 LINKSTATE WR[act=00000000 buf=00000000 cnt=00000000 latch=00000000] RD[act=00000000 buf=801a9d5e cnt=000000fe] block=4 cfg=0205 DSR=0 DTR=0 stat=0007 ctrl=0225 fifo=2
SIO1-DIAG t= 48724.101 cyc=1633183462 game read DATA=00 popped=1 fifo 2->1 stat=0007
SIO1-DIAG t= 48724.102 cyc=1633183512 LINKSTATE WR[act=00000000 buf=00000000 cnt=00000000 latch=00000000] RD[act=00000000 buf=801a9d5f cnt=000000fd] block=4 cfg=0205 DSR=0 DTR=0 stat=0007 ctrl=0225 fifo=1
SIO1-DIAG t= 48724.103 cyc=1633183540 game read DATA=00 popped=1 fifo 1->0 stat=0005
SIO1-DIAG t= 48724.105 cyc=1633183583 DTR 0->1 (toggle #133) pc=80153d50 ctrl=0227
SIO1-DIAG t= 48724.106 cyc=1633183583 game wrote CTRL=0227 [TXEN=1 DTR=1 RXEN=1 RTS=1 ACK=0 RESET=0 RXIRQEN=0 TXIRQEN=0] stat=0005
SIO1-DIAG t= 48724.112 cyc=1633183583 TXFC dxr=1 xts=1 ctrl=0227 initial=0
SIO1-DIAG t= 48724.114 cyc=1633183583 TXMSG #165 size=6 bytes=12 04 08
SIO1-DIAG t= 48724.120 cyc=1633183606 LINKSTATE WR[act=00000000 buf=00000000 cnt=00000000 latch=00000000] RD[act=00000000 buf=801a9d60 cnt=000000fc] block=4 cfg=0205 DSR=0 DTR=1 stat=0005 ctrl=0227 fifo=0
SIO1-DIAG t= 48724.122 cyc=1633183606 game read STAT=0005 ctrl=0227 [DSR=0 CTS=0 RXRDY=0] pc=80153c88 (prev value held for 6 reads) totalReads=76091
SIO1-DIAG t= 48727.616 cyc=1633202573 RXMSG #536 declared=5 got=5 bytes=0a 03 0a
SIO1-DIAG t= 48727.629 cyc=1633202573 RX accept #533 byte=86 fifo=1 ctrl=0227
SIO1-DIAG t= 48727.631 cyc=1633202573 RXMSG #537 declared=5 got=5 bytes=0a 03 0a
SIO1-DIAG t= 48727.632 cyc=1633202573 RX accept #534 byte=00 fifo=2 ctrl=0227
SIO1-DIAG t= 48727.633 cyc=1633202573 RXMSG #538 declared=5 got=5 bytes=0a 03 0a
SIO1-DIAG t= 48727.634 cyc=1633202573 RX accept #535 byte=00 fifo=3 ctrl=0227
SIO1-DIAG t= 48727.635 cyc=1633202573 RXMSG #539 declared=5 got=5 bytes=0a 03 0a
SIO1-DIAG t= 48727.636 cyc=1633202573 RX accept #536 byte=00 fifo=4 ctrl=0227
SIO1-DIAG t= 48727.637 cyc=1633202573 DRAIN 4 messages in one poll
SIO1-DIAG t= 48727.638 cyc=1633202598 game read STAT=0007 ctrl=0227 [DSR=0 CTS=0 RXRDY=1] pc=80153ce4 (prev value held for 333 reads) totalReads=76425
SIO1-DIAG t= 48727.659 cyc=1633202615 game read DATA=86 popped=1 fifo 4->3 stat=0007
SIO1-DIAG t= 48727.662 cyc=1633202665 LINKSTATE WR[act=00000000 buf=00000000 cnt=00000000 latch=00000000] RD[act=00000000 buf=801a9d61 cnt=000000fb] block=4 cfg=0205 DSR=0 DTR=1 stat=0007 ctrl=0227 fifo=3
SIO1-DIAG t= 48727.665 cyc=1633202693 game read DATA=00 popped=1 fifo 3->2 stat=0007
SIO1-DIAG t= 48727.667 cyc=1633202743 LINKSTATE WR[act=00000000 buf=00000000 cnt=00000000 latch=00000000] RD[act=00000000 buf=801a9d62 cnt=000000fa] block=4 cfg=0205 DSR=0 DTR=1 stat=0007 ctrl=0227 fifo=2
SIO1-DIAG t= 48727.669 cyc=1633202771 game read DATA=00 popped=1 fifo 2->1 stat=0007
SIO1-DIAG t= 48727.671 cyc=1633202821 LINKSTATE WR[act=00000000 buf=00000000 cnt=00000000 latch=00000000] RD[act=00000000 buf=801a9d63 cnt=000000f9] block=4 cfg=0205 DSR=0 DTR=1 stat=0007 ctrl=0227 fifo=1
SIO1-DIAG t= 48727.673 cyc=1633202849 game read DATA=00 popped=1 fifo 1->0 stat=0005
SIO1-DIAG t= 48727.674 cyc=1633202892 DTR 1->0 (toggle #134) pc=80153d50 ctrl=0225
SIO1-DIAG t= 48727.675 cyc=1633202892 game wrote CTRL=0225 [TXEN=1 DTR=0 RXEN=1 RTS=1 ACK=0 RESET=0 RXIRQEN=0 TXIRQEN=0] stat=0005
SIO1-DIAG t= 48727.677 cyc=1633202892 TXFC dxr=0 xts=1 ctrl=0225 initial=0
SIO1-DIAG t= 48727.678 cyc=1633202892 TXMSG #166 size=4 bytes=12 02 10
SIO1-DIAG t= 48727.682 cyc=1633202915 LINKSTATE WR[act=00000000 buf=00000000 cnt=00000000 latch=00000000] RD[act=00000000 buf=801a9d64 cnt=000000f8] block=4 cfg=0205 DSR=0 DTR=0 stat=0005 ctrl=0225 fifo=0
SIO1-DIAG t= 48727.686 cyc=1633202915 game read STAT=0005 ctrl=0225 [DSR=0 CTS=0 RXRDY=0] pc=80153c88 (prev value held for 6 reads) totalReads=76432
SIO1-DIAG t= 48731.208 cyc=1633221890 RXMSG #540 declared=5 got=5 bytes=0a 03 0a
SIO1-DIAG t= 48731.217 cyc=1633221890 RX accept #537 byte=28 fifo=1 ctrl=0225
SIO1-DIAG t= 48731.218 cyc=1633221890 RXMSG #541 declared=5 got=5 bytes=0a 03 0a
SIO1-DIAG t= 48731.219 cyc=1633221890 RX accept #538 byte=00 fifo=2 ctrl=0225
SIO1-DIAG t= 48731.220 cyc=1633221890 RXMSG #542 declared=5 got=5 bytes=0a 03 0a
SIO1-DIAG t= 48731.221 cyc=1633221890 RX accept #539 byte=00 fifo=3 ctrl=0225
SIO1-DIAG t= 48731.223 cyc=1633221890 RXMSG #543 declared=5 got=5 bytes=0a 03 0a
SIO1-DIAG t= 48731.224 cyc=1633221890 RX accept #540 byte=00 fifo=4 ctrl=0225
SIO1-DIAG t= 48731.225 cyc=1633221890 DRAIN 4 messages in one poll
SIO1-DIAG t= 48731.239 cyc=1633221907 game read STAT=0007 ctrl=0225 [DSR=0 CTS=0 RXRDY=1] pc=80153ce4 (prev value held for 333 reads) totalReads=76766
SIO1-DIAG t= 48731.242 cyc=1633221924 game read DATA=28 popped=1 fifo 4->3 stat=0007
SIO1-DIAG t= 48731.243 cyc=1633221974 LINKSTATE WR[act=00000000 buf=00000000 cnt=00000000 latch=00000000] RD[act=00000000 buf=801a9d65 cnt=000000f7] block=4 cfg=0205 DSR=0 DTR=0 stat=0007 ctrl=0225 fifo=3
SIO1-DIAG t= 48731.246 cyc=1633222002 game read DATA=00 popped=1 fifo 3->2 stat=0007
SIO1-DIAG t= 48731.247 cyc=1633222052 LINKSTATE WR[act=00000000 buf=00000000 cnt=00000000 latch=00000000] RD[act=00000000 buf=801a9d66 cnt=000000f6] block=4 cfg=0205 DSR=0 DTR=0 stat=0007 ctrl=0225 fifo=2
SIO1-DIAG t= 48731.255 cyc=1633222080 game read DATA=00 popped=1 fifo 2->1 stat=0007
SIO1-DIAG t= 48731.256 cyc=1633222130 LINKSTATE WR[act=00000000 buf=00000000 cnt=00000000 latch=00000000] RD[act=00000000 buf=801a9d67 cnt=000000f5] block=4 cfg=0205 DSR=0 DTR=0 stat=0007 ctrl=0225 fifo=1
SIO1-DIAG t= 48731.267 cyc=1633222158 game read DATA=00 popped=1 fifo 1->0 stat=0005
SIO1-DIAG t= 48731.269 cyc=1633222201 DTR 0->1 (toggle #135) pc=80153d50 ctrl=0227
SIO1-DIAG t= 48731.270 cyc=1633222201 game wrote CTRL=0227 [TXEN=1 DTR=1 RXEN=1 RTS=1 ACK=0 RESET=0 RXIRQEN=0 TXIRQEN=0] stat=0005
SIO1-DIAG t= 48731.273 cyc=1633222201 TXFC dxr=1 xts=1 ctrl=0227 initial=0
SIO1-DIAG t= 48731.275 cyc=1633222201 TXMSG #167 size=6 bytes=12 04 08
SIO1-DIAG t= 48731.280 cyc=1633222224 LINKSTATE WR[act=00000000 buf=00000000 cnt=00000000 latch=00000000] RD[act=00000000 buf=801a9d68 cnt=000000f4] block=4 cfg=0205 DSR=0 DTR=1 stat=0005 ctrl=0227 fifo=0
SIO1-DIAG t= 48731.282 cyc=1633222224 game read STAT=0005 ctrl=0227 [DSR=0 CTS=0 RXRDY=0] pc=80153c88 (prev value held for 6 reads) totalReads=76773
SIO1-DIAG t= 48734.900 cyc=1633241199 RXMSG #544 declared=5 got=5 bytes=0a 03 0a
SIO1-DIAG t= 48734.909 cyc=1633241199 RX accept #541 byte=0d fifo=1 ctrl=0227
SIO1-DIAG t= 48734.911 cyc=1633241199 RXMSG #545 declared=5 got=5 bytes=0a 03 0a
SIO1-DIAG t= 48734.912 cyc=1633241199 RX accept #542 byte=00 fifo=2 ctrl=0227
SIO1-DIAG t= 48734.913 cyc=1633241199 RXMSG #546 declared=5 got=5 bytes=0a 03 0a
SIO1-DIAG t= 48734.920 cyc=1633241199 RX accept #543 byte=00 fifo=3 ctrl=0227
SIO1-DIAG t= 48734.921 cyc=1633241199 RXMSG #547 declared=5 got=5 bytes=0a 03 0a
SIO1-DIAG t= 48734.922 cyc=1633241199 RX accept #544 byte=00 fifo=4 ctrl=0227
SIO1-DIAG t= 48734.923 cyc=1633241199 DRAIN 4 messages in one poll
SIO1-DIAG t= 48734.925 cyc=1633241216 game read STAT=0007 ctrl=0227 [DSR=0 CTS=0 RXRDY=1] pc=80153ce4 (prev value held for 333 reads) totalReads=77107
SIO1-DIAG t= 48734.927 cyc=1633241233 game read DATA=0d popped=1 fifo 4->3 stat=0007
SIO1-DIAG t= 48734.929 cyc=1633241283 LINKSTATE WR[act=00000000 buf=00000000 cnt=00000000 latch=00000000] RD[act=00000000 buf=801a9d69 cnt=000000f3] block=4 cfg=0205 DSR=0 DTR=1 stat=0007 ctrl=0227 fifo=3
SIO1-DIAG t= 48734.932 cyc=1633241311 game read DATA=00 popped=1 fifo 3->2 stat=0007
SIO1-DIAG t= 48734.933 cyc=1633241361 LINKSTATE WR[act=00000000 buf=00000000 cnt=00000000 latch=00000000] RD[act=00000000 buf=801a9d6a cnt=000000f2] block=4 cfg=0205 DSR=0 DTR=1 stat=0007 ctrl=0227 fifo=2
SIO1-DIAG t= 48734.934 cyc=1633241389 game read DATA=00 popped=1 fifo 2->1 stat=0007
SIO1-DIAG t= 48734.935 cyc=1633241439 LINKSTATE WR[act=00000000 buf=00000000 cnt=00000000 latch=00000000] RD[act=00000000 buf=801a9d6b cnt=000000f1] block=4 cfg=0205 DSR=0 DTR=1 stat=0007 ctrl=0227 fifo=1
SIO1-DIAG t= 48734.937 cyc=1633241467 game read DATA=00 popped=1 fifo 1->0 stat=0005
SIO1-DIAG t= 48734.939 cyc=1633241510 DTR 1->0 (toggle #136) pc=80153d50 ctrl=0225
SIO1-DIAG t= 48734.943 cyc=1633241510 game wrote CTRL=0225 [TXEN=1 DTR=0 RXEN=1 RTS=1 ACK=0 RESET=0 RXIRQEN=0 TXIRQEN=0] stat=0005
SIO1-DIAG t= 48734.945 cyc=1633241510 TXFC dxr=0 xts=1 ctrl=0225 initial=0
SIO1-DIAG t= 48734.947 cyc=1633241510 TXMSG #168 size=4 bytes=12 02 10
SIO1-DIAG t= 48734.954 cyc=1633241533 LINKSTATE WR[act=00000000 buf=00000000 cnt=00000000 latch=00000000] RD[act=00000000 buf=801a9d6c cnt=000000f0] block=4 cfg=0205 DSR=0 DTR=0 stat=0005 ctrl=0225 fifo=0
SIO1-DIAG t= 48734.956 cyc=1633241533 game read STAT=0005 ctrl=0225 [DSR=0 CTS=0 RXRDY=0] pc=80153c88 (prev value held for 6 reads) totalReads=77114
SIO1-DIAG t= 48738.426 cyc=1633260520 RXMSG #548 declared=5 got=5 bytes=0a 03 0a
SIO1-DIAG t= 48738.431 cyc=1633260520 RX accept #545 byte=01 fifo=1 ctrl=0225
SIO1-DIAG t= 48738.436 cyc=1633260520 RXMSG #549 declared=5 got=5 bytes=0a 03 0a
SIO1-DIAG t= 48738.437 cyc=1633260520 RX accept #546 byte=00 fifo=2 ctrl=0225
SIO1-DIAG t= 48738.438 cyc=1633260520 DRAIN 2 messages in one poll
SIO1-DIAG t= 48738.439 cyc=1633260525 game read STAT=0007 ctrl=0225 [DSR=0 CTS=0 RXRDY=1] pc=80153ce4 (prev value held for 333 reads) totalReads=77448
SIO1-DIAG t= 48738.441 cyc=1633260542 game read DATA=01 popped=1 fifo 2->1 stat=0007
SIO1-DIAG t= 48738.442 cyc=1633260592 LINKSTATE WR[act=00000000 buf=00000000 cnt=00000000 latch=00000000] RD[act=00000000 buf=801a9d6d cnt=000000ef] block=4 cfg=0205 DSR=0 DTR=0 stat=0007 ctrl=0225 fifo=1
SIO1-DIAG t= 48738.453 cyc=1633260620 game read DATA=00 popped=1 fifo 1->0 stat=0005
SIO1-DIAG t= 48738.455 cyc=1633260670 LINKSTATE WR[act=00000000 buf=00000000 cnt=00000000 latch=00000000] RD[act=00000000 buf=801a9d6e cnt=000000ee] block=4 cfg=0205 DSR=0 DTR=0 stat=0005 ctrl=0225 fifo=0
SIO1-DIAG t= 48738.456 cyc=1633260670 game read STAT=0005 ctrl=0225 [DSR=0 CTS=0 RXRDY=0] pc=80153c88 (prev value held for 2 reads) totalReads=77451
SIO1-DIAG t= 48739.773 cyc=1633269100 RXMSG #550 declared=5 got=5 bytes=0a 03 0a
SIO1-DIAG t= 48739.778 cyc=1633269100 RX accept #547 byte=00 fifo=1 ctrl=0225
SIO1-DIAG t= 48739.780 cyc=1633269100 RXMSG #551 declared=5 got=5 bytes=0a 03 0a
SIO1-DIAG t= 48739.782 cyc=1633269100 RX accept #548 byte=00 fifo=2 ctrl=0225
SIO1-DIAG t= 48739.783 cyc=1633269100 DRAIN 2 messages in one poll
SIO1-DIAG t= 48739.784 cyc=1633269117 game read STAT=0007 ctrl=0225 [DSR=0 CTS=0 RXRDY=1] pc=80153ce4 (prev value held for 148 reads) totalReads=77600
SIO1-DIAG t= 48739.786 cyc=1633269134 game read DATA=00 popped=1 fifo 2->1 stat=0007
SIO1-DIAG t= 48739.788 cyc=1633269184 LINKSTATE WR[act=00000000 buf=00000000 cnt=00000000 latch=00000000] RD[act=00000000 buf=801a9d6f cnt=000000ed] block=4 cfg=0205 DSR=0 DTR=0 stat=0007 ctrl=0225 fifo=1
SIO1-DIAG t= 48739.791 cyc=1633269212 game read DATA=00 popped=1 fifo 1->0 stat=0005
SIO1-DIAG t= 48739.793 cyc=1633269255 DTR 0->1 (toggle #137) pc=80153d50 ctrl=0227
SIO1-DIAG t= 48739.794 cyc=1633269255 game wrote CTRL=0227 [TXEN=1 DTR=1 RXEN=1 RTS=1 ACK=0 RESET=0 RXIRQEN=0 TXIRQEN=0] stat=0005
SIO1-DIAG t= 48739.802 cyc=1633269255 TXFC dxr=1 xts=1 ctrl=0227 initial=0
SIO1-DIAG t= 48739.805 cyc=1633269255 TXMSG #169 size=6 bytes=12 04 08
SIO1-DIAG t= 48739.813 cyc=1633269278 LINKSTATE WR[act=00000000 buf=00000000 cnt=00000000 latch=00000000] RD[act=00000000 buf=801a9d70 cnt=000000ec] block=4 cfg=0205 DSR=0 DTR=1 stat=0005 ctrl=0227 fifo=0
SIO1-DIAG t= 48739.816 cyc=1633269278 game read STAT=0005 ctrl=0227 [DSR=0 CTS=0 RXRDY=0] pc=80153c88 (prev value held for 2 reads) totalReads=77603
SIO1-DIAG t= 48741.859 cyc=1633281829 STAT poll sample pc=80153ce4 stat=0005 reads=77824
SIO1-DIAG t= 48747.649 cyc=1633312022 RXMSG #552 declared=5 got=5 bytes=0a 03 0a
SIO1-DIAG t= 48747.664 cyc=1633312022 RX accept #549 byte=22 fifo=1 ctrl=0227
SIO1-DIAG t= 48747.667 cyc=1633312022 RXMSG #553 declared=5 got=5 bytes=0a 03 0a
SIO1-DIAG t= 48747.668 cyc=1633312022 RX accept #550 byte=00 fifo=2 ctrl=0227
SIO1-DIAG t= 48747.669 cyc=1633312022 RXMSG #554 declared=5 got=5 bytes=0a 03 0a
SIO1-DIAG t= 48747.670 cyc=1633312022 RX accept #551 byte=00 fifo=3 ctrl=0227
SIO1-DIAG t= 48747.672 cyc=1633312022 RXMSG #555 declared=5 got=5 bytes=0a 03 0a
SIO1-DIAG t= 48747.673 cyc=1633312022 RX accept #552 byte=00 fifo=4 ctrl=0227
SIO1-DIAG t= 48747.674 cyc=1633312022 DRAIN 4 messages in one poll
SIO1-DIAG t= 48747.685 cyc=1633312039 game read STAT=0007 ctrl=0227 [DSR=0 CTS=0 RXRDY=1] pc=80153ce4 (prev value held for 750 reads) totalReads=78354
SIO1-DIAG t= 48747.688 cyc=1633312056 game read DATA=22 popped=1 fifo 4->3 stat=0007
SIO1-DIAG t= 48747.690 cyc=1633312106 LINKSTATE WR[act=00000000 buf=00000000 cnt=00000000 latch=00000000] RD[act=00000000 buf=801a9d71 cnt=000000eb] block=4 cfg=0205 DSR=0 DTR=1 stat=0007 ctrl=0227 fifo=3
SIO1-DIAG t= 48747.693 cyc=1633312134 game read DATA=00 popped=1 fifo 3->2 stat=0007
SIO1-DIAG t= 48747.694 cyc=1633312184 LINKSTATE WR[act=00000000 buf=00000000 cnt=00000000 latch=00000000] RD[act=00000000 buf=801a9d72 cnt=000000ea] block=4 cfg=0205 DSR=0 DTR=1 stat=0007 ctrl=0227 fifo=2
SIO1-DIAG t= 48747.696 cyc=1633312212 game read DATA=00 popped=1 fifo 2->1 stat=0007
SIO1-DIAG t= 48747.697 cyc=1633312262 LINKSTATE WR[act=00000000 buf=00000000 cnt=00000000 latch=00000000] RD[act=00000000 buf=801a9d73 cnt=000000e9] block=4 cfg=0205 DSR=0 DTR=1 stat=0007 ctrl=0227 fifo=1
SIO1-DIAG t= 48747.699 cyc=1633312290 game read DATA=00 popped=1 fifo 1->0 stat=0005
SIO1-DIAG t= 48747.707 cyc=1633312333 DTR 1->0 (toggle #138) pc=80153d50 ctrl=0225
SIO1-DIAG t= 48747.708 cyc=1633312333 game wrote CTRL=0225 [TXEN=1 DTR=0 RXEN=1 RTS=1 ACK=0 RESET=0 RXIRQEN=0 TXIRQEN=0] stat=0005
SIO1-DIAG t= 48747.710 cyc=1633312333 TXFC dxr=0 xts=1 ctrl=0225 initial=0
SIO1-DIAG t= 48747.712 cyc=1633312333 TXMSG #170 size=4 bytes=12 02 10
SIO1-DIAG t= 48747.728 cyc=1633312356 LINKSTATE WR[act=00000000 buf=00000000 cnt=00000000 latch=00000000] RD[act=00000000 buf=801a9d74 cnt=000000e8] block=4 cfg=0205 DSR=0 DTR=0 stat=0005 ctrl=0225 fifo=0
SIO1-DIAG t= 48747.729 cyc=1633312356 game read STAT=0005 ctrl=0225 [DSR=0 CTS=0 RXRDY=0] pc=80153c88 (prev value held for 6 reads) totalReads=78361
SIO1-DIAG t= 48751.365 cyc=1633327038 RXMSG #556 declared=5 got=5 bytes=0a 03 0a
SIO1-DIAG t= 48751.382 cyc=1633327038 RX accept #553 byte=02 fifo=1 ctrl=0225
SIO1-DIAG t= 48751.385 cyc=1633327038 RXMSG #557 declared=5 got=5 bytes=0a 03 0a
SIO1-DIAG t= 48751.386 cyc=1633327038 RX accept #554 byte=00 fifo=2 ctrl=0225
SIO1-DIAG t= 48751.388 cyc=1633327038 RXMSG #558 declared=5 got=5 bytes=0a 03 0a
SIO1-DIAG t= 48751.389 cyc=1633327038 RX accept #555 byte=00 fifo=3 ctrl=0225
SIO1-DIAG t= 48751.390 cyc=1633327038 RXMSG #559 declared=5 got=5 bytes=0a 03 0a
SIO1-DIAG t= 48751.391 cyc=1633327038 RX accept #556 byte=00 fifo=4 ctrl=0225
SIO1-DIAG t= 48751.392 cyc=1633327038 DRAIN 4 messages in one poll
SIO1-DIAG t= 48752.234 cyc=1633339127 game read STAT=0007 ctrl=0225 [DSR=0 CTS=0 RXRDY=1] pc=80153ce4 (prev value held for 220 reads) totalReads=78582
SIO1-DIAG t= 48752.238 cyc=1633339144 game read DATA=02 popped=1 fifo 4->3 stat=0007
SIO1-DIAG t= 48752.240 cyc=1633339194 LINKSTATE WR[act=00000000 buf=00000000 cnt=00000000 latch=00000000] RD[act=00000000 buf=801a9d75 cnt=000000e7] block=4 cfg=0205 DSR=0 DTR=0 stat=0007 ctrl=0225 fifo=3
SIO1-DIAG t= 48752.243 cyc=1633339222 game read DATA=00 popped=1 fifo 3->2 stat=0007
SIO1-DIAG t= 48752.254 cyc=1633339272 LINKSTATE WR[act=00000000 buf=00000000 cnt=00000000 latch=00000000] RD[act=00000000 buf=801a9d76 cnt=000000e6] block=4 cfg=0205 DSR=0 DTR=0 stat=0007 ctrl=0225 fifo=2
SIO1-DIAG t= 48752.256 cyc=1633339300 game read DATA=00 popped=1 fifo 2->1 stat=0007
SIO1-DIAG t= 48752.258 cyc=1633339350 LINKSTATE WR[act=00000000 buf=00000000 cnt=00000000 latch=00000000] RD[act=00000000 buf=801a9d77 cnt=000000e5] block=4 cfg=0205 DSR=0 DTR=0 stat=0007 ctrl=0225 fifo=1
SIO1-DIAG t= 48752.259 cyc=1633339378 game read DATA=00 popped=1 fifo 1->0 stat=0005
SIO1-DIAG t= 48752.260 cyc=1633339421 DTR 0->1 (toggle #139) pc=80153d50 ctrl=0227
SIO1-DIAG t= 48752.262 cyc=1633339421 game wrote CTRL=0227 [TXEN=1 DTR=1 RXEN=1 RTS=1 ACK=0 RESET=0 RXIRQEN=0 TXIRQEN=0] stat=0005
SIO1-DIAG t= 48752.263 cyc=1633339421 TXFC dxr=1 xts=1 ctrl=0227 initial=0
SIO1-DIAG t= 48752.265 cyc=1633339421 TXMSG #171 size=6 bytes=12 04 08
SIO1-DIAG t= 48752.271 cyc=1633339444 LINKSTATE WR[act=00000000 buf=00000000 cnt=00000000 latch=00000000] RD[act=00000000 buf=801a9d78 cnt=000000e4] block=4 cfg=0205 DSR=0 DTR=1 stat=0005 ctrl=0227 fifo=0
SIO1-DIAG t= 48752.273 cyc=1633339444 game read STAT=0005 ctrl=0227 [DSR=0 CTS=0 RXRDY=0] pc=80153c88 (prev value held for 6 reads) totalReads=78589
SIO1-DIAG t= 48755.804 cyc=1633357084 RXMSG #560 declared=5 got=5 bytes=0a 03 0a
SIO1-DIAG t= 48755.822 cyc=1633357084 RX accept #557 byte=01 fifo=1 ctrl=0227
SIO1-DIAG t= 48755.825 cyc=1633357084 RXMSG #561 declared=5 got=5 bytes=0a 03 0a
SIO1-DIAG t= 48755.839 cyc=1633357084 RX accept #558 byte=00 fifo=2 ctrl=0227
SIO1-DIAG t= 48755.840 cyc=1633357084 RXMSG #562 declared=5 got=5 bytes=0a 03 0a
SIO1-DIAG t= 48755.842 cyc=1633357084 RX accept #559 byte=00 fifo=3 ctrl=0227
SIO1-DIAG t= 48755.844 cyc=1633357084 RXMSG #563 declared=5 got=5 bytes=0a 03 0a
SIO1-DIAG t= 48755.845 cyc=1633357084 RX accept #560 byte=00 fifo=4 ctrl=0227
SIO1-DIAG t= 48755.846 cyc=1633357084 DRAIN 4 messages in one poll
SIO1-DIAG t= 48755.848 cyc=1633357125 game read STAT=0007 ctrl=0227 [DSR=0 CTS=0 RXRDY=1] pc=80153ce4 (prev value held for 310 reads) totalReads=78900
SIO1-DIAG t= 48755.857 cyc=1633357142 game read DATA=01 popped=1 fifo 4->3 stat=0007
SIO1-DIAG t= 48755.860 cyc=1633357192 LINKSTATE WR[act=00000000 buf=00000000 cnt=00000000 latch=00000000] RD[act=00000000 buf=801a9d79 cnt=000000e3] block=4 cfg=0205 DSR=0 DTR=1 stat=0007 ctrl=0227 fifo=3
SIO1-DIAG t= 48755.863 cyc=1633357220 game read DATA=00 popped=1 fifo 3->2 stat=0007
SIO1-DIAG t= 48755.865 cyc=1633357270 LINKSTATE WR[act=00000000 buf=00000000 cnt=00000000 latch=00000000] RD[act=00000000 buf=801a9d7a cnt=000000e2] block=4 cfg=0205 DSR=0 DTR=1 stat=0007 ctrl=0227 fifo=2
SIO1-DIAG t= 48755.867 cyc=1633357298 game read DATA=00 popped=1 fifo 2->1 stat=0007
SIO1-DIAG t= 48755.869 cyc=1633357348 LINKSTATE WR[act=00000000 buf=00000000 cnt=00000000 latch=00000000] RD[act=00000000 buf=801a9d7b cnt=000000e1] block=4 cfg=0205 DSR=0 DTR=1 stat=0007 ctrl=0227 fifo=1
SIO1-DIAG t= 48755.874 cyc=1633357376 game read DATA=00 popped=1 fifo 1->0 stat=0005
SIO1-DIAG t= 48755.875 cyc=1633357419 DTR 1->0 (toggle #140) pc=80153d50 ctrl=0225
SIO1-DIAG t= 48755.877 cyc=1633357419 game wrote CTRL=0225 [TXEN=1 DTR=0 RXEN=1 RTS=1 ACK=0 RESET=0 RXIRQEN=0 TXIRQEN=0] stat=0005
SIO1-DIAG t= 48755.879 cyc=1633357419 TXFC dxr=0 xts=1 ctrl=0225 initial=0
SIO1-DIAG t= 48755.882 cyc=1633357419 TXMSG #172 size=4 bytes=12 02 10
SIO1-DIAG t= 48755.887 cyc=1633357442 LINKSTATE WR[act=00000000 buf=00000000 cnt=00000000 latch=00000000] RD[act=00000000 buf=801a9d7c cnt=000000e0] block=4 cfg=0205 DSR=0 DTR=0 stat=0005 ctrl=0225 fifo=0
SIO1-DIAG t= 48755.889 cyc=1633357442 game read STAT=0005 ctrl=0225 [DSR=0 CTS=0 RXRDY=0] pc=80153c88 (prev value held for 6 reads) totalReads=78907
SIO1-DIAG t= 48759.264 cyc=1633376403 RXMSG #564 declared=5 got=5 bytes=0a 03 0a
SIO1-DIAG t= 48759.276 cyc=1633376403 RX accept #561 byte=00 fifo=1 ctrl=0225
SIO1-DIAG t= 48759.279 cyc=1633376434 game read STAT=0007 ctrl=0225 [DSR=0 CTS=0 RXRDY=1] pc=80153ce4 (prev value held for 333 reads) totalReads=79241
SIO1-DIAG t= 48759.282 cyc=1633376451 game read DATA=00 popped=1 fifo 1->0 stat=0005
SIO1-DIAG t= 48759.284 cyc=1633376501 LINKSTATE WR[act=00000000 buf=00000000 cnt=00000000 latch=00000000] RD[act=00000000 buf=801a9d7d cnt=000000df] block=4 cfg=0205 DSR=0 DTR=0 stat=0005 ctrl=0225 fifo=0
SIO1-DIAG t= 48759.287 cyc=1633376501 game read STAT=0005 ctrl=0225 [DSR=0 CTS=0 RXRDY=0] pc=80153c88 (prev value held for 0 reads) totalReads=79242
SIO1-DIAG t= 48760.463 cyc=1633382834 RXMSG #565 declared=5 got=5 bytes=0a 03 0a
SIO1-DIAG t= 48760.468 cyc=1633382834 RX accept #562 byte=00 fifo=1 ctrl=0225
SIO1-DIAG t= 48760.470 cyc=1633382834 RXMSG #566 declared=5 got=5 bytes=0a 03 0a
SIO1-DIAG t= 48760.472 cyc=1633382834 RX accept #563 byte=00 fifo=2 ctrl=0225
SIO1-DIAG t= 48760.473 cyc=1633382834 DRAIN 2 messages in one poll
SIO1-DIAG t= 48760.475 cyc=1633382839 game read STAT=0007 ctrl=0225 [DSR=0 CTS=0 RXRDY=1] pc=80153ce4 (prev value held for 111 reads) totalReads=79354
SIO1-DIAG t= 48760.478 cyc=1633382856 game read DATA=00 popped=1 fifo 2->1 stat=0007
SIO1-DIAG t= 48760.480 cyc=1633382906 LINKSTATE WR[act=00000000 buf=00000000 cnt=00000000 latch=00000000] RD[act=00000000 buf=801a9d7e cnt=000000de] block=4 cfg=0205 DSR=0 DTR=0 stat=0007 ctrl=0225 fifo=1
SIO1-DIAG t= 48760.483 cyc=1633382934 game read DATA=00 popped=1 fifo 1->0 stat=0005
SIO1-DIAG t= 48760.485 cyc=1633382984 LINKSTATE WR[act=00000000 buf=00000000 cnt=00000000 latch=00000000] RD[act=00000000 buf=801a9d7f cnt=000000dd] block=4 cfg=0205 DSR=0 DTR=0 stat=0005 ctrl=0225 fifo=0
SIO1-DIAG t= 48760.487 cyc=1633382984 game read STAT=0005 ctrl=0225 [DSR=0 CTS=0 RXRDY=0] pc=80153c88 (prev value held for 2 reads) totalReads=79357
SIO1-DIAG t= 48760.495 cyc=1633384985 RXMSG #567 declared=5 got=5 bytes=0a 03 0a
SIO1-DIAG t= 48760.497 cyc=1633384985 RX accept #564 byte=00 fifo=1 ctrl=0225
SIO1-DIAG t= 48760.499 cyc=1633384990 game read STAT=0007 ctrl=0225 [DSR=0 CTS=0 RXRDY=1] pc=80153ce4 (prev value held for 35 reads) totalReads=79393
SIO1-DIAG t= 48760.506 cyc=1633385007 game read DATA=00 popped=1 fifo 1->0 stat=0005
SIO1-DIAG t= 48760.513 cyc=1633385050 DTR 0->1 (toggle #141) pc=80153d50 ctrl=0227
SIO1-DIAG t= 48760.515 cyc=1633385050 game wrote CTRL=0227 [TXEN=1 DTR=1 RXEN=1 RTS=1 ACK=0 RESET=0 RXIRQEN=0 TXIRQEN=0] stat=0005
SIO1-DIAG t= 48760.517 cyc=1633385050 TXFC dxr=1 xts=1 ctrl=0227 initial=0
SIO1-DIAG t= 48760.519 cyc=1633385050 TXMSG #173 size=6 bytes=12 04 08
SIO1-DIAG t= 48760.525 cyc=1633385073 LINKSTATE WR[act=00000000 buf=00000000 cnt=00000000 latch=00000000] RD[act=00000000 buf=801a9d80 cnt=000000dc] block=4 cfg=0205 DSR=0 DTR=1 stat=0005 ctrl=0227 fifo=0
SIO1-DIAG t= 48760.527 cyc=1633385073 game read STAT=0005 ctrl=0227 [DSR=0 CTS=0 RXRDY=0] pc=80153c88 (prev value held for 0 reads) totalReads=79394
SIO1-DIAG t= 48766.113 cyc=1633415025 RXMSG #568 declared=5 got=5 bytes=0a 03 0a
SIO1-DIAG t= 48766.127 cyc=1633415025 RX accept #565 byte=01 fifo=1 ctrl=0227
SIO1-DIAG t= 48766.129 cyc=1633415025 RXMSG #569 declared=5 got=5 bytes=0a 03 0a
SIO1-DIAG t= 48766.130 cyc=1633415025 RX accept #566 byte=00 fifo=2 ctrl=0227
SIO1-DIAG t= 48766.131 cyc=1633415025 RXMSG #570 declared=5 got=5 bytes=0a 03 0a
SIO1-DIAG t= 48766.132 cyc=1633415025 RX accept #567 byte=00 fifo=3 ctrl=0227
SIO1-DIAG t= 48766.134 cyc=1633415025 RXMSG #571 declared=5 got=5 bytes=0a 03 0a
SIO1-DIAG t= 48766.143 cyc=1633415025 RX accept #568 byte=00 fifo=4 ctrl=0227
SIO1-DIAG t= 48766.144 cyc=1633415025 DRAIN 4 messages in one poll
SIO1-DIAG t= 48766.146 cyc=1633415066 game read STAT=0007 ctrl=0227 [DSR=0 CTS=0 RXRDY=1] pc=80153ce4 (prev value held for 526 reads) totalReads=79921
SIO1-DIAG t= 48766.149 cyc=1633415083 game read DATA=01 popped=1 fifo 4->3 stat=0007
SIO1-DIAG t= 48766.150 cyc=1633415133 LINKSTATE WR[act=00000000 buf=00000000 cnt=00000000 latch=00000000] RD[act=00000000 buf=801a9d81 cnt=000000db] block=4 cfg=0205 DSR=0 DTR=1 stat=0007 ctrl=0227 fifo=3
SIO1-DIAG t= 48766.153 cyc=1633415161 game read DATA=00 popped=1 fifo 3->2 stat=0007
SIO1-DIAG t= 48766.154 cyc=1633415211 LINKSTATE WR[act=00000000 buf=00000000 cnt=00000000 latch=00000000] RD[act=00000000 buf=801a9d82 cnt=000000da] block=4 cfg=0205 DSR=0 DTR=1 stat=0007 ctrl=0227 fifo=2
SIO1-DIAG t= 48766.156 cyc=1633415239 game read DATA=00 popped=1 fifo 2->1 stat=0007
SIO1-DIAG t= 48766.157 cyc=1633415289 LINKSTATE WR[act=00000000 buf=00000000 cnt=00000000 latch=00000000] RD[act=00000000 buf=801a9d83 cnt=000000d9] block=4 cfg=0205 DSR=0 DTR=1 stat=0007 ctrl=0227 fifo=1
SIO1-DIAG t= 48766.159 cyc=1633415317 game read DATA=00 popped=1 fifo 1->0 stat=0005
SIO1-DIAG t= 48766.160 cyc=1633415360 DTR 1->0 (toggle #142) pc=80153d50 ctrl=0225
SIO1-DIAG t= 48766.161 cyc=1633415360 game wrote CTRL=0225 [TXEN=1 DTR=0 RXEN=1 RTS=1 ACK=0 RESET=0 RXIRQEN=0 TXIRQEN=0] stat=0005
SIO1-DIAG t= 48766.163 cyc=1633415360 TXFC dxr=0 xts=1 ctrl=0225 initial=0
SIO1-DIAG t= 48766.167 cyc=1633415360 TXMSG #174 size=4 bytes=12 02 10
SIO1-DIAG t= 48766.172 cyc=1633415383 LINKSTATE WR[act=00000000 buf=00000000 cnt=00000000 latch=00000000] RD[act=00000000 buf=801a9d84 cnt=000000d8] block=4 cfg=0205 DSR=0 DTR=0 stat=0005 ctrl=0225 fifo=0
SIO1-DIAG t= 48766.174 cyc=1633415383 game read STAT=0005 ctrl=0225 [DSR=0 CTS=0 RXRDY=0] pc=80153c88 (prev value held for 6 reads) totalReads=79928
SIO1-DIAG t= 48771.201 cyc=1633442924 RXMSG #572 declared=5 got=5 bytes=0a 03 0a
SIO1-DIAG t= 48771.210 cyc=1633442924 RX accept #569 byte=ec fifo=1 ctrl=0225
SIO1-DIAG t= 48771.212 cyc=1633442924 RXMSG #573 declared=5 got=5 bytes=0a 03 0a
SIO1-DIAG t= 48771.213 cyc=1633442924 RX accept #570 byte=45 fifo=2 ctrl=0225
SIO1-DIAG t= 48771.214 cyc=1633442924 DRAIN 2 messages in one poll
SIO1-DIAG t= 48771.215 cyc=1633442925 game read STAT=0007 ctrl=0225 [DSR=0 CTS=0 RXRDY=1] pc=80153ce4 (prev value held for 483 reads) totalReads=80412
SIO1-DIAG t= 48771.218 cyc=1633442942 game read DATA=ec popped=1 fifo 2->1 stat=0007
SIO1-DIAG t= 48771.220 cyc=1633442992 LINKSTATE WR[act=00000000 buf=00000000 cnt=00000000 latch=00000000] RD[act=00000000 buf=801a9d85 cnt=000000d7] block=4 cfg=0205 DSR=0 DTR=0 stat=0007 ctrl=0225 fifo=1
SIO1-DIAG t= 48771.223 cyc=1633443020 game read DATA=45 popped=1 fifo 1->0 stat=0005
SIO1-DIAG t= 48771.245 cyc=1633443070 LINKSTATE WR[act=00000000 buf=00000000 cnt=00000000 latch=00000000] RD[act=00000000 buf=801a9d86 cnt=000000d6] block=4 cfg=0205 DSR=0 DTR=0 stat=0005 ctrl=0225 fifo=0
SIO1-DIAG t= 48771.254 cyc=1633443070 game read STAT=0005 ctrl=0225 [DSR=0 CTS=0 RXRDY=0] pc=80153c88 (prev value held for 2 reads) totalReads=80415
SIO1-DIAG t= 48771.261 cyc=1633445071 RXMSG #574 declared=5 got=5 bytes=0a 03 0a
SIO1-DIAG t= 48771.262 cyc=1633445071 RX accept #571 byte=02 fifo=1 ctrl=0225
SIO1-DIAG t= 48771.263 cyc=1633445071 RXMSG #575 declared=5 got=5 bytes=0a 03 0a
SIO1-DIAG t= 48771.264 cyc=1633445071 RX accept #572 byte=80 fifo=2 ctrl=0225
SIO1-DIAG t= 48771.265 cyc=1633445071 DRAIN 2 messages in one poll
SIO1-DIAG t= 48771.266 cyc=1633445076 game read STAT=0007 ctrl=0225 [DSR=0 CTS=0 RXRDY=1] pc=80153ce4 (prev value held for 35 reads) totalReads=80451
SIO1-DIAG t= 48771.267 cyc=1633445093 game read DATA=02 popped=1 fifo 2->1 stat=0007
SIO1-DIAG t= 48771.269 cyc=1633445143 LINKSTATE WR[act=00000000 buf=00000000 cnt=00000000 latch=00000000] RD[act=00000000 buf=801a9d87 cnt=000000d5] block=4 cfg=0205 DSR=0 DTR=0 stat=0007 ctrl=0225 fifo=1
SIO1-DIAG t= 48771.270 cyc=1633445171 game read DATA=80 popped=1 fifo 1->0 stat=0005
SIO1-DIAG t= 48771.271 cyc=1633445214 DTR 0->1 (toggle #143) pc=80153d50 ctrl=0227
SIO1-DIAG t= 48771.272 cyc=1633445214 game wrote CTRL=0227 [TXEN=1 DTR=1 RXEN=1 RTS=1 ACK=0 RESET=0 RXIRQEN=0 TXIRQEN=0] stat=0005
SIO1-DIAG t= 48771.274 cyc=1633445214 TXFC dxr=1 xts=1 ctrl=0227 initial=0
SIO1-DIAG t= 48771.275 cyc=1633445214 TXMSG #175 size=6 bytes=12 04 08
SIO1-DIAG t= 48771.284 cyc=1633445237 LINKSTATE WR[act=00000000 buf=00000000 cnt=00000000 latch=00000000] RD[act=00000000 buf=801a9d88 cnt=000000d4] block=4 cfg=0205 DSR=0 DTR=1 stat=0005 ctrl=0227 fifo=0
SIO1-DIAG t= 48771.286 cyc=1633445237 game read STAT=0005 ctrl=0227 [DSR=0 CTS=0 RXRDY=0] pc=80153c88 (prev value held for 2 reads) totalReads=80454
SIO1-DIAG t= 48775.366 cyc=1633468674 RXMSG #576 declared=5 got=5 bytes=0a 03 0a
SIO1-DIAG t= 48775.379 cyc=1633468674 RX accept #573 byte=00 fifo=1 ctrl=0227
SIO1-DIAG t= 48775.381 cyc=1633468674 RXMSG #577 declared=5 got=5 bytes=0a 03 0a
SIO1-DIAG t= 48775.382 cyc=1633468674 RX accept #574 byte=00 fifo=2 ctrl=0227
SIO1-DIAG t= 48775.383 cyc=1633468674 RXMSG #578 declared=5 got=5 bytes=0a 03 0a
SIO1-DIAG t= 48775.384 cyc=1633468674 RX accept #575 byte=00 fifo=3 ctrl=0227
SIO1-DIAG t= 48775.386 cyc=1633468674 RXMSG #579 declared=5 got=5 bytes=0a 03 0a
SIO1-DIAG t= 48775.387 cyc=1633468674 RX accept #576 byte=00 fifo=4 ctrl=0227
SIO1-DIAG t= 48775.388 cyc=1633468674 DRAIN 4 messages in one poll
SIO1-DIAG t= 48775.389 cyc=1633468675 game read STAT=0007 ctrl=0227 [DSR=0 CTS=0 RXRDY=1] pc=80153ce4 (prev value held for 411 reads) totalReads=80866
SIO1-DIAG t= 48775.391 cyc=1633468692 game read DATA=00 popped=1 fifo 4->3 stat=0007
SIO1-DIAG t= 48775.393 cyc=1633468742 LINKSTATE WR[act=00000000 buf=00000000 cnt=00000000 latch=00000000] RD[act=00000000 buf=801a9d89 cnt=000000d3] block=4 cfg=0205 DSR=0 DTR=1 stat=0007 ctrl=0227 fifo=3
SIO1-DIAG t= 48775.403 cyc=1633468770 game read DATA=00 popped=1 fifo 3->2 stat=0007
SIO1-DIAG t= 48775.405 cyc=1633468820 LINKSTATE WR[act=00000000 buf=00000000 cnt=00000000 latch=00000000] RD[act=00000000 buf=801a9d8a cnt=000000d2] block=4 cfg=0205 DSR=0 DTR=1 stat=0007 ctrl=0227 fifo=2
SIO1-DIAG t= 48775.407 cyc=1633468848 game read DATA=00 popped=1 fifo 2->1 stat=0007
SIO1-DIAG t= 48775.409 cyc=1633468898 LINKSTATE WR[act=00000000 buf=00000000 cnt=00000000 latch=00000000] RD[act=00000000 buf=801a9d8b cnt=000000d1] block=4 cfg=0205 DSR=0 DTR=1 stat=0007 ctrl=0227 fifo=1
SIO1-DIAG t= 48775.411 cyc=1633468926 game read DATA=00 popped=1 fifo 1->0 stat=0005
SIO1-DIAG t= 48775.413 cyc=1633468969 DTR 1->0 (toggle #144) pc=80153d50 ctrl=0225
SIO1-DIAG t= 48775.415 cyc=1633468969 game wrote CTRL=0225 [TXEN=1 DTR=0 RXEN=1 RTS=1 ACK=0 RESET=0 RXIRQEN=0 TXIRQEN=0] stat=0005
SIO1-DIAG t= 48775.417 cyc=1633468969 TXFC dxr=0 xts=1 ctrl=0225 initial=0
SIO1-DIAG t= 48775.425 cyc=1633468969 TXMSG #176 size=4 bytes=12 02 10
SIO1-DIAG t= 48775.430 cyc=1633468992 LINKSTATE WR[act=00000000 buf=00000000 cnt=00000000 latch=00000000] RD[act=00000000 buf=801a9d8c cnt=000000d0] block=4 cfg=0205 DSR=0 DTR=0 stat=0005 ctrl=0225 fifo=0
SIO1-DIAG t= 48775.431 cyc=1633468992 game read STAT=0005 ctrl=0225 [DSR=0 CTS=0 RXRDY=0] pc=80153c88 (prev value held for 6 reads) totalReads=80873
SIO1-DIAG t= 48780.716 cyc=1633498726 RXMSG #580 declared=5 got=5 bytes=0a 03 0a
SIO1-DIAG t= 48780.729 cyc=1633498726 RX accept #577 byte=0a fifo=1 ctrl=0225
SIO1-DIAG t= 48780.732 cyc=1633498726 RXMSG #581 declared=5 got=5 bytes=0a 03 0a
SIO1-DIAG t= 48780.734 cyc=1633498726 RX accept #578 byte=00 fifo=2 ctrl=0225
SIO1-DIAG t= 48780.736 cyc=1633498726 RXMSG #582 declared=5 got=5 bytes=0a 03 0a
SIO1-DIAG t= 48780.737 cyc=1633498726 RX accept #579 byte=00 fifo=3 ctrl=0225
SIO1-DIAG t= 48780.739 cyc=1633498726 DRAIN 3 messages in one poll
SIO1-DIAG t= 48780.740 cyc=1633498757 game read STAT=0007 ctrl=0225 [DSR=0 CTS=0 RXRDY=1] pc=80153ce4 (prev value held for 522 reads) totalReads=81396
SIO1-DIAG t= 48780.743 cyc=1633498774 game read DATA=0a popped=1 fifo 3->2 stat=0007
SIO1-DIAG t= 48780.746 cyc=1633498824 LINKSTATE WR[act=00000000 buf=00000000 cnt=00000000 latch=00000000] RD[act=00000000 buf=801a9d8d cnt=000000cf] block=4 cfg=0205 DSR=0 DTR=0 stat=0007 ctrl=0225 fifo=2
SIO1-DIAG t= 48780.749 cyc=1633498852 game read DATA=00 popped=1 fifo 2->1 stat=0007
SIO1-DIAG t= 48780.750 cyc=1633498902 LINKSTATE WR[act=00000000 buf=00000000 cnt=00000000 latch=00000000] RD[act=00000000 buf=801a9d8e cnt=000000ce] block=4 cfg=0205 DSR=0 DTR=0 stat=0007 ctrl=0225 fifo=1
SIO1-DIAG t= 48780.753 cyc=1633498930 game read DATA=00 popped=1 fifo 1->0 stat=0005
SIO1-DIAG t= 48780.755 cyc=1633498980 LINKSTATE WR[act=00000000 buf=00000000 cnt=00000000 latch=00000000] RD[act=00000000 buf=801a9d8f cnt=000000cd] block=4 cfg=0205 DSR=0 DTR=0 stat=0005 ctrl=0225 fifo=0
SIO1-DIAG t= 48780.757 cyc=1633498980 game read STAT=0005 ctrl=0225 [DSR=0 CTS=0 RXRDY=0] pc=80153c88 (prev value held for 4 reads) totalReads=81401
SIO1-DIAG t= 48780.775 cyc=1633500867 RXMSG #583 declared=5 got=5 bytes=0a 03 0a
SIO1-DIAG t= 48780.777 cyc=1633500867 RX accept #580 byte=00 fifo=1 ctrl=0225
SIO1-DIAG t= 48780.778 cyc=1633500872 game read STAT=0007 ctrl=0225 [DSR=0 CTS=0 RXRDY=1] pc=80153ce4 (prev value held for 33 reads) totalReads=81435
SIO1-DIAG t= 48780.780 cyc=1633500889 game read DATA=00 popped=1 fifo 1->0 stat=0005
SIO1-DIAG t= 48780.782 cyc=1633500932 DTR 0->1 (toggle #145) pc=80153d50 ctrl=0227
SIO1-DIAG t= 48780.784 cyc=1633500932 game wrote CTRL=0227 [TXEN=1 DTR=1 RXEN=1 RTS=1 ACK=0 RESET=0 RXIRQEN=0 TXIRQEN=0] stat=0005
SIO1-DIAG t= 48780.786 cyc=1633500932 TXFC dxr=1 xts=1 ctrl=0227 initial=0
SIO1-DIAG t= 48780.788 cyc=1633500932 TXMSG #177 size=6 bytes=12 04 08
SIO1-DIAG t= 48780.794 cyc=1633500955 LINKSTATE WR[act=00000000 buf=00000000 cnt=00000000 latch=00000000] RD[act=00000000 buf=801a9d90 cnt=000000cc] block=4 cfg=0205 DSR=0 DTR=1 stat=0005 ctrl=0227 fifo=0
SIO1-DIAG t= 48780.796 cyc=1633500955 game read STAT=0005 ctrl=0227 [DSR=0 CTS=0 RXRDY=0] pc=80153c88 (prev value held for 0 reads) totalReads=81436
SIO1-DIAG t= 48785.669 cyc=1633528497 STAT poll sample pc=80153ce4 stat=0005 reads=81920
SIO1-DIAG t= 48788.251 cyc=1633541639 RXMSG #584 declared=5 got=5 bytes=0a 03 0a
SIO1-DIAG t= 48788.256 cyc=1633541639 RX accept #581 byte=6e fifo=1 ctrl=0227
SIO1-DIAG t= 48788.257 cyc=1633541639 RXMSG #585 declared=5 got=5 bytes=0a 03 0a
SIO1-DIAG t= 48788.266 cyc=1633541639 RX accept #582 byte=01 fifo=2 ctrl=0227
SIO1-DIAG t= 48788.267 cyc=1633541639 RXMSG #586 declared=5 got=5 bytes=0a 03 0a
SIO1-DIAG t= 48788.268 cyc=1633541639 RX accept #583 byte=00 fifo=3 ctrl=0227
SIO1-DIAG t= 48788.269 cyc=1633541639 RXMSG #587 declared=5 got=5 bytes=0a 03 0a
SIO1-DIAG t= 48788.270 cyc=1633541639 RX accept #584 byte=00 fifo=4 ctrl=0227
SIO1-DIAG t= 48788.271 cyc=1633541639 DRAIN 4 messages in one poll
SIO1-DIAG t= 48788.277 cyc=1633541664 game read STAT=0007 ctrl=0227 [DSR=0 CTS=0 RXRDY=1] pc=80153ce4 (prev value held for 714 reads) totalReads=82151
SIO1-DIAG t= 48788.279 cyc=1633541681 game read DATA=6e popped=1 fifo 4->3 stat=0007
SIO1-DIAG t= 48788.281 cyc=1633541731 LINKSTATE WR[act=00000000 buf=00000000 cnt=00000000 latch=00000000] RD[act=00000000 buf=801a9d91 cnt=000000cb] block=4 cfg=0205 DSR=0 DTR=1 stat=0007 ctrl=0227 fifo=3
SIO1-DIAG t= 48788.283 cyc=1633541759 game read DATA=01 popped=1 fifo 3->2 stat=0007
SIO1-DIAG t= 48788.284 cyc=1633541809 LINKSTATE WR[act=00000000 buf=00000000 cnt=00000000 latch=00000000] RD[act=00000000 buf=801a9d92 cnt=000000ca] block=4 cfg=0205 DSR=0 DTR=1 stat=0007 ctrl=0227 fifo=2
SIO1-DIAG t= 48788.286 cyc=1633541837 game read DATA=00 popped=1 fifo 2->1 stat=0007
SIO1-DIAG t= 48788.287 cyc=1633541887 LINKSTATE WR[act=00000000 buf=00000000 cnt=00000000 latch=00000000] RD[act=00000000 buf=801a9d93 cnt=000000c9] block=4 cfg=0205 DSR=0 DTR=1 stat=0007 ctrl=0227 fifo=1
SIO1-DIAG t= 48788.291 cyc=1633541915 game read DATA=00 popped=1 fifo 1->0 stat=0005
SIO1-DIAG t= 48788.292 cyc=1633541958 DTR 1->0 (toggle #146) pc=80153d50 ctrl=0225
SIO1-DIAG t= 48788.293 cyc=1633541958 game wrote CTRL=0225 [TXEN=1 DTR=0 RXEN=1 RTS=1 ACK=0 RESET=0 RXIRQEN=0 TXIRQEN=0] stat=0005
SIO1-DIAG t= 48788.294 cyc=1633541958 TXFC dxr=0 xts=1 ctrl=0225 initial=0
SIO1-DIAG t= 48788.296 cyc=1633541958 TXMSG #178 size=4 bytes=12 02 10
SIO1-DIAG t= 48788.300 cyc=1633541981 LINKSTATE WR[act=00000000 buf=00000000 cnt=00000000 latch=00000000] RD[act=00000000 buf=801a9d94 cnt=000000c8] block=4 cfg=0205 DSR=0 DTR=0 stat=0005 ctrl=0225 fifo=0
SIO1-DIAG t= 48788.301 cyc=1633541981 game read STAT=0005 ctrl=0225 [DSR=0 CTS=0 RXRDY=0] pc=80153c88 (prev value held for 6 reads) totalReads=82158
SIO1-DIAG t= 48792.194 cyc=1633563098 RXMSG #588 declared=5 got=5 bytes=0a 03 0a
SIO1-DIAG t= 48792.202 cyc=1633563098 RX accept #585 byte=96 fifo=1 ctrl=0225
SIO1-DIAG t= 48792.204 cyc=1633563098 RXMSG #589 declared=5 got=5 bytes=0a 03 0a
SIO1-DIAG t= 48792.205 cyc=1633563098 RX accept #586 byte=00 fifo=2 ctrl=0225
SIO1-DIAG t= 48792.206 cyc=1633563098 RXMSG #590 declared=5 got=5 bytes=0a 03 0a
SIO1-DIAG t= 48792.207 cyc=1633563098 RX accept #587 byte=00 fifo=3 ctrl=0225
SIO1-DIAG t= 48792.208 cyc=1633563098 RXMSG #591 declared=5 got=5 bytes=0a 03 0a
SIO1-DIAG t= 48792.215 cyc=1633563098 RX accept #588 byte=00 fifo=4 ctrl=0225
SIO1-DIAG t= 48792.216 cyc=1633563098 DRAIN 4 messages in one poll
SIO1-DIAG t= 48792.217 cyc=1633563139 game read STAT=0007 ctrl=0225 [DSR=0 CTS=0 RXRDY=1] pc=80153ce4 (prev value held for 371 reads) totalReads=82530
SIO1-DIAG t= 48792.219 cyc=1633563156 game read DATA=96 popped=1 fifo 4->3 stat=0007
SIO1-DIAG t= 48792.221 cyc=1633563206 LINKSTATE WR[act=00000000 buf=00000000 cnt=00000000 latch=00000000] RD[act=00000000 buf=801a9d95 cnt=000000c7] block=4 cfg=0205 DSR=0 DTR=0 stat=0007 ctrl=0225 fifo=3
SIO1-DIAG t= 48792.223 cyc=1633563234 game read DATA=00 popped=1 fifo 3->2 stat=0007
SIO1-DIAG t= 48792.224 cyc=1633563284 LINKSTATE WR[act=00000000 buf=00000000 cnt=00000000 latch=00000000] RD[act=00000000 buf=801a9d96 cnt=000000c6] block=4 cfg=0205 DSR=0 DTR=0 stat=0007 ctrl=0225 fifo=2
SIO1-DIAG t= 48792.232 cyc=1633563312 game read DATA=00 popped=1 fifo 2->1 stat=0007
SIO1-DIAG t= 48792.234 cyc=1633563362 LINKSTATE WR[act=00000000 buf=00000000 cnt=00000000 latch=00000000] RD[act=00000000 buf=801a9d97 cnt=000000c5] block=4 cfg=0205 DSR=0 DTR=0 stat=0007 ctrl=0225 fifo=1
SIO1-DIAG t= 48792.236 cyc=1633563390 game read DATA=00 popped=1 fifo 1->0 stat=0005
SIO1-DIAG t= 48792.238 cyc=1633563433 DTR 0->1 (toggle #147) pc=80153d50 ctrl=0227
SIO1-DIAG t= 48792.240 cyc=1633563433 game wrote CTRL=0227 [TXEN=1 DTR=1 RXEN=1 RTS=1 ACK=0 RESET=0 RXIRQEN=0 TXIRQEN=0] stat=0005
SIO1-DIAG t= 48792.241 cyc=1633563433 TXFC dxr=1 xts=1 ctrl=0227 initial=0
SIO1-DIAG t= 48792.243 cyc=1633563433 TXMSG #179 size=6 bytes=12 04 08
SIO1-DIAG t= 48792.250 cyc=1633563456 LINKSTATE WR[act=00000000 buf=00000000 cnt=00000000 latch=00000000] RD[act=00000000 buf=801a9d98 cnt=000000c4] block=4 cfg=0205 DSR=0 DTR=1 stat=0005 ctrl=0227 fifo=0
SIO1-DIAG t= 48792.255 cyc=1633563456 game read STAT=0005 ctrl=0227 [DSR=0 CTS=0 RXRDY=0] pc=80153c88 (prev value held for 6 reads) totalReads=82537
SIO1-DIAG t= 48796.749 cyc=1633586706 RXMSG #592 declared=5 got=5 bytes=0a 03 0a
SIO1-DIAG t= 48796.764 cyc=1633586706 RX accept #589 byte=28 fifo=1 ctrl=0227
SIO1-DIAG t= 48796.766 cyc=1633586706 RXMSG #593 declared=5 got=5 bytes=0a 03 0a
SIO1-DIAG t= 48796.768 cyc=1633586706 RX accept #590 byte=00 fifo=2 ctrl=0227
SIO1-DIAG t= 48796.770 cyc=1633586706 RXMSG #594 declared=5 got=5 bytes=0a 03 0a
SIO1-DIAG t= 48796.771 cyc=1633586706 RX accept #591 byte=00 fifo=3 ctrl=0227
SIO1-DIAG t= 48796.773 cyc=1633586706 RXMSG #595 declared=5 got=5 bytes=0a 03 0a
SIO1-DIAG t= 48796.774 cyc=1633586706 RX accept #592 byte=00 fifo=4 ctrl=0227
SIO1-DIAG t= 48796.775 cyc=1633586706 DRAIN 4 messages in one poll
SIO1-DIAG t= 48796.777 cyc=1633586723 game read STAT=0007 ctrl=0227 [DSR=0 CTS=0 RXRDY=1] pc=80153ce4 (prev value held for 408 reads) totalReads=82946
SIO1-DIAG t= 48796.780 cyc=1633586740 game read DATA=28 popped=1 fifo 4->3 stat=0007
SIO1-DIAG t= 48796.783 cyc=1633586790 LINKSTATE WR[act=00000000 buf=00000000 cnt=00000000 latch=00000000] RD[act=00000000 buf=801a9d99 cnt=000000c3] block=4 cfg=0205 DSR=0 DTR=1 stat=0007 ctrl=0227 fifo=3
SIO1-DIAG t= 48796.793 cyc=1633586818 game read DATA=00 popped=1 fifo 3->2 stat=0007
SIO1-DIAG t= 48796.795 cyc=1633586868 LINKSTATE WR[act=00000000 buf=00000000 cnt=00000000 latch=00000000] RD[act=00000000 buf=801a9d9a cnt=000000c2] block=4 cfg=0205 DSR=0 DTR=1 stat=0007 ctrl=0227 fifo=2
SIO1-DIAG t= 48796.798 cyc=1633586896 game read DATA=00 popped=1 fifo 2->1 stat=0007
SIO1-DIAG t= 48796.799 cyc=1633586946 LINKSTATE WR[act=00000000 buf=00000000 cnt=00000000 latch=00000000] RD[act=00000000 buf=801a9d9b cnt=000000c1] block=4 cfg=0205 DSR=0 DTR=1 stat=0007 ctrl=0227 fifo=1
SIO1-DIAG t= 48796.801 cyc=1633586974 game read DATA=00 popped=1 fifo 1->0 stat=0005
SIO1-DIAG t= 48796.803 cyc=1633587017 DTR 1->0 (toggle #148) pc=80153d50 ctrl=0225
SIO1-DIAG t= 48796.805 cyc=1633587017 game wrote CTRL=0225 [TXEN=1 DTR=0 RXEN=1 RTS=1 ACK=0 RESET=0 RXIRQEN=0 TXIRQEN=0] stat=0005
SIO1-DIAG t= 48796.807 cyc=1633587017 TXFC dxr=0 xts=1 ctrl=0225 initial=0
SIO1-DIAG t= 48796.809 cyc=1633587017 TXMSG #180 size=4 bytes=12 02 10
SIO1-DIAG t= 48796.814 cyc=1633587040 LINKSTATE WR[act=00000000 buf=00000000 cnt=00000000 latch=00000000] RD[act=00000000 buf=801a9d9c cnt=000000c0] block=4 cfg=0205 DSR=0 DTR=0 stat=0005 ctrl=0225 fifo=0
SIO1-DIAG t= 48796.816 cyc=1633587040 game read STAT=0005 ctrl=0225 [DSR=0 CTS=0 RXRDY=0] pc=80153c88 (prev value held for 6 reads) totalReads=82953
SIO1-DIAG t= 48800.636 cyc=1633608167 RXMSG #596 declared=5 got=5 bytes=0a 03 0a
SIO1-DIAG t= 48800.644 cyc=1633608167 RX accept #593 byte=0d fifo=1 ctrl=0225
SIO1-DIAG t= 48800.646 cyc=1633608167 RXMSG #597 declared=5 got=5 bytes=0a 03 0a
SIO1-DIAG t= 48800.647 cyc=1633608167 RX accept #594 byte=00 fifo=2 ctrl=0225
SIO1-DIAG t= 48800.650 cyc=1633608167 RXMSG #598 declared=5 got=5 bytes=0a 03 0a
SIO1-DIAG t= 48800.651 cyc=1633608167 RX accept #595 byte=00 fifo=3 ctrl=0225
SIO1-DIAG t= 48800.652 cyc=1633608167 RXMSG #599 declared=5 got=5 bytes=0a 03 0a
SIO1-DIAG t= 48800.654 cyc=1633608167 RX accept #596 byte=00 fifo=4 ctrl=0225
SIO1-DIAG t= 48800.655 cyc=1633608167 DRAIN 4 messages in one poll
SIO1-DIAG t= 48800.657 cyc=1633608198 game read STAT=0007 ctrl=0225 [DSR=0 CTS=0 RXRDY=1] pc=80153ce4 (prev value held for 371 reads) totalReads=83325
SIO1-DIAG t= 48800.659 cyc=1633608215 game read DATA=0d popped=1 fifo 4->3 stat=0007
SIO1-DIAG t= 48800.661 cyc=1633608265 LINKSTATE WR[act=00000000 buf=00000000 cnt=00000000 latch=00000000] RD[act=00000000 buf=801a9d9d cnt=000000bf] block=4 cfg=0205 DSR=0 DTR=0 stat=0007 ctrl=0225 fifo=3
SIO1-DIAG t= 48800.664 cyc=1633608293 game read DATA=00 popped=1 fifo 3->2 stat=0007
SIO1-DIAG t= 48800.666 cyc=1633608343 LINKSTATE WR[act=00000000 buf=00000000 cnt=00000000 latch=00000000] RD[act=00000000 buf=801a9d9e cnt=000000be] block=4 cfg=0205 DSR=0 DTR=0 stat=0007 ctrl=0225 fifo=2
SIO1-DIAG t= 48800.673 cyc=1633608371 game read DATA=00 popped=1 fifo 2->1 stat=0007
SIO1-DIAG t= 48800.680 cyc=1633608421 LINKSTATE WR[act=00000000 buf=00000000 cnt=00000000 latch=00000000] RD[act=00000000 buf=801a9d9f cnt=000000bd] block=4 cfg=0205 DSR=0 DTR=0 stat=0007 ctrl=0225 fifo=1
SIO1-DIAG t= 48800.682 cyc=1633608449 game read DATA=00 popped=1 fifo 1->0 stat=0005
SIO1-DIAG t= 48800.683 cyc=1633608492 DTR 0->1 (toggle #149) pc=80153d50 ctrl=0227
SIO1-DIAG t= 48800.684 cyc=1633608492 game wrote CTRL=0227 [TXEN=1 DTR=1 RXEN=1 RTS=1 ACK=0 RESET=0 RXIRQEN=0 TXIRQEN=0] stat=0005
SIO1-DIAG t= 48800.686 cyc=1633608492 TXFC dxr=1 xts=1 ctrl=0227 initial=0
SIO1-DIAG t= 48800.687 cyc=1633608492 TXMSG #181 size=6 bytes=12 04 08
SIO1-DIAG t= 48800.691 cyc=1633608515 LINKSTATE WR[act=00000000 buf=00000000 cnt=00000000 latch=00000000] RD[act=00000000 buf=801a9da0 cnt=000000bc] block=4 cfg=0205 DSR=0 DTR=1 stat=0005 ctrl=0227 fifo=0
SIO1-DIAG t= 48800.694 cyc=1633608515 game read STAT=0005 ctrl=0227 [DSR=0 CTS=0 RXRDY=0] pc=80153c88 (prev value held for 6 reads) totalReads=83332
SIO1-DIAG t= 48804.816 cyc=1633631777 RXMSG #600 declared=5 got=5 bytes=0a 03 0a
SIO1-DIAG t= 48804.830 cyc=1633631777 RX accept #597 byte=01 fifo=1 ctrl=0227
SIO1-DIAG t= 48804.832 cyc=1633631782 game read STAT=0007 ctrl=0227 [DSR=0 CTS=0 RXRDY=1] pc=80153ce4 (prev value held for 408 reads) totalReads=83741
SIO1-DIAG t= 48804.834 cyc=1633631799 game read DATA=01 popped=1 fifo 1->0 stat=0005
SIO1-DIAG t= 48804.837 cyc=1633631849 LINKSTATE WR[act=00000000 buf=00000000 cnt=00000000 latch=00000000] RD[act=00000000 buf=801a9da1 cnt=000000bb] block=4 cfg=0205 DSR=0 DTR=1 stat=0005 ctrl=0227 fifo=0
SIO1-DIAG t= 48804.848 cyc=1633631849 game read STAT=0005 ctrl=0227 [DSR=0 CTS=0 RXRDY=0] pc=80153c88 (prev value held for 0 reads) totalReads=83742
SIO1-DIAG t= 48805.889 cyc=1633638213 RXMSG #601 declared=5 got=5 bytes=0a 03 0a
SIO1-DIAG t= 48805.892 cyc=1633638213 RX accept #598 byte=00 fifo=1 ctrl=0227
SIO1-DIAG t= 48805.893 cyc=1633638213 RXMSG #602 declared=5 got=5 bytes=0a 03 0a
SIO1-DIAG t= 48805.895 cyc=1633638213 RX accept #599 byte=00 fifo=2 ctrl=0227
SIO1-DIAG t= 48805.896 cyc=1633638213 RXMSG #603 declared=5 got=5 bytes=0a 03 0a
SIO1-DIAG t= 48805.897 cyc=1633638213 RX accept #600 byte=00 fifo=3 ctrl=0227
SIO1-DIAG t= 48805.898 cyc=1633638213 DRAIN 3 messages in one poll
SIO1-DIAG t= 48805.899 cyc=1633638244 game read STAT=0007 ctrl=0227 [DSR=0 CTS=0 RXRDY=1] pc=80153ce4 (prev value held for 112 reads) totalReads=83855
SIO1-DIAG t= 48805.900 cyc=1633638261 game read DATA=00 popped=1 fifo 3->2 stat=0007
SIO1-DIAG t= 48805.902 cyc=1633638311 LINKSTATE WR[act=00000000 buf=00000000 cnt=00000000 latch=00000000] RD[act=00000000 buf=801a9da2 cnt=000000ba] block=4 cfg=0205 DSR=0 DTR=1 stat=0007 ctrl=0227 fifo=2
SIO1-DIAG t= 48805.904 cyc=1633638339 game read DATA=00 popped=1 fifo 2->1 stat=0007
SIO1-DIAG t= 48805.905 cyc=1633638389 LINKSTATE WR[act=00000000 buf=00000000 cnt=00000000 latch=00000000] RD[act=00000000 buf=801a9da3 cnt=000000b9] block=4 cfg=0205 DSR=0 DTR=1 stat=0007 ctrl=0227 fifo=1
SIO1-DIAG t= 48805.907 cyc=1633638417 game read DATA=00 popped=1 fifo 1->0 stat=0005
SIO1-DIAG t= 48805.914 cyc=1633638460 DTR 1->0 (toggle #150) pc=80153d50 ctrl=0225
SIO1-DIAG t= 48805.915 cyc=1633638460 game wrote CTRL=0225 [TXEN=1 DTR=0 RXEN=1 RTS=1 ACK=0 RESET=0 RXIRQEN=0 TXIRQEN=0] stat=0005
SIO1-DIAG t= 48805.917 cyc=1633638460 TXFC dxr=0 xts=1 ctrl=0225 initial=0
SIO1-DIAG t= 48805.918 cyc=1633638460 TXMSG #182 size=4 bytes=12 02 10
SIO1-DIAG t= 48805.924 cyc=1633638483 LINKSTATE WR[act=00000000 buf=00000000 cnt=00000000 latch=00000000] RD[act=00000000 buf=801a9da4 cnt=000000b8] block=4 cfg=0205 DSR=0 DTR=0 stat=0005 ctrl=0225 fifo=0
SIO1-DIAG t= 48805.926 cyc=1633638483 game read STAT=0005 ctrl=0225 [DSR=0 CTS=0 RXRDY=0] pc=80153c88 (prev value held for 4 reads) totalReads=83860
SIO1-DIAG t= 48812.079 cyc=1633672549 RXMSG #604 declared=5 got=5 bytes=0a 03 0a
SIO1-DIAG t= 48812.096 cyc=1633672549 RX accept #601 byte=23 fifo=1 ctrl=0225
SIO1-DIAG t= 48812.098 cyc=1633672580 game read STAT=0007 ctrl=0225 [DSR=0 CTS=0 RXRDY=1] pc=80153ce4 (prev value held for 598 reads) totalReads=84459
SIO1-DIAG t= 48812.101 cyc=1633672597 game read DATA=23 popped=1 fifo 1->0 stat=0005
SIO1-DIAG t= 48812.103 cyc=1633672647 LINKSTATE WR[act=00000000 buf=00000000 cnt=00000000 latch=00000000] RD[act=00000000 buf=801a9da5 cnt=000000b7] block=4 cfg=0205 DSR=0 DTR=0 stat=0005 ctrl=0225 fifo=0
SIO1-DIAG t= 48812.105 cyc=1633672647 game read STAT=0005 ctrl=0225 [DSR=0 CTS=0 RXRDY=0] pc=80153c88 (prev value held for 0 reads) totalReads=84460
SIO1-DIAG t= 48813.055 cyc=1633678984 RXMSG #605 declared=5 got=5 bytes=0a 03 0a
SIO1-DIAG t= 48813.065 cyc=1633678984 RX accept #602 byte=00 fifo=1 ctrl=0225
SIO1-DIAG t= 48813.066 cyc=1633678984 RXMSG #606 declared=5 got=5 bytes=0a 03 0a
SIO1-DIAG t= 48813.067 cyc=1633678984 RX accept #603 byte=00 fifo=2 ctrl=0225
SIO1-DIAG t= 48813.068 cyc=1633678984 DRAIN 2 messages in one poll
SIO1-DIAG t= 48813.069 cyc=1633678985 game read STAT=0007 ctrl=0225 [DSR=0 CTS=0 RXRDY=1] pc=80153ce4 (prev value held for 111 reads) totalReads=84572
SIO1-DIAG t= 48813.071 cyc=1633679002 game read DATA=00 popped=1 fifo 2->1 stat=0007
SIO1-DIAG t= 48813.072 cyc=1633679052 LINKSTATE WR[act=00000000 buf=00000000 cnt=00000000 latch=00000000] RD[act=00000000 buf=801a9da6 cnt=000000b6] block=4 cfg=0205 DSR=0 DTR=0 stat=0007 ctrl=0225 fifo=1
SIO1-DIAG t= 48813.074 cyc=1633679080 game read DATA=00 popped=1 fifo 1->0 stat=0005
SIO1-DIAG t= 48813.076 cyc=1633679130 LINKSTATE WR[act=00000000 buf=00000000 cnt=00000000 latch=00000000] RD[act=00000000 buf=801a9da7 cnt=000000b5] block=4 cfg=0205 DSR=0 DTR=0 stat=0005 ctrl=0225 fifo=0
SIO1-DIAG t= 48813.077 cyc=1633679130 game read STAT=0005 ctrl=0225 [DSR=0 CTS=0 RXRDY=0] pc=80153c88 (prev value held for 2 reads) totalReads=84575
SIO1-DIAG t= 48813.083 cyc=1633681131 RXMSG #607 declared=5 got=5 bytes=0a 03 0a
SIO1-DIAG t= 48813.084 cyc=1633681131 RX accept #604 byte=00 fifo=1 ctrl=0225
SIO1-DIAG t= 48813.085 cyc=1633681136 game read STAT=0007 ctrl=0225 [DSR=0 CTS=0 RXRDY=1] pc=80153ce4 (prev value held for 35 reads) totalReads=84611
SIO1-DIAG t= 48813.089 cyc=1633681153 game read DATA=00 popped=1 fifo 1->0 stat=0005
SIO1-DIAG t= 48813.090 cyc=1633681196 DTR 0->1 (toggle #151) pc=80153d50 ctrl=0227
SIO1-DIAG t= 48813.092 cyc=1633681196 game wrote CTRL=0227 [TXEN=1 DTR=1 RXEN=1 RTS=1 ACK=0 RESET=0 RXIRQEN=0 TXIRQEN=0] stat=0005
SIO1-DIAG t= 48813.093 cyc=1633681196 TXFC dxr=1 xts=1 ctrl=0227 initial=0
SIO1-DIAG t= 48813.095 cyc=1633681196 TXMSG #183 size=6 bytes=12 04 08
SIO1-DIAG t= 48813.102 cyc=1633681219 LINKSTATE WR[act=00000000 buf=00000000 cnt=00000000 latch=00000000] RD[act=00000000 buf=801a9da8 cnt=000000b4] block=4 cfg=0205 DSR=0 DTR=1 stat=0005 ctrl=0227 fifo=0
SIO1-DIAG t= 48813.104 cyc=1633681219 game read STAT=0005 ctrl=0227 [DSR=0 CTS=0 RXRDY=0] pc=80153c88 (prev value held for 0 reads) totalReads=84612
SIO1-DIAG t= 48821.671 cyc=1633730494 RXMSG #608 declared=5 got=5 bytes=0a 03 0a
SIO1-DIAG t= 48821.677 cyc=1633730494 RX accept #605 byte=02 fifo=1 ctrl=0227
SIO1-DIAG t= 48821.679 cyc=1633730494 RXMSG #609 declared=5 got=5 bytes=0a 03 0a
SIO1-DIAG t= 48821.680 cyc=1633730494 RX accept #606 byte=00 fifo=2 ctrl=0227
SIO1-DIAG t= 48821.681 cyc=1633730494 RXMSG #610 declared=5 got=5 bytes=0a 03 0a
SIO1-DIAG t= 48821.682 cyc=1633730494 RX accept #607 byte=00 fifo=3 ctrl=0227
SIO1-DIAG t= 48821.683 cyc=1633730494 DRAIN 3 messages in one poll
SIO1-DIAG t= 48821.691 cyc=1633730535 game read STAT=0007 ctrl=0227 [DSR=0 CTS=0 RXRDY=1] pc=80153ce4 (prev value held for 865 reads) totalReads=85478
SIO1-DIAG t= 48821.693 cyc=1633730552 game read DATA=02 popped=1 fifo 3->2 stat=0007
SIO1-DIAG t= 48821.695 cyc=1633730602 LINKSTATE WR[act=00000000 buf=00000000 cnt=00000000 latch=00000000] RD[act=00000000 buf=801a9da9 cnt=000000b3] block=4 cfg=0205 DSR=0 DTR=1 stat=0007 ctrl=0227 fifo=2
SIO1-DIAG t= 48821.697 cyc=1633730630 game read DATA=00 popped=1 fifo 2->1 stat=0007
SIO1-DIAG t= 48821.703 cyc=1633730680 LINKSTATE WR[act=00000000 buf=00000000 cnt=00000000 latch=00000000] RD[act=00000000 buf=801a9daa cnt=000000b2] block=4 cfg=0205 DSR=0 DTR=1 stat=0007 ctrl=0227 fifo=1
SIO1-DIAG t= 48821.705 cyc=1633730708 game read DATA=00 popped=1 fifo 1->0 stat=0005
SIO1-DIAG t= 48821.706 cyc=1633730758 LINKSTATE WR[act=00000000 buf=00000000 cnt=00000000 latch=00000000] RD[act=00000000 buf=801a9dab cnt=000000b1] block=4 cfg=0205 DSR=0 DTR=1 stat=0005 ctrl=0227 fifo=0
SIO1-DIAG t= 48821.707 cyc=1633730758 game read STAT=0005 ctrl=0227 [DSR=0 CTS=0 RXRDY=0] pc=80153c88 (prev value held for 4 reads) totalReads=85483
SIO1-DIAG t= 48823.554 cyc=1633741216 RXMSG #611 declared=5 got=5 bytes=0a 03 0a
SIO1-DIAG t= 48823.559 cyc=1633741216 RX accept #608 byte=00 fifo=1 ctrl=0227
SIO1-DIAG t= 48823.560 cyc=1633741257 game read STAT=0007 ctrl=0227 [DSR=0 CTS=0 RXRDY=1] pc=80153ce4 (prev value held for 184 reads) totalReads=85668
SIO1-DIAG t= 48823.562 cyc=1633741274 game read DATA=00 popped=1 fifo 1->0 stat=0005
SIO1-DIAG t= 48823.564 cyc=1633741317 DTR 1->0 (toggle #152) pc=80153d50 ctrl=0225
SIO1-DIAG t= 48823.583 cyc=1633741317 game wrote CTRL=0225 [TXEN=1 DTR=0 RXEN=1 RTS=1 ACK=0 RESET=0 RXIRQEN=0 TXIRQEN=0] stat=0005
SIO1-DIAG t= 48823.585 cyc=1633741317 TXFC dxr=0 xts=1 ctrl=0225 initial=0
SIO1-DIAG t= 48823.587 cyc=1633741317 TXMSG #184 size=4 bytes=12 02 10
SIO1-DIAG t= 48823.593 cyc=1633741340 LINKSTATE WR[act=00000000 buf=00000000 cnt=00000000 latch=00000000] RD[act=00000000 buf=801a9dac cnt=000000b0] block=4 cfg=0205 DSR=0 DTR=0 stat=0005 ctrl=0225 fifo=0
SIO1-DIAG t= 48823.596 cyc=1633741340 game read STAT=0005 ctrl=0225 [DSR=0 CTS=0 RXRDY=0] pc=80153c88 (prev value held for 0 reads) totalReads=85669
SIO1-DIAG t= 48827.033 cyc=1633760535 RXMSG #612 declared=5 got=5 bytes=0a 03 0a
SIO1-DIAG t= 48827.041 cyc=1633760535 RX accept #609 byte=00 fifo=1 ctrl=0225
SIO1-DIAG t= 48827.043 cyc=1633760535 RXMSG #613 declared=5 got=5 bytes=0a 03 0a
SIO1-DIAG t= 48827.044 cyc=1633760535 RX accept #610 byte=00 fifo=2 ctrl=0225
SIO1-DIAG t= 48827.045 cyc=1633760535 RXMSG #614 declared=5 got=5 bytes=0a 03 0a
SIO1-DIAG t= 48827.046 cyc=1633760535 RX accept #611 byte=00 fifo=3 ctrl=0225
SIO1-DIAG t= 48827.047 cyc=1633760535 RXMSG #615 declared=5 got=5 bytes=0a 03 0a
SIO1-DIAG t= 48827.048 cyc=1633760535 RX accept #612 byte=00 fifo=4 ctrl=0225
SIO1-DIAG t= 48827.049 cyc=1633760535 DRAIN 4 messages in one poll
SIO1-DIAG t= 48827.057 cyc=1633760560 game read STAT=0007 ctrl=0225 [DSR=0 CTS=0 RXRDY=1] pc=80153ce4 (prev value held for 337 reads) totalReads=86007
SIO1-DIAG t= 48827.059 cyc=1633760577 game read DATA=00 popped=1 fifo 4->3 stat=0007
SIO1-DIAG t= 48827.061 cyc=1633760627 LINKSTATE WR[act=00000000 buf=00000000 cnt=00000000 latch=00000000] RD[act=00000000 buf=801a9dad cnt=000000af] block=4 cfg=0205 DSR=0 DTR=0 stat=0007 ctrl=0225 fifo=3
SIO1-DIAG t= 48827.063 cyc=1633760655 game read DATA=00 popped=1 fifo 3->2 stat=0007
SIO1-DIAG t= 48827.064 cyc=1633760705 LINKSTATE WR[act=00000000 buf=00000000 cnt=00000000 latch=00000000] RD[act=00000000 buf=801a9dae cnt=000000ae] block=4 cfg=0205 DSR=0 DTR=0 stat=0007 ctrl=0225 fifo=2
SIO1-DIAG t= 48827.066 cyc=1633760733 game read DATA=00 popped=1 fifo 2->1 stat=0007
SIO1-DIAG t= 48827.067 cyc=1633760783 LINKSTATE WR[act=00000000 buf=00000000 cnt=00000000 latch=00000000] RD[act=00000000 buf=801a9daf cnt=000000ad] block=4 cfg=0205 DSR=0 DTR=0 stat=0007 ctrl=0225 fifo=1
SIO1-DIAG t= 48827.069 cyc=1633760811 game read DATA=00 popped=1 fifo 1->0 stat=0005
SIO1-DIAG t= 48827.070 cyc=1633760854 DTR 0->1 (toggle #153) pc=80153d50 ctrl=0227
SIO1-DIAG t= 48827.071 cyc=1633760854 game wrote CTRL=0227 [TXEN=1 DTR=1 RXEN=1 RTS=1 ACK=0 RESET=0 RXIRQEN=0 TXIRQEN=0] stat=0005
SIO1-DIAG t= 48827.073 cyc=1633760854 TXFC dxr=1 xts=1 ctrl=0227 initial=0
SIO1-DIAG t= 48827.074 cyc=1633760854 TXMSG #185 size=6 bytes=12 04 08
SIO1-DIAG t= 48827.082 cyc=1633760877 LINKSTATE WR[act=00000000 buf=00000000 cnt=00000000 latch=00000000] RD[act=00000000 buf=801a9db0 cnt=000000ac] block=4 cfg=0205 DSR=0 DTR=1 stat=0005 ctrl=0227 fifo=0
SIO1-DIAG t= 48827.089 cyc=1633760877 game read STAT=0005 ctrl=0227 [DSR=0 CTS=0 RXRDY=0] pc=80153c88 (prev value held for 6 reads) totalReads=86014
SIO1-DIAG t= 48827.091 cyc=1633760945 STAT poll sample pc=80153ce4 stat=0005 reads=86016
SIO1-DIAG t= 48830.644 cyc=1633779844 RXMSG #616 declared=5 got=5 bytes=0a 03 0a
SIO1-DIAG t= 48830.654 cyc=1633779844 RX accept #613 byte=00 fifo=1 ctrl=0227
SIO1-DIAG t= 48830.656 cyc=1633779844 RXMSG #617 declared=5 got=5 bytes=0a 03 0a
SIO1-DIAG t= 48830.657 cyc=1633779844 RX accept #614 byte=00 fifo=2 ctrl=0227
SIO1-DIAG t= 48830.658 cyc=1633779844 RXMSG #618 declared=5 got=5 bytes=0a 03 0a
SIO1-DIAG t= 48830.659 cyc=1633779844 RX accept #615 byte=00 fifo=3 ctrl=0227
SIO1-DIAG t= 48830.660 cyc=1633779844 DRAIN 3 messages in one poll
SIO1-DIAG t= 48830.661 cyc=1633779869 game read STAT=0007 ctrl=0227 [DSR=0 CTS=0 RXRDY=1] pc=80153ce4 (prev value held for 333 reads) totalReads=86348
SIO1-DIAG t= 48830.663 cyc=1633779886 game read DATA=00 popped=1 fifo 3->2 stat=0007
SIO1-DIAG t= 48830.665 cyc=1633779936 LINKSTATE WR[act=00000000 buf=00000000 cnt=00000000 latch=00000000] RD[act=00000000 buf=801a9db1 cnt=000000ab] block=4 cfg=0205 DSR=0 DTR=1 stat=0007 ctrl=0227 fifo=2
SIO1-DIAG t= 48830.667 cyc=1633779964 game read DATA=00 popped=1 fifo 2->1 stat=0007
SIO1-DIAG t= 48830.669 cyc=1633780014 LINKSTATE WR[act=00000000 buf=00000000 cnt=00000000 latch=00000000] RD[act=00000000 buf=801a9db2 cnt=000000aa] block=4 cfg=0205 DSR=0 DTR=1 stat=0007 ctrl=0227 fifo=1
SIO1-DIAG t= 48830.677 cyc=1633780042 game read DATA=00 popped=1 fifo 1->0 stat=0005
SIO1-DIAG t= 48830.678 cyc=1633780092 LINKSTATE WR[act=00000000 buf=00000000 cnt=00000000 latch=00000000] RD[act=00000000 buf=801a9db3 cnt=000000a9] block=4 cfg=0205 DSR=0 DTR=1 stat=0005 ctrl=0227 fifo=0
SIO1-DIAG t= 48830.679 cyc=1633780092 game read STAT=0005 ctrl=0227 [DSR=0 CTS=0 RXRDY=0] pc=80153c88 (prev value held for 4 reads) totalReads=86353
SIO1-DIAG t= 48831.042 cyc=1633782000 RXMSG #619 declared=5 got=5 bytes=0a 03 0a
SIO1-DIAG t= 48831.043 cyc=1633782000 RX accept #616 byte=00 fifo=1 ctrl=0227
SIO1-DIAG t= 48831.044 cyc=1633782041 game read STAT=0007 ctrl=0227 [DSR=0 CTS=0 RXRDY=1] pc=80153ce4 (prev value held for 34 reads) totalReads=86388
SIO1-DIAG t= 48831.046 cyc=1633782058 game read DATA=00 popped=1 fifo 1->0 stat=0005
SIO1-DIAG t= 48831.047 cyc=1633782101 DTR 1->0 (toggle #154) pc=80153d50 ctrl=0225
SIO1-DIAG t= 48831.048 cyc=1633782101 game wrote CTRL=0225 [TXEN=1 DTR=0 RXEN=1 RTS=1 ACK=0 RESET=0 RXIRQEN=0 TXIRQEN=0] stat=0005
SIO1-DIAG t= 48831.050 cyc=1633782101 TXFC dxr=0 xts=1 ctrl=0225 initial=0
SIO1-DIAG t= 48831.051 cyc=1633782101 TXMSG #186 size=4 bytes=12 02 10
SIO1-DIAG t= 48831.056 cyc=1633782124 LINKSTATE WR[act=00000000 buf=00000000 cnt=00000000 latch=00000000] RD[act=00000000 buf=801a9db4 cnt=000000a8] block=4 cfg=0205 DSR=0 DTR=0 stat=0005 ctrl=0225 fifo=0
SIO1-DIAG t= 48831.060 cyc=1633782124 game read STAT=0005 ctrl=0225 [DSR=0 CTS=0 RXRDY=0] pc=80153c88 (prev value held for 0 reads) totalReads=86389
SIO1-DIAG t= 48836.197 cyc=1633809889 RXMSG #620 declared=5 got=5 bytes=0a 03 0a
SIO1-DIAG t= 48836.212 cyc=1633809889 RX accept #617 byte=01 fifo=1 ctrl=0225
SIO1-DIAG t= 48836.215 cyc=1633809889 RXMSG #621 declared=5 got=5 bytes=0a 03 0a
SIO1-DIAG t= 48836.217 cyc=1633809889 RX accept #618 byte=00 fifo=2 ctrl=0225
SIO1-DIAG t= 48836.219 cyc=1633809889 RXMSG #622 declared=5 got=5 bytes=0a 03 0a
SIO1-DIAG t= 48836.220 cyc=1633809889 RX accept #619 byte=00 fifo=3 ctrl=0225
SIO1-DIAG t= 48836.222 cyc=1633809889 RXMSG #623 declared=5 got=5 bytes=0a 03 0a
SIO1-DIAG t= 48836.224 cyc=1633809889 RX accept #620 byte=00 fifo=4 ctrl=0225
SIO1-DIAG t= 48836.225 cyc=1633809889 DRAIN 4 messages in one poll
SIO1-DIAG t= 48836.237 cyc=1633809894 game read STAT=0007 ctrl=0225 [DSR=0 CTS=0 RXRDY=1] pc=80153ce4 (prev value held for 487 reads) totalReads=86877
SIO1-DIAG t= 48836.240 cyc=1633809911 game read DATA=01 popped=1 fifo 4->3 stat=0007
SIO1-DIAG t= 48836.243 cyc=1633809961 LINKSTATE WR[act=00000000 buf=00000000 cnt=00000000 latch=00000000] RD[act=00000000 buf=801a9db5 cnt=000000a7] block=4 cfg=0205 DSR=0 DTR=0 stat=0007 ctrl=0225 fifo=3
SIO1-DIAG t= 48836.253 cyc=1633809989 game read DATA=00 popped=1 fifo 3->2 stat=0007
SIO1-DIAG t= 48836.255 cyc=1633810039 LINKSTATE WR[act=00000000 buf=00000000 cnt=00000000 latch=00000000] RD[act=00000000 buf=801a9db6 cnt=000000a6] block=4 cfg=0205 DSR=0 DTR=0 stat=0007 ctrl=0225 fifo=2
SIO1-DIAG t= 48836.268 cyc=1633810067 game read DATA=00 popped=1 fifo 2->1 stat=0007
SIO1-DIAG t= 48836.269 cyc=1633810117 LINKSTATE WR[act=00000000 buf=00000000 cnt=00000000 latch=00000000] RD[act=00000000 buf=801a9db7 cnt=000000a5] block=4 cfg=0205 DSR=0 DTR=0 stat=0007 ctrl=0225 fifo=1
SIO1-DIAG t= 48836.272 cyc=1633810145 game read DATA=00 popped=1 fifo 1->0 stat=0005
SIO1-DIAG t= 48836.274 cyc=1633810188 DTR 0->1 (toggle #155) pc=80153d50 ctrl=0227
SIO1-DIAG t= 48836.276 cyc=1633810188 game wrote CTRL=0227 [TXEN=1 DTR=1 RXEN=1 RTS=1 ACK=0 RESET=0 RXIRQEN=0 TXIRQEN=0] stat=0005
SIO1-DIAG t= 48836.278 cyc=1633810188 TXFC dxr=1 xts=1 ctrl=0227 initial=0
SIO1-DIAG t= 48836.280 cyc=1633810188 TXMSG #187 size=6 bytes=12 04 08
SIO1-DIAG t= 48836.286 cyc=1633810211 LINKSTATE WR[act=00000000 buf=00000000 cnt=00000000 latch=00000000] RD[act=00000000 buf=801a9db8 cnt=000000a4] block=4 cfg=0205 DSR=0 DTR=1 stat=0005 ctrl=0227 fifo=0
SIO1-DIAG t= 48836.289 cyc=1633810211 game read STAT=0005 ctrl=0227 [DSR=0 CTS=0 RXRDY=0] pc=80153c88 (prev value held for 6 reads) totalReads=86884
SIO1-DIAG t= 48841.150 cyc=1633835643 RXMSG #624 declared=5 got=5 bytes=0a 03 0a
SIO1-DIAG t= 48841.159 cyc=1633835643 RX accept #621 byte=ec fifo=1 ctrl=0227
SIO1-DIAG t= 48841.161 cyc=1633835644 game read STAT=0007 ctrl=0227 [DSR=0 CTS=0 RXRDY=1] pc=80153ce4 (prev value held for 446 reads) totalReads=87331
SIO1-DIAG t= 48841.164 cyc=1633835661 game read DATA=ec popped=1 fifo 1->0 stat=0005
SIO1-DIAG t= 48841.184 cyc=1633835711 LINKSTATE WR[act=00000000 buf=00000000 cnt=00000000 latch=00000000] RD[act=00000000 buf=801a9db9 cnt=000000a3] block=4 cfg=0205 DSR=0 DTR=1 stat=0005 ctrl=0227 fifo=0
SIO1-DIAG t= 48841.186 cyc=1633835711 game read STAT=0005 ctrl=0227 [DSR=0 CTS=0 RXRDY=0] pc=80153c88 (prev value held for 0 reads) totalReads=87332
SIO1-DIAG t= 48842.374 cyc=1633842081 RXMSG #625 declared=5 got=5 bytes=0a 03 0a
SIO1-DIAG t= 48842.378 cyc=1633842081 RX accept #622 byte=45 fifo=1 ctrl=0227
SIO1-DIAG t= 48842.380 cyc=1633842106 game read STAT=0007 ctrl=0227 [DSR=0 CTS=0 RXRDY=1] pc=80153ce4 (prev value held for 112 reads) totalReads=87445
SIO1-DIAG t= 48842.382 cyc=1633842123 game read DATA=45 popped=1 fifo 1->0 stat=0005
SIO1-DIAG t= 48842.384 cyc=1633842173 LINKSTATE WR[act=00000000 buf=00000000 cnt=00000000 latch=00000000] RD[act=00000000 buf=801a9dba cnt=000000a2] block=4 cfg=0205 DSR=0 DTR=1 stat=0005 ctrl=0227 fifo=0
SIO1-DIAG t= 48842.386 cyc=1633842173 game read STAT=0005 ctrl=0227 [DSR=0 CTS=0 RXRDY=0] pc=80153c88 (prev value held for 0 reads) totalReads=87446
SIO1-DIAG t= 48842.393 cyc=1633844231 RXMSG #626 declared=5 got=5 bytes=0a 03 0a
SIO1-DIAG t= 48842.395 cyc=1633844231 RX accept #623 byte=02 fifo=1 ctrl=0227
SIO1-DIAG t= 48842.396 cyc=1633844231 RXMSG #627 declared=5 got=5 bytes=0a 03 0a
SIO1-DIAG t= 48842.398 cyc=1633844231 RX accept #624 byte=80 fifo=2 ctrl=0227
SIO1-DIAG t= 48842.400 cyc=1633844231 DRAIN 2 messages in one poll
SIO1-DIAG t= 48842.405 cyc=1633844236 game read STAT=0007 ctrl=0227 [DSR=0 CTS=0 RXRDY=1] pc=80153ce4 (prev value held for 36 reads) totalReads=87483
SIO1-DIAG t= 48842.406 cyc=1633844253 game read DATA=02 popped=1 fifo 2->1 stat=0007
SIO1-DIAG t= 48842.408 cyc=1633844303 LINKSTATE WR[act=00000000 buf=00000000 cnt=00000000 latch=00000000] RD[act=00000000 buf=801a9dbb cnt=000000a1] block=4 cfg=0205 DSR=0 DTR=1 stat=0007 ctrl=0227 fifo=1
SIO1-DIAG t= 48842.410 cyc=1633844331 game read DATA=80 popped=1 fifo 1->0 stat=0005
SIO1-DIAG t= 48842.411 cyc=1633844374 DTR 1->0 (toggle #156) pc=80153d50 ctrl=0225
SIO1-DIAG t= 48842.412 cyc=1633844374 game wrote CTRL=0225 [TXEN=1 DTR=0 RXEN=1 RTS=1 ACK=0 RESET=0 RXIRQEN=0 TXIRQEN=0] stat=0005
SIO1-DIAG t= 48842.417 cyc=1633844374 TXFC dxr=0 xts=1 ctrl=0225 initial=0
SIO1-DIAG t= 48842.419 cyc=1633844374 TXMSG #188 size=4 bytes=12 02 10
SIO1-DIAG t= 48842.424 cyc=1633844397 LINKSTATE WR[act=00000000 buf=00000000 cnt=00000000 latch=00000000] RD[act=00000000 buf=801a9dbc cnt=000000a0] block=4 cfg=0205 DSR=0 DTR=0 stat=0005 ctrl=0225 fifo=0
SIO1-DIAG t= 48842.426 cyc=1633844397 game read STAT=0005 ctrl=0225 [DSR=0 CTS=0 RXRDY=0] pc=80153c88 (prev value held for 2 reads) totalReads=87486
SIO1-DIAG t= 48846.349 cyc=1633865685 RXMSG #628 declared=5 got=5 bytes=0a 03 0a
SIO1-DIAG t= 48846.358 cyc=1633865685 RX accept #625 byte=00 fifo=1 ctrl=0225
SIO1-DIAG t= 48846.360 cyc=1633865726 game read STAT=0007 ctrl=0225 [DSR=0 CTS=0 RXRDY=1] pc=80153ce4 (prev value held for 374 reads) totalReads=87861
SIO1-DIAG t= 48846.369 cyc=1633865743 game read DATA=00 popped=1 fifo 1->0 stat=0005
SIO1-DIAG t= 48846.371 cyc=1633865793 LINKSTATE WR[act=00000000 buf=00000000 cnt=00000000 latch=00000000] RD[act=00000000 buf=801a9dbd cnt=0000009f] block=4 cfg=0205 DSR=0 DTR=0 stat=0005 ctrl=0225 fifo=0
SIO1-DIAG t= 48846.374 cyc=1633865793 game read STAT=0005 ctrl=0225 [DSR=0 CTS=0 RXRDY=0] pc=80153c88 (prev value held for 0 reads) totalReads=87862
SIO1-DIAG t= 48849.293 cyc=1633882863 RXMSG #629 declared=5 got=5 bytes=0a 03 0a
SIO1-DIAG t= 48849.298 cyc=1633882863 RX accept #626 byte=00 fifo=1 ctrl=0225
SIO1-DIAG t= 48849.300 cyc=1633882904 game read STAT=0007 ctrl=0225 [DSR=0 CTS=0 RXRDY=1] pc=80153ce4 (prev value held for 300 reads) totalReads=88163
SIO1-DIAG t= 48849.301 cyc=1633882921 game read DATA=00 popped=1 fifo 1->0 stat=0005
SIO1-DIAG t= 48849.303 cyc=1633882971 LINKSTATE WR[act=00000000 buf=00000000 cnt=00000000 latch=00000000] RD[act=00000000 buf=801a9dbe cnt=0000009e] block=4 cfg=0205 DSR=0 DTR=0 stat=0005 ctrl=0225 fifo=0
SIO1-DIAG t= 48849.305 cyc=1633882971 game read STAT=0005 ctrl=0225 [DSR=0 CTS=0 RXRDY=0] pc=80153c88 (prev value held for 0 reads) totalReads=88164
SIO1-DIAG t= 48849.994 cyc=1633887159 RXMSG #630 declared=5 got=5 bytes=0a 03 0a
SIO1-DIAG t= 48849.996 cyc=1633887159 RX accept #627 byte=00 fifo=1 ctrl=0225
SIO1-DIAG t= 48849.998 cyc=1633887159 RXMSG #631 declared=5 got=5 bytes=0a 03 0a
SIO1-DIAG t= 48849.999 cyc=1633887159 RX accept #628 byte=00 fifo=2 ctrl=0225
SIO1-DIAG t= 48850.001 cyc=1633887159 DRAIN 2 messages in one poll
SIO1-DIAG t= 48850.009 cyc=1633887200 game read STAT=0007 ctrl=0225 [DSR=0 CTS=0 RXRDY=1] pc=80153ce4 (prev value held for 74 reads) totalReads=88239
SIO1-DIAG t= 48850.010 cyc=1633887217 game read DATA=00 popped=1 fifo 2->1 stat=0007
SIO1-DIAG t= 48850.012 cyc=1633887267 LINKSTATE WR[act=00000000 buf=00000000 cnt=00000000 latch=00000000] RD[act=00000000 buf=801a9dbf cnt=0000009d] block=4 cfg=0205 DSR=0 DTR=0 stat=0007 ctrl=0225 fifo=1
SIO1-DIAG t= 48850.014 cyc=1633887295 game read DATA=00 popped=1 fifo 1->0 stat=0005
SIO1-DIAG t= 48850.015 cyc=1633887338 DTR 0->1 (toggle #157) pc=80153d50 ctrl=0227
SIO1-DIAG t= 48850.016 cyc=1633887338 game wrote CTRL=0227 [TXEN=1 DTR=1 RXEN=1 RTS=1 ACK=0 RESET=0 RXIRQEN=0 TXIRQEN=0] stat=0005
SIO1-DIAG t= 48850.018 cyc=1633887338 TXFC dxr=1 xts=1 ctrl=0227 initial=0
SIO1-DIAG t= 48850.019 cyc=1633887338 TXMSG #189 size=6 bytes=12 04 08
SIO1-DIAG t= 48850.025 cyc=1633887361 LINKSTATE WR[act=00000000 buf=00000000 cnt=00000000 latch=00000000] RD[act=00000000 buf=801a9dc0 cnt=0000009c] block=4 cfg=0205 DSR=0 DTR=1 stat=0005 ctrl=0227 fifo=0
SIO1-DIAG t= 48850.027 cyc=1633887361 game read STAT=0005 ctrl=0227 [DSR=0 CTS=0 RXRDY=0] pc=80153c88 (prev value held for 2 reads) totalReads=88242
SIO1-DIAG t= 48857.328 cyc=1633927921 RXMSG #632 declared=5 got=5 bytes=0a 03 0a
SIO1-DIAG t= 48857.347 cyc=1633927921 RX accept #629 byte=0b fifo=1 ctrl=0227
SIO1-DIAG t= 48857.350 cyc=1633927921 RXMSG #633 declared=5 got=5 bytes=0a 03 0a
SIO1-DIAG t= 48857.352 cyc=1633927921 RX accept #630 byte=00 fifo=2 ctrl=0227
SIO1-DIAG t= 48857.353 cyc=1633927921 RXMSG #634 declared=5 got=5 bytes=0a 03 0a
SIO1-DIAG t= 48857.354 cyc=1633927921 RX accept #631 byte=00 fifo=3 ctrl=0227
SIO1-DIAG t= 48857.360 cyc=1633927921 RXMSG #635 declared=5 got=5 bytes=0a 03 0a
SIO1-DIAG t= 48857.361 cyc=1633927921 RX accept #632 byte=00 fifo=4 ctrl=0227
SIO1-DIAG t= 48857.362 cyc=1633927921 DRAIN 4 messages in one poll
SIO1-DIAG t= 48857.364 cyc=1633927926 game read STAT=0007 ctrl=0227 [DSR=0 CTS=0 RXRDY=1] pc=80153ce4 (prev value held for 462 reads) totalReads=88705
SIO1-DIAG t= 48857.367 cyc=1633927943 game read DATA=0b popped=1 fifo 4->3 stat=0007
SIO1-DIAG t= 48857.369 cyc=1633927993 LINKSTATE WR[act=00000000 buf=00000000 cnt=00000000 latch=00000000] RD[act=00000000 buf=801a9dc1 cnt=0000009b] block=4 cfg=0205 DSR=0 DTR=1 stat=0007 ctrl=0227 fifo=3
SIO1-DIAG t= 48857.372 cyc=1633928021 game read DATA=00 popped=1 fifo 3->2 stat=0007
SIO1-DIAG t= 48857.373 cyc=1633928071 LINKSTATE WR[act=00000000 buf=00000000 cnt=00000000 latch=00000000] RD[act=00000000 buf=801a9dc2 cnt=0000009a] block=4 cfg=0205 DSR=0 DTR=1 stat=0007 ctrl=0227 fifo=2
SIO1-DIAG t= 48857.375 cyc=1633928099 game read DATA=00 popped=1 fifo 2->1 stat=0007
SIO1-DIAG t= 48857.376 cyc=1633928149 LINKSTATE WR[act=00000000 buf=00000000 cnt=00000000 latch=00000000] RD[act=00000000 buf=801a9dc3 cnt=00000099] block=4 cfg=0205 DSR=0 DTR=1 stat=0007 ctrl=0227 fifo=1
SIO1-DIAG t= 48857.378 cyc=1633928177 game read DATA=00 popped=1 fifo 1->0 stat=0005
SIO1-DIAG t= 48857.391 cyc=1633928220 DTR 1->0 (toggle #158) pc=80153d50 ctrl=0225
SIO1-DIAG t= 48857.392 cyc=1633928220 game wrote CTRL=0225 [TXEN=1 DTR=0 RXEN=1 RTS=1 ACK=0 RESET=0 RXIRQEN=0 TXIRQEN=0] stat=0005
SIO1-DIAG t= 48857.394 cyc=1633928220 TXFC dxr=0 xts=1 ctrl=0225 initial=0
SIO1-DIAG t= 48857.395 cyc=1633928220 TXMSG #190 size=4 bytes=12 02 10
SIO1-DIAG t= 48857.403 cyc=1633928243 LINKSTATE WR[act=00000000 buf=00000000 cnt=00000000 latch=00000000] RD[act=00000000 buf=801a9dc4 cnt=00000098] block=4 cfg=0205 DSR=0 DTR=0 stat=0005 ctrl=0225 fifo=0
SIO1-DIAG t= 48857.405 cyc=1633928243 game read STAT=0005 ctrl=0225 [DSR=0 CTS=0 RXRDY=0] pc=80153c88 (prev value held for 6 reads) totalReads=88712
SIO1-DIAG t= 48863.099 cyc=1633960112 RXMSG #636 declared=5 got=5 bytes=0a 03 0a
SIO1-DIAG t= 48863.111 cyc=1633960112 RX accept #633 byte=6e fifo=1 ctrl=0225
SIO1-DIAG t= 48863.112 cyc=1633960117 game read STAT=0007 ctrl=0225 [DSR=0 CTS=0 RXRDY=1] pc=80153ce4 (prev value held for 559 reads) totalReads=89272
SIO1-DIAG t= 48863.115 cyc=1633960134 game read DATA=6e popped=1 fifo 1->0 stat=0005
SIO1-DIAG t= 48863.117 cyc=1633960184 LINKSTATE WR[act=00000000 buf=00000000 cnt=00000000 latch=00000000] RD[act=00000000 buf=801a9dc5 cnt=00000097] block=4 cfg=0205 DSR=0 DTR=0 stat=0005 ctrl=0225 fifo=0
SIO1-DIAG t= 48863.119 cyc=1633960184 game read STAT=0005 ctrl=0225 [DSR=0 CTS=0 RXRDY=0] pc=80153c88 (prev value held for 0 reads) totalReads=89273
SIO1-DIAG t= 48863.841 cyc=1633964408 RXMSG #637 declared=5 got=5 bytes=0a 03 0a
SIO1-DIAG t= 48863.854 cyc=1633964408 RX accept #634 byte=01 fifo=1 ctrl=0225
SIO1-DIAG t= 48863.856 cyc=1633964408 RXMSG #638 declared=5 got=5 bytes=0a 03 0a
SIO1-DIAG t= 48863.857 cyc=1633964408 RX accept #635 byte=00 fifo=2 ctrl=0225
SIO1-DIAG t= 48863.859 cyc=1633964408 RXMSG #639 declared=5 got=5 bytes=0a 03 0a
SIO1-DIAG t= 48863.861 cyc=1633964408 RX accept #636 byte=00 fifo=3 ctrl=0225
SIO1-DIAG t= 48863.862 cyc=1633964408 DRAIN 3 messages in one poll
SIO1-DIAG t= 48863.864 cyc=1633964413 game read STAT=0007 ctrl=0225 [DSR=0 CTS=0 RXRDY=1] pc=80153ce4 (prev value held for 74 reads) totalReads=89348
SIO1-DIAG t= 48863.866 cyc=1633964430 game read DATA=01 popped=1 fifo 3->2 stat=0007
SIO1-DIAG t= 48863.867 cyc=1633964480 LINKSTATE WR[act=00000000 buf=00000000 cnt=00000000 latch=00000000] RD[act=00000000 buf=801a9dc6 cnt=00000096] block=4 cfg=0205 DSR=0 DTR=0 stat=0007 ctrl=0225 fifo=2
SIO1-DIAG t= 48863.870 cyc=1633964508 game read DATA=00 popped=1 fifo 2->1 stat=0007
SIO1-DIAG t= 48863.872 cyc=1633964558 LINKSTATE WR[act=00000000 buf=00000000 cnt=00000000 latch=00000000] RD[act=00000000 buf=801a9dc7 cnt=00000095] block=4 cfg=0205 DSR=0 DTR=0 stat=0007 ctrl=0225 fifo=1
SIO1-DIAG t= 48863.880 cyc=1633964586 game read DATA=00 popped=1 fifo 1->0 stat=0005
SIO1-DIAG t= 48863.882 cyc=1633964629 DTR 0->1 (toggle #159) pc=80153d50 ctrl=0227
SIO1-DIAG t= 48863.883 cyc=1633964629 game wrote CTRL=0227 [TXEN=1 DTR=1 RXEN=1 RTS=1 ACK=0 RESET=0 RXIRQEN=0 TXIRQEN=0] stat=0005
SIO1-DIAG t= 48863.889 cyc=1633964629 TXFC dxr=1 xts=1 ctrl=0227 initial=0
SIO1-DIAG t= 48863.891 cyc=1633964629 TXMSG #191 size=6 bytes=12 04 08
SIO1-DIAG t= 48863.897 cyc=1633964652 LINKSTATE WR[act=00000000 buf=00000000 cnt=00000000 latch=00000000] RD[act=00000000 buf=801a9dc8 cnt=00000094] block=4 cfg=0205 DSR=0 DTR=1 stat=0005 ctrl=0227 fifo=0
SIO1-DIAG t= 48863.899 cyc=1633964652 game read STAT=0005 ctrl=0227 [DSR=0 CTS=0 RXRDY=0] pc=80153c88 (prev value held for 4 reads) totalReads=89353
SIO1-DIAG t= 48870.960 cyc=1634003040 RXMSG #640 declared=5 got=5 bytes=0a 03 0a
SIO1-DIAG t= 48870.971 cyc=1634003040 RX accept #637 byte=a6 fifo=1 ctrl=0227
SIO1-DIAG t= 48870.973 cyc=1634003040 RXMSG #641 declared=5 got=5 bytes=0a 03 0a
SIO1-DIAG t= 48870.974 cyc=1634003040 RX accept #638 byte=00 fifo=2 ctrl=0227
SIO1-DIAG t= 48870.975 cyc=1634003040 RXMSG #642 declared=5 got=5 bytes=0a 03 0a
SIO1-DIAG t= 48870.976 cyc=1634003040 RX accept #639 byte=00 fifo=3 ctrl=0227
SIO1-DIAG t= 48870.977 cyc=1634003040 RXMSG #643 declared=5 got=5 bytes=0a 03 0a
SIO1-DIAG t= 48870.978 cyc=1634003040 RX accept #640 byte=00 fifo=4 ctrl=0227
SIO1-DIAG t= 48870.979 cyc=1634003040 DRAIN 4 messages in one poll
SIO1-DIAG t= 48870.980 cyc=1634003081 game read STAT=0007 ctrl=0227 [DSR=0 CTS=0 RXRDY=1] pc=80153ce4 (prev value held for 674 reads) totalReads=90028
SIO1-DIAG t= 48870.989 cyc=1634003098 game read DATA=a6 popped=1 fifo 4->3 stat=0007
SIO1-DIAG t= 48870.991 cyc=1634003148 LINKSTATE WR[act=00000000 buf=00000000 cnt=00000000 latch=00000000] RD[act=00000000 buf=801a9dc9 cnt=00000093] block=4 cfg=0205 DSR=0 DTR=1 stat=0007 ctrl=0227 fifo=3
SIO1-DIAG t= 48870.993 cyc=1634003176 game read DATA=00 popped=1 fifo 3->2 stat=0007
SIO1-DIAG t= 48870.994 cyc=1634003226 LINKSTATE WR[act=00000000 buf=00000000 cnt=00000000 latch=00000000] RD[act=00000000 buf=801a9dca cnt=00000092] block=4 cfg=0205 DSR=0 DTR=1 stat=0007 ctrl=0227 fifo=2
SIO1-DIAG t= 48870.996 cyc=1634003254 game read DATA=00 popped=1 fifo 2->1 stat=0007
SIO1-DIAG t= 48870.997 cyc=1634003304 LINKSTATE WR[act=00000000 buf=00000000 cnt=00000000 latch=00000000] RD[act=00000000 buf=801a9dcb cnt=00000091] block=4 cfg=0205 DSR=0 DTR=1 stat=0007 ctrl=0227 fifo=1
SIO1-DIAG t= 48870.999 cyc=1634003332 game read DATA=00 popped=1 fifo 1->0 stat=0005
SIO1-DIAG t= 48871.000 cyc=1634003375 DTR 1->0 (toggle #160) pc=80153d50 ctrl=0225
SIO1-DIAG t= 48871.001 cyc=1634003375 game wrote CTRL=0225 [TXEN=1 DTR=0 RXEN=1 RTS=1 ACK=0 RESET=0 RXIRQEN=0 TXIRQEN=0] stat=0005
SIO1-DIAG t= 48871.003 cyc=1634003375 TXFC dxr=0 xts=1 ctrl=0225 initial=0
SIO1-DIAG t= 48871.005 cyc=1634003375 TXMSG #192 size=4 bytes=12 02 10
SIO1-DIAG t= 48871.015 cyc=1634003398 LINKSTATE WR[act=00000000 buf=00000000 cnt=00000000 latch=00000000] RD[act=00000000 buf=801a9dcc cnt=00000090] block=4 cfg=0205 DSR=0 DTR=0 stat=0005 ctrl=0225 fifo=0
SIO1-DIAG t= 48871.016 cyc=1634003398 game read STAT=0005 ctrl=0225 [DSR=0 CTS=0 RXRDY=0] pc=80153c88 (prev value held for 6 reads) totalReads=90035
SIO1-DIAG t= 48871.828 cyc=1634007741 STAT poll sample pc=80153ce4 stat=0005 reads=90112
SIO1-DIAG t= 48878.330 cyc=1634041672 RXMSG #644 declared=5 got=5 bytes=0a 03 0a
SIO1-DIAG t= 48878.338 cyc=1634041672 RX accept #641 byte=28 fifo=1 ctrl=0225
SIO1-DIAG t= 48878.341 cyc=1634041713 game read STAT=0007 ctrl=0225 [DSR=0 CTS=0 RXRDY=1] pc=80153ce4 (prev value held for 672 reads) totalReads=90708
SIO1-DIAG t= 48878.343 cyc=1634041730 game read DATA=28 popped=1 fifo 1->0 stat=0005
SIO1-DIAG t= 48878.345 cyc=1634041780 LINKSTATE WR[act=00000000 buf=00000000 cnt=00000000 latch=00000000] RD[act=00000000 buf=801a9dcd cnt=0000008f] block=4 cfg=0205 DSR=0 DTR=0 stat=0005 ctrl=0225 fifo=0
SIO1-DIAG t= 48878.348 cyc=1634041780 game read STAT=0005 ctrl=0225 [DSR=0 CTS=0 RXRDY=0] pc=80153c88 (prev value held for 0 reads) totalReads=90709
SIO1-DIAG t= 48878.360 cyc=1634043802 RXMSG #645 declared=5 got=5 bytes=0a 03 0a
SIO1-DIAG t= 48878.362 cyc=1634043802 RX accept #642 byte=00 fifo=1 ctrl=0225
SIO1-DIAG t= 48878.363 cyc=1634043802 RXMSG #646 declared=5 got=5 bytes=0a 03 0a
SIO1-DIAG t= 48878.365 cyc=1634043802 RX accept #643 byte=00 fifo=2 ctrl=0225
SIO1-DIAG t= 48878.369 cyc=1634043802 RXMSG #647 declared=5 got=5 bytes=0a 03 0a
SIO1-DIAG t= 48878.371 cyc=1634043802 RX accept #644 byte=00 fifo=3 ctrl=0225
SIO1-DIAG t= 48878.378 cyc=1634043802 DRAIN 3 messages in one poll
SIO1-DIAG t= 48878.379 cyc=1634043843 game read STAT=0007 ctrl=0225 [DSR=0 CTS=0 RXRDY=1] pc=80153ce4 (prev value held for 36 reads) totalReads=90746
SIO1-DIAG t= 48878.381 cyc=1634043860 game read DATA=00 popped=1 fifo 3->2 stat=0007
SIO1-DIAG t= 48878.383 cyc=1634043910 LINKSTATE WR[act=00000000 buf=00000000 cnt=00000000 latch=00000000] RD[act=00000000 buf=801a9dce cnt=0000008e] block=4 cfg=0205 DSR=0 DTR=0 stat=0007 ctrl=0225 fifo=2
SIO1-DIAG t= 48878.386 cyc=1634043938 game read DATA=00 popped=1 fifo 2->1 stat=0007
SIO1-DIAG t= 48878.387 cyc=1634043988 LINKSTATE WR[act=00000000 buf=00000000 cnt=00000000 latch=00000000] RD[act=00000000 buf=801a9dcf cnt=0000008d] block=4 cfg=0205 DSR=0 DTR=0 stat=0007 ctrl=0225 fifo=1
SIO1-DIAG t= 48878.390 cyc=1634044016 game read DATA=00 popped=1 fifo 1->0 stat=0005
SIO1-DIAG t= 48878.391 cyc=1634044059 DTR 0->1 (toggle #161) pc=80153d50 ctrl=0227
SIO1-DIAG t= 48878.393 cyc=1634044059 game wrote CTRL=0227 [TXEN=1 DTR=1 RXEN=1 RTS=1 ACK=0 RESET=0 RXIRQEN=0 TXIRQEN=0] stat=0005
SIO1-DIAG t= 48878.395 cyc=1634044059 TXFC dxr=1 xts=1 ctrl=0227 initial=0
SIO1-DIAG t= 48878.397 cyc=1634044059 TXMSG #193 size=6 bytes=12 04 08
SIO1-DIAG t= 48878.401 cyc=1634044082 LINKSTATE WR[act=00000000 buf=00000000 cnt=00000000 latch=00000000] RD[act=00000000 buf=801a9dd0 cnt=0000008c] block=4 cfg=0205 DSR=0 DTR=1 stat=0005 ctrl=0227 fifo=0
SIO1-DIAG t= 48878.406 cyc=1634044082 game read STAT=0005 ctrl=0227 [DSR=0 CTS=0 RXRDY=0] pc=80153c88 (prev value held for 4 reads) totalReads=90751
SIO1-DIAG t= 48883.554 cyc=1634071707 RXMSG #648 declared=5 got=5 bytes=0a 03 0a
SIO1-DIAG t= 48883.561 cyc=1634071707 RX accept #645 byte=0d fifo=1 ctrl=0227
SIO1-DIAG t= 48883.563 cyc=1634071738 game read STAT=0007 ctrl=0227 [DSR=0 CTS=0 RXRDY=1] pc=80153ce4 (prev value held for 485 reads) totalReads=91237
SIO1-DIAG t= 48883.566 cyc=1634071755 game read DATA=0d popped=1 fifo 1->0 stat=0005
SIO1-DIAG t= 48883.568 cyc=1634071805 LINKSTATE WR[act=00000000 buf=00000000 cnt=00000000 latch=00000000] RD[act=00000000 buf=801a9dd1 cnt=0000008b] block=4 cfg=0205 DSR=0 DTR=1 stat=0005 ctrl=0227 fifo=0
SIO1-DIAG t= 48883.570 cyc=1634071805 game read STAT=0005 ctrl=0227 [DSR=0 CTS=0 RXRDY=0] pc=80153c88 (prev value held for 0 reads) totalReads=91238
SIO1-DIAG t= 48884.232 cyc=1634075993 RXMSG #649 declared=5 got=5 bytes=0a 03 0a
SIO1-DIAG t= 48884.234 cyc=1634075993 RX accept #646 byte=00 fifo=1 ctrl=0227
SIO1-DIAG t= 48884.236 cyc=1634075993 RXMSG #650 declared=5 got=5 bytes=0a 03 0a
SIO1-DIAG t= 48884.237 cyc=1634075993 RX accept #647 byte=00 fifo=2 ctrl=0227
SIO1-DIAG t= 48884.239 cyc=1634075993 RXMSG #651 declared=5 got=5 bytes=0a 03 0a
SIO1-DIAG t= 48884.241 cyc=1634075993 RX accept #648 byte=00 fifo=3 ctrl=0227
SIO1-DIAG t= 48884.242 cyc=1634075993 DRAIN 3 messages in one poll
SIO1-DIAG t= 48884.243 cyc=1634076034 game read STAT=0007 ctrl=0227 [DSR=0 CTS=0 RXRDY=1] pc=80153ce4 (prev value held for 74 reads) totalReads=91313
SIO1-DIAG t= 48884.251 cyc=1634076051 game read DATA=00 popped=1 fifo 3->2 stat=0007
SIO1-DIAG t= 48884.253 cyc=1634076101 LINKSTATE WR[act=00000000 buf=00000000 cnt=00000000 latch=00000000] RD[act=00000000 buf=801a9dd2 cnt=0000008a] block=4 cfg=0205 DSR=0 DTR=1 stat=0007 ctrl=0227 fifo=2
SIO1-DIAG t= 48884.255 cyc=1634076129 game read DATA=00 popped=1 fifo 2->1 stat=0007
SIO1-DIAG t= 48884.257 cyc=1634076179 LINKSTATE WR[act=00000000 buf=00000000 cnt=00000000 latch=00000000] RD[act=00000000 buf=801a9dd3 cnt=00000089] block=4 cfg=0205 DSR=0 DTR=1 stat=0007 ctrl=0227 fifo=1
SIO1-DIAG t= 48884.264 cyc=1634076207 game read DATA=00 popped=1 fifo 1->0 stat=0005
SIO1-DIAG t= 48884.266 cyc=1634076250 DTR 1->0 (toggle #162) pc=80153d50 ctrl=0225
SIO1-DIAG t= 48884.268 cyc=1634076250 game wrote CTRL=0225 [TXEN=1 DTR=0 RXEN=1 RTS=1 ACK=0 RESET=0 RXIRQEN=0 TXIRQEN=0] stat=0005
SIO1-DIAG t= 48884.270 cyc=1634076250 TXFC dxr=0 xts=1 ctrl=0225 initial=0
SIO1-DIAG t= 48884.272 cyc=1634076250 TXMSG #194 size=4 bytes=12 02 10
SIO1-DIAG t= 48884.277 cyc=1634076273 LINKSTATE WR[act=00000000 buf=00000000 cnt=00000000 latch=00000000] RD[act=00000000 buf=801a9dd4 cnt=00000088] block=4 cfg=0205 DSR=0 DTR=0 stat=0005 ctrl=0225 fifo=0
SIO1-DIAG t= 48884.279 cyc=1634076273 game read STAT=0005 ctrl=0225 [DSR=0 CTS=0 RXRDY=0] pc=80153c88 (prev value held for 4 reads) totalReads=91318
SIO1-DIAG t= 48888.734 cyc=1634099613 RXMSG #652 declared=5 got=5 bytes=0a 03 0a
SIO1-DIAG t= 48888.737 cyc=1634099613 RX accept #649 byte=01 fifo=1 ctrl=0225
SIO1-DIAG t= 48888.739 cyc=1634099613 RXMSG #653 declared=5 got=5 bytes=0a 03 0a
SIO1-DIAG t= 48888.740 cyc=1634099613 RX accept #650 byte=00 fifo=2 ctrl=0225
SIO1-DIAG t= 48888.741 cyc=1634099613 RXMSG #654 declared=5 got=5 bytes=0a 03 0a
SIO1-DIAG t= 48888.742 cyc=1634099613 RX accept #651 byte=00 fifo=3 ctrl=0225
SIO1-DIAG t= 48888.743 cyc=1634099613 DRAIN 3 messages in one poll
SIO1-DIAG t= 48888.744 cyc=1634099654 game read STAT=0007 ctrl=0225 [DSR=0 CTS=0 RXRDY=1] pc=80153ce4 (prev value held for 410 reads) totalReads=91729
SIO1-DIAG t= 48888.746 cyc=1634099671 game read DATA=01 popped=1 fifo 3->2 stat=0007
SIO1-DIAG t= 48888.747 cyc=1634099721 LINKSTATE WR[act=00000000 buf=00000000 cnt=00000000 latch=00000000] RD[act=00000000 buf=801a9dd5 cnt=00000087] block=4 cfg=0205 DSR=0 DTR=0 stat=0007 ctrl=0225 fifo=2
SIO1-DIAG t= 48888.749 cyc=1634099749 game read DATA=00 popped=1 fifo 2->1 stat=0007
SIO1-DIAG t= 48888.750 cyc=1634099799 LINKSTATE WR[act=00000000 buf=00000000 cnt=00000000 latch=00000000] RD[act=00000000 buf=801a9dd6 cnt=00000086] block=4 cfg=0205 DSR=0 DTR=0 stat=0007 ctrl=0225 fifo=1
SIO1-DIAG t= 48888.751 cyc=1634099827 game read DATA=00 popped=1 fifo 1->0 stat=0005
SIO1-DIAG t= 48888.752 cyc=1634099877 LINKSTATE WR[act=00000000 buf=00000000 cnt=00000000 latch=00000000] RD[act=00000000 buf=801a9dd7 cnt=00000085] block=4 cfg=0205 DSR=0 DTR=0 stat=0005 ctrl=0225 fifo=0
SIO1-DIAG t= 48888.754 cyc=1634099877 game read STAT=0005 ctrl=0225 [DSR=0 CTS=0 RXRDY=0] pc=80153c88 (prev value held for 4 reads) totalReads=91734
SIO1-DIAG t= 48889.184 cyc=1634103894 RXMSG #655 declared=5 got=5 bytes=0a 03 0a
SIO1-DIAG t= 48889.185 cyc=1634103894 RX accept #652 byte=00 fifo=1 ctrl=0225
SIO1-DIAG t= 48889.187 cyc=1634103935 game read STAT=0007 ctrl=0225 [DSR=0 CTS=0 RXRDY=1] pc=80153ce4 (prev value held for 71 reads) totalReads=91806
SIO1-DIAG t= 48889.188 cyc=1634103952 game read DATA=00 popped=1 fifo 1->0 stat=0005
SIO1-DIAG t= 48889.189 cyc=1634103995 DTR 0->1 (toggle #163) pc=80153d50 ctrl=0227
SIO1-DIAG t= 48889.190 cyc=1634103995 game wrote CTRL=0227 [TXEN=1 DTR=1 RXEN=1 RTS=1 ACK=0 RESET=0 RXIRQEN=0 TXIRQEN=0] stat=0005
SIO1-DIAG t= 48889.191 cyc=1634103995 TXFC dxr=1 xts=1 ctrl=0227 initial=0
SIO1-DIAG t= 48889.193 cyc=1634103995 TXMSG #195 size=6 bytes=12 04 08
SIO1-DIAG t= 48889.196 cyc=1634104018 LINKSTATE WR[act=00000000 buf=00000000 cnt=00000000 latch=00000000] RD[act=00000000 buf=801a9dd8 cnt=00000084] block=4 cfg=0205 DSR=0 DTR=1 stat=0005 ctrl=0227 fifo=0
SIO1-DIAG t= 48889.198 cyc=1634104018 game read STAT=0005 ctrl=0227 [DSR=0 CTS=0 RXRDY=0] pc=80153c88 (prev value held for 0 reads) totalReads=91807
SIO1-DIAG t= 48894.728 cyc=1634136089 RXMSG #656 declared=5 got=5 bytes=0a 03 0a
SIO1-DIAG t= 48894.733 cyc=1634136089 RX accept #653 byte=24 fifo=1 ctrl=0227
SIO1-DIAG t= 48894.734 cyc=1634136089 RXMSG #657 declared=5 got=5 bytes=0a 03 0a
SIO1-DIAG t= 48894.735 cyc=1634136089 RX accept #654 byte=00 fifo=2 ctrl=0227
SIO1-DIAG t= 48894.743 cyc=1634136089 RXMSG #658 declared=5 got=5 bytes=0a 03 0a
SIO1-DIAG t= 48894.747 cyc=1634136089 RX accept #655 byte=00 fifo=3 ctrl=0227
SIO1-DIAG t= 48894.748 cyc=1634136089 RXMSG #659 declared=5 got=5 bytes=0a 03 0a
SIO1-DIAG t= 48894.749 cyc=1634136089 RX accept #656 byte=00 fifo=4 ctrl=0227
SIO1-DIAG t= 48894.750 cyc=1634136089 DRAIN 4 messages in one poll
SIO1-DIAG t= 48894.751 cyc=1634136120 game read STAT=0007 ctrl=0227 [DSR=0 CTS=0 RXRDY=1] pc=80153ce4 (prev value held for 563 reads) totalReads=92371
SIO1-DIAG t= 48894.753 cyc=1634136137 game read DATA=24 popped=1 fifo 4->3 stat=0007
SIO1-DIAG t= 48894.754 cyc=1634136187 LINKSTATE WR[act=00000000 buf=00000000 cnt=00000000 latch=00000000] RD[act=00000000 buf=801a9dd9 cnt=00000083] block=4 cfg=0205 DSR=0 DTR=1 stat=0007 ctrl=0227 fifo=3
SIO1-DIAG t= 48894.756 cyc=1634136215 game read DATA=00 popped=1 fifo 3->2 stat=0007
SIO1-DIAG t= 48894.757 cyc=1634136265 LINKSTATE WR[act=00000000 buf=00000000 cnt=00000000 latch=00000000] RD[act=00000000 buf=801a9dda cnt=00000082] block=4 cfg=0205 DSR=0 DTR=1 stat=0007 ctrl=0227 fifo=2
SIO1-DIAG t= 48894.759 cyc=1634136293 game read DATA=00 popped=1 fifo 2->1 stat=0007
SIO1-DIAG t= 48894.760 cyc=1634136343 LINKSTATE WR[act=00000000 buf=00000000 cnt=00000000 latch=00000000] RD[act=00000000 buf=801a9ddb cnt=00000081] block=4 cfg=0205 DSR=0 DTR=1 stat=0007 ctrl=0227 fifo=1
SIO1-DIAG t= 48894.761 cyc=1634136371 game read DATA=00 popped=1 fifo 1->0 stat=0005
SIO1-DIAG t= 48894.765 cyc=1634136414 DTR 1->0 (toggle #164) pc=80153d50 ctrl=0225
SIO1-DIAG t= 48894.766 cyc=1634136414 game wrote CTRL=0225 [TXEN=1 DTR=0 RXEN=1 RTS=1 ACK=0 RESET=0 RXIRQEN=0 TXIRQEN=0] stat=0005
SIO1-DIAG t= 48894.767 cyc=1634136414 TXFC dxr=0 xts=1 ctrl=0225 initial=0
SIO1-DIAG t= 48894.769 cyc=1634136414 TXMSG #196 size=4 bytes=12 02 10
SIO1-DIAG t= 48894.772 cyc=1634136437 LINKSTATE WR[act=00000000 buf=00000000 cnt=00000000 latch=00000000] RD[act=00000000 buf=801a9ddc cnt=00000080] block=4 cfg=0205 DSR=0 DTR=0 stat=0005 ctrl=0225 fifo=0
SIO1-DIAG t= 48894.774 cyc=1634136437 game read STAT=0005 ctrl=0225 [DSR=0 CTS=0 RXRDY=0] pc=80153c88 (prev value held for 6 reads) totalReads=92378
SIO1-DIAG t= 48898.243 cyc=1634155398 RXMSG #660 declared=5 got=5 bytes=0a 03 0a
SIO1-DIAG t= 48898.252 cyc=1634155398 RX accept #657 byte=02 fifo=1 ctrl=0225
SIO1-DIAG t= 48898.254 cyc=1634155398 RXMSG #661 declared=5 got=5 bytes=0a 03 0a
SIO1-DIAG t= 48898.255 cyc=1634155398 RX accept #658 byte=00 fifo=2 ctrl=0225
SIO1-DIAG t= 48898.256 cyc=1634155398 DRAIN 2 messages in one poll
SIO1-DIAG t= 48898.257 cyc=1634155429 game read STAT=0007 ctrl=0225 [DSR=0 CTS=0 RXRDY=1] pc=80153ce4 (prev value held for 333 reads) totalReads=92712
SIO1-DIAG t= 48898.259 cyc=1634155446 game read DATA=02 popped=1 fifo 2->1 stat=0007
SIO1-DIAG t= 48898.260 cyc=1634155496 LINKSTATE WR[act=00000000 buf=00000000 cnt=00000000 latch=00000000] RD[act=00000000 buf=801a9ddd cnt=0000007f] block=4 cfg=0205 DSR=0 DTR=0 stat=0007 ctrl=0225 fifo=1
SIO1-DIAG t= 48898.267 cyc=1634155524 game read DATA=00 popped=1 fifo 1->0 stat=0005
SIO1-DIAG t= 48898.269 cyc=1634155574 LINKSTATE WR[act=00000000 buf=00000000 cnt=00000000 latch=00000000] RD[act=00000000 buf=801a9dde cnt=0000007e] block=4 cfg=0205 DSR=0 DTR=0 stat=0005 ctrl=0225 fifo=0
SIO1-DIAG t= 48898.270 cyc=1634155574 game read STAT=0005 ctrl=0225 [DSR=0 CTS=0 RXRDY=0] pc=80153c88 (prev value held for 2 reads) totalReads=92715
SIO1-DIAG t= 48898.276 cyc=1634157549 RXMSG #662 declared=5 got=5 bytes=0a 03 0a
SIO1-DIAG t= 48898.277 cyc=1634157549 RX accept #659 byte=00 fifo=1 ctrl=0225
SIO1-DIAG t= 48898.279 cyc=1634157580 game read STAT=0007 ctrl=0225 [DSR=0 CTS=0 RXRDY=1] pc=80153ce4 (prev value held for 35 reads) totalReads=92751
SIO1-DIAG t= 48898.280 cyc=1634157597 game read DATA=00 popped=1 fifo 1->0 stat=0005
SIO1-DIAG t= 48898.281 cyc=1634157647 LINKSTATE WR[act=00000000 buf=00000000 cnt=00000000 latch=00000000] RD[act=00000000 buf=801a9ddf cnt=0000007d] block=4 cfg=0205 DSR=0 DTR=0 stat=0005 ctrl=0225 fifo=0
SIO1-DIAG t= 48898.283 cyc=1634157647 game read STAT=0005 ctrl=0225 [DSR=0 CTS=0 RXRDY=0] pc=80153c88 (prev value held for 0 reads) totalReads=92752
SIO1-DIAG t= 48899.009 cyc=1634161835 RXMSG #663 declared=5 got=5 bytes=0a 03 0a
SIO1-DIAG t= 48899.013 cyc=1634161835 RX accept #660 byte=00 fifo=1 ctrl=0225
SIO1-DIAG t= 48899.015 cyc=1634161876 game read STAT=0007 ctrl=0225 [DSR=0 CTS=0 RXRDY=1] pc=80153ce4 (prev value held for 74 reads) totalReads=92827
SIO1-DIAG t= 48899.016 cyc=1634161893 game read DATA=00 popped=1 fifo 1->0 stat=0005
SIO1-DIAG t= 48899.029 cyc=1634161936 DTR 0->1 (toggle #165) pc=80153d50 ctrl=0227
SIO1-DIAG t= 48899.030 cyc=1634161936 game wrote CTRL=0227 [TXEN=1 DTR=1 RXEN=1 RTS=1 ACK=0 RESET=0 RXIRQEN=0 TXIRQEN=0] stat=0005
SIO1-DIAG t= 48899.032 cyc=1634161936 TXFC dxr=1 xts=1 ctrl=0227 initial=0
SIO1-DIAG t= 48899.034 cyc=1634161936 TXMSG #197 size=6 bytes=12 04 08
SIO1-DIAG t= 48899.038 cyc=1634161959 LINKSTATE WR[act=00000000 buf=00000000 cnt=00000000 latch=00000000] RD[act=00000000 buf=801a9de0 cnt=0000007c] block=4 cfg=0205 DSR=0 DTR=1 stat=0005 ctrl=0227 fifo=0
SIO1-DIAG t= 48899.040 cyc=1634161959 game read STAT=0005 ctrl=0227 [DSR=0 CTS=0 RXRDY=0] pc=80153c88 (prev value held for 0 reads) totalReads=92828
SIO1-DIAG t= 48902.474 cyc=1634181148 RXMSG #664 declared=5 got=5 bytes=0a 03 0a
SIO1-DIAG t= 48902.485 cyc=1634181148 RX accept #661 byte=01 fifo=1 ctrl=0227
SIO1-DIAG t= 48902.487 cyc=1634181179 game read STAT=0007 ctrl=0227 [DSR=0 CTS=0 RXRDY=1] pc=80153ce4 (prev value held for 337 reads) totalReads=93166
SIO1-DIAG t= 48902.489 cyc=1634181196 game read DATA=01 popped=1 fifo 1->0 stat=0005
SIO1-DIAG t= 48902.491 cyc=1634181246 LINKSTATE WR[act=00000000 buf=00000000 cnt=00000000 latch=00000000] RD[act=00000000 buf=801a9de1 cnt=0000007b] block=4 cfg=0205 DSR=0 DTR=1 stat=0005 ctrl=0227 fifo=0
SIO1-DIAG t= 48902.494 cyc=1634181246 game read STAT=0005 ctrl=0227 [DSR=0 CTS=0 RXRDY=0] pc=80153c88 (prev value held for 0 reads) totalReads=93167
SIO1-DIAG t= 48903.924 cyc=1634189733 RXMSG #665 declared=5 got=5 bytes=0a 03 0a
SIO1-DIAG t= 48903.935 cyc=1634189733 RX accept #662 byte=00 fifo=1 ctrl=0227
SIO1-DIAG t= 48903.936 cyc=1634189733 RXMSG #666 declared=5 got=5 bytes=0a 03 0a
SIO1-DIAG t= 48903.937 cyc=1634189733 RX accept #663 byte=00 fifo=2 ctrl=0227
SIO1-DIAG t= 48903.938 cyc=1634189733 RXMSG #667 declared=5 got=5 bytes=0a 03 0a
SIO1-DIAG t= 48903.939 cyc=1634189733 RX accept #664 byte=00 fifo=3 ctrl=0227
SIO1-DIAG t= 48903.940 cyc=1634189733 DRAIN 3 messages in one poll
SIO1-DIAG t= 48903.941 cyc=1634189750 game read STAT=0007 ctrl=0227 [DSR=0 CTS=0 RXRDY=1] pc=80153ce4 (prev value held for 149 reads) totalReads=93317
SIO1-DIAG t= 48903.943 cyc=1634189767 game read DATA=00 popped=1 fifo 3->2 stat=0007
SIO1-DIAG t= 48903.944 cyc=1634189817 LINKSTATE WR[act=00000000 buf=00000000 cnt=00000000 latch=00000000] RD[act=00000000 buf=801a9de2 cnt=0000007a] block=4 cfg=0205 DSR=0 DTR=1 stat=0007 ctrl=0227 fifo=2
SIO1-DIAG t= 48903.945 cyc=1634189845 game read DATA=00 popped=1 fifo 2->1 stat=0007
SIO1-DIAG t= 48903.946 cyc=1634189895 LINKSTATE WR[act=00000000 buf=00000000 cnt=00000000 latch=00000000] RD[act=00000000 buf=801a9de3 cnt=00000079] block=4 cfg=0205 DSR=0 DTR=1 stat=0007 ctrl=0227 fifo=1
SIO1-DIAG t= 48903.948 cyc=1634189923 game read DATA=00 popped=1 fifo 1->0 stat=0005
SIO1-DIAG t= 48903.949 cyc=1634189966 DTR 1->0 (toggle #166) pc=80153d50 ctrl=0225
SIO1-DIAG t= 48903.951 cyc=1634189966 game wrote CTRL=0225 [TXEN=1 DTR=0 RXEN=1 RTS=1 ACK=0 RESET=0 RXIRQEN=0 TXIRQEN=0] stat=0005
SIO1-DIAG t= 48903.954 cyc=1634189966 TXFC dxr=0 xts=1 ctrl=0225 initial=0
SIO1-DIAG t= 48903.956 cyc=1634189966 TXMSG #198 size=4 bytes=12 02 10
SIO1-DIAG t= 48903.961 cyc=1634189989 LINKSTATE WR[act=00000000 buf=00000000 cnt=00000000 latch=00000000] RD[act=00000000 buf=801a9de4 cnt=00000078] block=4 cfg=0205 DSR=0 DTR=0 stat=0005 ctrl=0225 fifo=0
SIO1-DIAG t= 48903.963 cyc=1634189989 game read STAT=0005 ctrl=0225 [DSR=0 CTS=0 RXRDY=0] pc=80153c88 (prev value held for 4 reads) totalReads=93322
SIO1-DIAG t= 48908.299 cyc=1634213339 RXMSG #668 declared=5 got=5 bytes=0a 03 0a
SIO1-DIAG t= 48908.303 cyc=1634213339 RX accept #665 byte=00 fifo=1 ctrl=0225
SIO1-DIAG t= 48908.311 cyc=1634213339 RXMSG #669 declared=5 got=5 bytes=0a 03 0a
SIO1-DIAG t= 48908.312 cyc=1634213339 RX accept #666 byte=00 fifo=2 ctrl=0225
SIO1-DIAG t= 48908.313 cyc=1634213339 DRAIN 2 messages in one poll
SIO1-DIAG t= 48908.314 cyc=1634213370 game read STAT=0007 ctrl=0225 [DSR=0 CTS=0 RXRDY=1] pc=80153ce4 (prev value held for 410 reads) totalReads=93733
SIO1-DIAG t= 48908.316 cyc=1634213387 game read DATA=00 popped=1 fifo 2->1 stat=0007
SIO1-DIAG t= 48908.318 cyc=1634213437 LINKSTATE WR[act=00000000 buf=00000000 cnt=00000000 latch=00000000] RD[act=00000000 buf=801a9de5 cnt=00000077] block=4 cfg=0205 DSR=0 DTR=0 stat=0007 ctrl=0225 fifo=1
SIO1-DIAG t= 48908.320 cyc=1634213465 game read DATA=00 popped=1 fifo 1->0 stat=0005
SIO1-DIAG t= 48908.327 cyc=1634213515 LINKSTATE WR[act=00000000 buf=00000000 cnt=00000000 latch=00000000] RD[act=00000000 buf=801a9de6 cnt=00000076] block=4 cfg=0205 DSR=0 DTR=0 stat=0005 ctrl=0225 fifo=0
SIO1-DIAG t= 48908.328 cyc=1634213515 game read STAT=0005 ctrl=0225 [DSR=0 CTS=0 RXRDY=0] pc=80153c88 (prev value held for 2 reads) totalReads=93736
SIO1-DIAG t= 48909.713 cyc=1634221921 RXMSG #670 declared=5 got=5 bytes=0a 03 0a
SIO1-DIAG t= 48909.719 cyc=1634221921 RX accept #667 byte=00 fifo=1 ctrl=0225
SIO1-DIAG t= 48909.720 cyc=1634221921 RXMSG #671 declared=5 got=5 bytes=0a 03 0a
SIO1-DIAG t= 48909.721 cyc=1634221921 RX accept #668 byte=00 fifo=2 ctrl=0225
SIO1-DIAG t= 48909.722 cyc=1634221921 DRAIN 2 messages in one poll
SIO1-DIAG t= 48909.723 cyc=1634221962 game read STAT=0007 ctrl=0225 [DSR=0 CTS=0 RXRDY=1] pc=80153ce4 (prev value held for 148 reads) totalReads=93885
SIO1-DIAG t= 48909.725 cyc=1634221979 game read DATA=00 popped=1 fifo 2->1 stat=0007
SIO1-DIAG t= 48909.727 cyc=1634222029 LINKSTATE WR[act=00000000 buf=00000000 cnt=00000000 latch=00000000] RD[act=00000000 buf=801a9de7 cnt=00000075] block=4 cfg=0205 DSR=0 DTR=0 stat=0007 ctrl=0225 fifo=1
SIO1-DIAG t= 48909.729 cyc=1634222057 game read DATA=00 popped=1 fifo 1->0 stat=0005
SIO1-DIAG t= 48909.730 cyc=1634222100 DTR 0->1 (toggle #167) pc=80153d50 ctrl=0227
SIO1-DIAG t= 48909.731 cyc=1634222100 game wrote CTRL=0227 [TXEN=1 DTR=1 RXEN=1 RTS=1 ACK=0 RESET=0 RXIRQEN=0 TXIRQEN=0] stat=0005
SIO1-DIAG t= 48909.733 cyc=1634222100 TXFC dxr=1 xts=1 ctrl=0227 initial=0
SIO1-DIAG t= 48909.741 cyc=1634222100 TXMSG #199 size=6 bytes=12 04 08
SIO1-DIAG t= 48909.746 cyc=1634222123 LINKSTATE WR[act=00000000 buf=00000000 cnt=00000000 latch=00000000] RD[act=00000000 buf=801a9de8 cnt=00000074] block=4 cfg=0205 DSR=0 DTR=1 stat=0005 ctrl=0227 fifo=0
SIO1-DIAG t= 48909.748 cyc=1634222123 game read STAT=0005 ctrl=0227 [DSR=0 CTS=0 RXRDY=0] pc=80153c88 (prev value held for 2 reads) totalReads=93888
SIO1-DIAG t= 48912.911 cyc=1634239089 RXMSG #672 declared=5 got=5 bytes=0a 03 0a
SIO1-DIAG t= 48912.917 cyc=1634239089 RX accept #669 byte=01 fifo=1 ctrl=0227
SIO1-DIAG t= 48912.918 cyc=1634239120 game read STAT=0007 ctrl=0227 [DSR=0 CTS=0 RXRDY=1] pc=80153ce4 (prev value held for 298 reads) totalReads=94187
SIO1-DIAG t= 48912.920 cyc=1634239137 game read DATA=01 popped=1 fifo 1->0 stat=0005
SIO1-DIAG t= 48912.921 cyc=1634239187 LINKSTATE WR[act=00000000 buf=00000000 cnt=00000000 latch=00000000] RD[act=00000000 buf=801a9de9 cnt=00000073] block=4 cfg=0205 DSR=0 DTR=1 stat=0005 ctrl=0227 fifo=0
SIO1-DIAG t= 48912.923 cyc=1634239187 game read STAT=0005 ctrl=0227 [DSR=0 CTS=0 RXRDY=0] pc=80153c88 (prev value held for 0 reads) totalReads=94188
SIO1-DIAG t= 48912.927 cyc=1634240281 STAT poll sample pc=80153ce4 stat=0005 reads=94208
SIO1-DIAG t= 48914.117 cyc=1634245541 RXMSG #673 declared=5 got=5 bytes=0a 03 0a
SIO1-DIAG t= 48914.118 cyc=1634245541 RX accept #670 byte=00 fifo=1 ctrl=0227
SIO1-DIAG t= 48914.119 cyc=1634245541 RXMSG #674 declared=5 got=5 bytes=0a 03 0a
SIO1-DIAG t= 48914.126 cyc=1634245541 RX accept #671 byte=00 fifo=2 ctrl=0227
SIO1-DIAG t= 48914.128 cyc=1634245541 RXMSG #675 declared=5 got=5 bytes=0a 03 0a
SIO1-DIAG t= 48914.129 cyc=1634245541 RX accept #672 byte=00 fifo=3 ctrl=0227
SIO1-DIAG t= 48914.135 cyc=1634245541 DRAIN 3 messages in one poll
SIO1-DIAG t= 48914.136 cyc=1634245582 game read STAT=0007 ctrl=0227 [DSR=0 CTS=0 RXRDY=1] pc=80153ce4 (prev value held for 112 reads) totalReads=94301
SIO1-DIAG t= 48914.137 cyc=1634245599 game read DATA=00 popped=1 fifo 3->2 stat=0007
SIO1-DIAG t= 48914.138 cyc=1634245649 LINKSTATE WR[act=00000000 buf=00000000 cnt=00000000 latch=00000000] RD[act=00000000 buf=801a9dea cnt=00000072] block=4 cfg=0205 DSR=0 DTR=1 stat=0007 ctrl=0227 fifo=2
SIO1-DIAG t= 48914.140 cyc=1634245677 game read DATA=00 popped=1 fifo 2->1 stat=0007
SIO1-DIAG t= 48914.141 cyc=1634245727 LINKSTATE WR[act=00000000 buf=00000000 cnt=00000000 latch=00000000] RD[act=00000000 buf=801a9deb cnt=00000071] block=4 cfg=0205 DSR=0 DTR=1 stat=0007 ctrl=0227 fifo=1
SIO1-DIAG t= 48914.143 cyc=1634245755 game read DATA=00 popped=1 fifo 1->0 stat=0005
SIO1-DIAG t= 48914.144 cyc=1634245798 DTR 1->0 (toggle #168) pc=80153d50 ctrl=0225
SIO1-DIAG t= 48914.145 cyc=1634245798 game wrote CTRL=0225 [TXEN=1 DTR=0 RXEN=1 RTS=1 ACK=0 RESET=0 RXIRQEN=0 TXIRQEN=0] stat=0005
SIO1-DIAG t= 48914.147 cyc=1634245798 TXFC dxr=0 xts=1 ctrl=0225 initial=0
SIO1-DIAG t= 48914.149 cyc=1634245798 TXMSG #200 size=4 bytes=12 02 10
SIO1-DIAG t= 48914.155 cyc=1634245821 LINKSTATE WR[act=00000000 buf=00000000 cnt=00000000 latch=00000000] RD[act=00000000 buf=801a9dec cnt=00000070] block=4 cfg=0205 DSR=0 DTR=0 stat=0005 ctrl=0225 fifo=0
SIO1-DIAG t= 48914.157 cyc=1634245821 game read STAT=0005 ctrl=0225 [DSR=0 CTS=0 RXRDY=0] pc=80153c88 (prev value held for 4 reads) totalReads=94306
SIO1-DIAG t= 48917.699 cyc=1634264845 RXMSG #676 declared=5 got=5 bytes=0a 03 0a
SIO1-DIAG t= 48917.712 cyc=1634264845 RX accept #673 byte=ec fifo=1 ctrl=0225
SIO1-DIAG t= 48917.714 cyc=1634264870 game read STAT=0007 ctrl=0225 [DSR=0 CTS=0 RXRDY=1] pc=80153ce4 (prev value held for 334 reads) totalReads=94641
SIO1-DIAG t= 48917.717 cyc=1634264887 game read DATA=ec popped=1 fifo 1->0 stat=0005
SIO1-DIAG t= 48917.720 cyc=1634264937 LINKSTATE WR[act=00000000 buf=00000000 cnt=00000000 latch=00000000] RD[act=00000000 buf=801a9ded cnt=0000006f] block=4 cfg=0205 DSR=0 DTR=0 stat=0005 ctrl=0225 fifo=0
SIO1-DIAG t= 48917.722 cyc=1634264937 game read STAT=0005 ctrl=0225 [DSR=0 CTS=0 RXRDY=0] pc=80153c88 (prev value held for 0 reads) totalReads=94642
SIO1-DIAG t= 48918.718 cyc=1634271291 RXMSG #677 declared=5 got=5 bytes=0a 03 0a
SIO1-DIAG t= 48918.720 cyc=1634271291 RX accept #674 byte=45 fifo=1 ctrl=0225
SIO1-DIAG t= 48918.722 cyc=1634271332 game read STAT=0007 ctrl=0225 [DSR=0 CTS=0 RXRDY=1] pc=80153ce4 (prev value held for 112 reads) totalReads=94755
SIO1-DIAG t= 48918.723 cyc=1634271349 game read DATA=45 popped=1 fifo 1->0 stat=0005
SIO1-DIAG t= 48918.725 cyc=1634271399 LINKSTATE WR[act=00000000 buf=00000000 cnt=00000000 latch=00000000] RD[act=00000000 buf=801a9dee cnt=0000006e] block=4 cfg=0205 DSR=0 DTR=0 stat=0005 ctrl=0225 fifo=0
SIO1-DIAG t= 48918.734 cyc=1634271399 game read STAT=0005 ctrl=0225 [DSR=0 CTS=0 RXRDY=0] pc=80153c88 (prev value held for 0 reads) totalReads=94756
SIO1-DIAG t= 48919.643 cyc=1634277720 RXMSG #678 declared=5 got=5 bytes=0a 03 0a
SIO1-DIAG t= 48919.645 cyc=1634277720 RX accept #675 byte=02 fifo=1 ctrl=0225
SIO1-DIAG t= 48919.646 cyc=1634277720 RXMSG #679 declared=5 got=5 bytes=0a 03 0a
SIO1-DIAG t= 48919.648 cyc=1634277720 RX accept #676 byte=80 fifo=2 ctrl=0225
SIO1-DIAG t= 48919.649 cyc=1634277720 DRAIN 2 messages in one poll
SIO1-DIAG t= 48919.650 cyc=1634277737 game read STAT=0007 ctrl=0225 [DSR=0 CTS=0 RXRDY=1] pc=80153ce4 (prev value held for 111 reads) totalReads=94868
SIO1-DIAG t= 48919.652 cyc=1634277754 game read DATA=02 popped=1 fifo 2->1 stat=0007
SIO1-DIAG t= 48919.654 cyc=1634277804 LINKSTATE WR[act=00000000 buf=00000000 cnt=00000000 latch=00000000] RD[act=00000000 buf=801a9def cnt=0000006d] block=4 cfg=0205 DSR=0 DTR=0 stat=0007 ctrl=0225 fifo=1
SIO1-DIAG t= 48919.656 cyc=1634277832 game read DATA=80 popped=1 fifo 1->0 stat=0005
SIO1-DIAG t= 48919.658 cyc=1634277875 DTR 0->1 (toggle #169) pc=80153d50 ctrl=0227
SIO1-DIAG t= 48919.664 cyc=1634277875 game wrote CTRL=0227 [TXEN=1 DTR=1 RXEN=1 RTS=1 ACK=0 RESET=0 RXIRQEN=0 TXIRQEN=0] stat=0005
SIO1-DIAG t= 48919.666 cyc=1634277875 TXFC dxr=1 xts=1 ctrl=0227 initial=0
SIO1-DIAG t= 48919.671 cyc=1634277875 TXMSG #201 size=6 bytes=12 04 08
SIO1-DIAG t= 48919.676 cyc=1634277898 LINKSTATE WR[act=00000000 buf=00000000 cnt=00000000 latch=00000000] RD[act=00000000 buf=801a9df0 cnt=0000006c] block=4 cfg=0205 DSR=0 DTR=1 stat=0005 ctrl=0227 fifo=0
SIO1-DIAG t= 48919.678 cyc=1634277898 game read STAT=0005 ctrl=0227 [DSR=0 CTS=0 RXRDY=0] pc=80153c88 (prev value held for 2 reads) totalReads=94871
SIO1-DIAG t= 48922.702 cyc=1634294890 RXMSG #680 declared=5 got=5 bytes=0a 03 0a
SIO1-DIAG t= 48922.707 cyc=1634294890 RX accept #677 byte=00 fifo=1 ctrl=0227
SIO1-DIAG t= 48922.710 cyc=1634294895 game read STAT=0007 ctrl=0227 [DSR=0 CTS=0 RXRDY=1] pc=80153ce4 (prev value held for 298 reads) totalReads=95170
SIO1-DIAG t= 48922.712 cyc=1634294912 game read DATA=00 popped=1 fifo 1->0 stat=0005
SIO1-DIAG t= 48922.714 cyc=1634294962 LINKSTATE WR[act=00000000 buf=00000000 cnt=00000000 latch=00000000] RD[act=00000000 buf=801a9df1 cnt=0000006b] block=4 cfg=0205 DSR=0 DTR=1 stat=0005 ctrl=0227 fifo=0
SIO1-DIAG t= 48922.716 cyc=1634294962 game read STAT=0005 ctrl=0227 [DSR=0 CTS=0 RXRDY=0] pc=80153c88 (prev value held for 0 reads) totalReads=95171
SIO1-DIAG t= 48923.750 cyc=1634301326 RXMSG #681 declared=5 got=5 bytes=0a 03 0a
SIO1-DIAG t= 48923.752 cyc=1634301326 RX accept #678 byte=00 fifo=1 ctrl=0227
SIO1-DIAG t= 48923.754 cyc=1634301326 RXMSG #682 declared=5 got=5 bytes=0a 03 0a
SIO1-DIAG t= 48923.755 cyc=1634301326 RX accept #679 byte=00 fifo=2 ctrl=0227
SIO1-DIAG t= 48923.757 cyc=1634301326 RXMSG #683 declared=5 got=5 bytes=0a 03 0a
SIO1-DIAG t= 48923.775 cyc=1634301326 RX accept #680 byte=00 fifo=3 ctrl=0227
SIO1-DIAG t= 48923.777 cyc=1634301326 DRAIN 3 messages in one poll
SIO1-DIAG t= 48923.778 cyc=1634301357 game read STAT=0007 ctrl=0227 [DSR=0 CTS=0 RXRDY=1] pc=80153ce4 (prev value held for 112 reads) totalReads=95284
SIO1-DIAG t= 48923.780 cyc=1634301374 game read DATA=00 popped=1 fifo 3->2 stat=0007
SIO1-DIAG t= 48923.781 cyc=1634301424 LINKSTATE WR[act=00000000 buf=00000000 cnt=00000000 latch=00000000] RD[act=00000000 buf=801a9df2 cnt=0000006a] block=4 cfg=0205 DSR=0 DTR=1 stat=0007 ctrl=0227 fifo=2
SIO1-DIAG t= 48923.784 cyc=1634301452 game read DATA=00 popped=1 fifo 2->1 stat=0007
SIO1-DIAG t= 48923.786 cyc=1634301502 LINKSTATE WR[act=00000000 buf=00000000 cnt=00000000 latch=00000000] RD[act=00000000 buf=801a9df3 cnt=00000069] block=4 cfg=0205 DSR=0 DTR=1 stat=0007 ctrl=0227 fifo=1
SIO1-DIAG t= 48923.788 cyc=1634301530 game read DATA=00 popped=1 fifo 1->0 stat=0005
SIO1-DIAG t= 48923.790 cyc=1634301573 DTR 1->0 (toggle #170) pc=80153d50 ctrl=0225
SIO1-DIAG t= 48923.791 cyc=1634301573 game wrote CTRL=0225 [TXEN=1 DTR=0 RXEN=1 RTS=1 ACK=0 RESET=0 RXIRQEN=0 TXIRQEN=0] stat=0005
SIO1-DIAG t= 48923.793 cyc=1634301573 TXFC dxr=0 xts=1 ctrl=0225 initial=0
SIO1-DIAG t= 48923.795 cyc=1634301573 TXMSG #202 size=4 bytes=12 02 10
SIO1-DIAG t= 48923.802 cyc=1634301596 LINKSTATE WR[act=00000000 buf=00000000 cnt=00000000 latch=00000000] RD[act=00000000 buf=801a9df4 cnt=00000068] block=4 cfg=0205 DSR=0 DTR=0 stat=0005 ctrl=0225 fifo=0
SIO1-DIAG t= 48923.804 cyc=1634301596 game read STAT=0005 ctrl=0225 [DSR=0 CTS=0 RXRDY=0] pc=80153c88 (prev value held for 4 reads) totalReads=95289
SIO1-DIAG t= 48927.546 cyc=1634322786 RXMSG #684 declared=5 got=5 bytes=0a 03 0a
SIO1-DIAG t= 48927.550 cyc=1634322786 RX accept #681 byte=0c fifo=1 ctrl=0225
SIO1-DIAG t= 48927.552 cyc=1634322811 game read STAT=0007 ctrl=0225 [DSR=0 CTS=0 RXRDY=1] pc=80153ce4 (prev value held for 372 reads) totalReads=95662
SIO1-DIAG t= 48927.553 cyc=1634322828 game read DATA=0c popped=1 fifo 1->0 stat=0005
SIO1-DIAG t= 48927.555 cyc=1634322878 LINKSTATE WR[act=00000000 buf=00000000 cnt=00000000 latch=00000000] RD[act=00000000 buf=801a9df5 cnt=00000067] block=4 cfg=0205 DSR=0 DTR=0 stat=0005 ctrl=0225 fifo=0
SIO1-DIAG t= 48927.556 cyc=1634322878 game read STAT=0005 ctrl=0225 [DSR=0 CTS=0 RXRDY=0] pc=80153c88 (prev value held for 0 reads) totalReads=95663
SIO1-DIAG t= 48928.601 cyc=1634329232 RXMSG #685 declared=5 got=5 bytes=0a 03 0a
SIO1-DIAG t= 48928.607 cyc=1634329232 RX accept #682 byte=00 fifo=1 ctrl=0225
SIO1-DIAG t= 48928.608 cyc=1634329232 RXMSG #686 declared=5 got=5 bytes=0a 03 0a
SIO1-DIAG t= 48928.609 cyc=1634329232 RX accept #683 byte=00 fifo=2 ctrl=0225
SIO1-DIAG t= 48928.610 cyc=1634329232 RXMSG #687 declared=5 got=5 bytes=0a 03 0a
SIO1-DIAG t= 48928.611 cyc=1634329232 RX accept #684 byte=00 fifo=3 ctrl=0225
SIO1-DIAG t= 48928.612 cyc=1634329232 DRAIN 3 messages in one poll
SIO1-DIAG t= 48928.618 cyc=1634329273 game read STAT=0007 ctrl=0225 [DSR=0 CTS=0 RXRDY=1] pc=80153ce4 (prev value held for 112 reads) totalReads=95776
SIO1-DIAG t= 48928.620 cyc=1634329290 game read DATA=00 popped=1 fifo 3->2 stat=0007
SIO1-DIAG t= 48928.621 cyc=1634329340 LINKSTATE WR[act=00000000 buf=00000000 cnt=00000000 latch=00000000] RD[act=00000000 buf=801a9df6 cnt=00000066] block=4 cfg=0205 DSR=0 DTR=0 stat=0007 ctrl=0225 fifo=2
SIO1-DIAG t= 48928.623 cyc=1634329368 game read DATA=00 popped=1 fifo 2->1 stat=0007
SIO1-DIAG t= 48928.624 cyc=1634329418 LINKSTATE WR[act=00000000 buf=00000000 cnt=00000000 latch=00000000] RD[act=00000000 buf=801a9df7 cnt=00000065] block=4 cfg=0205 DSR=0 DTR=0 stat=0007 ctrl=0225 fifo=1
SIO1-DIAG t= 48928.626 cyc=1634329446 game read DATA=00 popped=1 fifo 1->0 stat=0005
SIO1-DIAG t= 48928.628 cyc=1634329489 DTR 0->1 (toggle #171) pc=80153d50 ctrl=0227
SIO1-DIAG t= 48928.629 cyc=1634329489 game wrote CTRL=0227 [TXEN=1 DTR=1 RXEN=1 RTS=1 ACK=0 RESET=0 RXIRQEN=0 TXIRQEN=0] stat=0005
SIO1-DIAG t= 48928.630 cyc=1634329489 TXFC dxr=1 xts=1 ctrl=0227 initial=0
SIO1-DIAG t= 48928.632 cyc=1634329489 TXMSG #203 size=6 bytes=12 04 08
SIO1-DIAG t= 48928.636 cyc=1634329512 LINKSTATE WR[act=00000000 buf=00000000 cnt=00000000 latch=00000000] RD[act=00000000 buf=801a9df8 cnt=00000064] block=4 cfg=0205 DSR=0 DTR=1 stat=0005 ctrl=0227 fifo=0
SIO1-DIAG t= 48928.640 cyc=1634329512 game read STAT=0005 ctrl=0227 [DSR=0 CTS=0 RXRDY=0] pc=80153c88 (prev value held for 4 reads) totalReads=95781
SIO1-DIAG t= 48934.296 cyc=1634361412 RXMSG #688 declared=5 got=5 bytes=0a 03 0a
SIO1-DIAG t= 48934.301 cyc=1634361412 RX accept #685 byte=6e fifo=1 ctrl=0227
SIO1-DIAG t= 48934.303 cyc=1634361443 game read STAT=0007 ctrl=0227 [DSR=0 CTS=0 RXRDY=1] pc=80153ce4 (prev value held for 560 reads) totalReads=96342
SIO1-DIAG t= 48934.305 cyc=1634361460 game read DATA=6e popped=1 fifo 1->0 stat=0005
SIO1-DIAG t= 48934.306 cyc=1634361510 LINKSTATE WR[act=00000000 buf=00000000 cnt=00000000 latch=00000000] RD[act=00000000 buf=801a9df9 cnt=00000063] block=4 cfg=0205 DSR=0 DTR=1 stat=0005 ctrl=0227 fifo=0
SIO1-DIAG t= 48934.308 cyc=1634361510 game read STAT=0005 ctrl=0227 [DSR=0 CTS=0 RXRDY=0] pc=80153c88 (prev value held for 0 reads) totalReads=96343
SIO1-DIAG t= 48934.907 cyc=1634365708 RXMSG #689 declared=5 got=5 bytes=0a 03 0a
SIO1-DIAG t= 48934.908 cyc=1634365708 RX accept #686 byte=01 fifo=1 ctrl=0227
SIO1-DIAG t= 48934.909 cyc=1634365739 game read STAT=0007 ctrl=0227 [DSR=0 CTS=0 RXRDY=1] pc=80153ce4 (prev value held for 74 reads) totalReads=96418
SIO1-DIAG t= 48934.911 cyc=1634365756 game read DATA=01 popped=1 fifo 1->0 stat=0005
SIO1-DIAG t= 48934.912 cyc=1634365806 LINKSTATE WR[act=00000000 buf=00000000 cnt=00000000 latch=00000000] RD[act=00000000 buf=801a9dfa cnt=00000062] block=4 cfg=0205 DSR=0 DTR=1 stat=0005 ctrl=0227 fifo=0
SIO1-DIAG t= 48934.914 cyc=1634365806 game read STAT=0005 ctrl=0227 [DSR=0 CTS=0 RXRDY=0] pc=80153c88 (prev value held for 0 reads) totalReads=96419
SIO1-DIAG t= 48934.920 cyc=1634367852 RXMSG #690 declared=5 got=5 bytes=0a 03 0a
SIO1-DIAG t= 48934.921 cyc=1634367852 RX accept #687 byte=00 fifo=1 ctrl=0227
SIO1-DIAG t= 48934.926 cyc=1634367852 RXMSG #691 declared=5 got=5 bytes=0a 03 0a
SIO1-DIAG t= 48934.927 cyc=1634367852 RX accept #688 byte=00 fifo=2 ctrl=0227
SIO1-DIAG t= 48934.928 cyc=1634367852 DRAIN 2 messages in one poll
SIO1-DIAG t= 48934.929 cyc=1634367869 game read STAT=0007 ctrl=0227 [DSR=0 CTS=0 RXRDY=1] pc=80153ce4 (prev value held for 36 reads) totalReads=96456
SIO1-DIAG t= 48934.934 cyc=1634367886 game read DATA=00 popped=1 fifo 2->1 stat=0007
SIO1-DIAG t= 48934.935 cyc=1634367936 LINKSTATE WR[act=00000000 buf=00000000 cnt=00000000 latch=00000000] RD[act=00000000 buf=801a9dfb cnt=00000061] block=4 cfg=0205 DSR=0 DTR=1 stat=0007 ctrl=0227 fifo=1
SIO1-DIAG t= 48934.937 cyc=1634367964 game read DATA=00 popped=1 fifo 1->0 stat=0005
SIO1-DIAG t= 48934.938 cyc=1634368007 DTR 1->0 (toggle #172) pc=80153d50 ctrl=0225
SIO1-DIAG t= 48934.939 cyc=1634368007 game wrote CTRL=0225 [TXEN=1 DTR=0 RXEN=1 RTS=1 ACK=0 RESET=0 RXIRQEN=0 TXIRQEN=0] stat=0005
SIO1-DIAG t= 48934.941 cyc=1634368007 TXFC dxr=0 xts=1 ctrl=0225 initial=0
SIO1-DIAG t= 48934.942 cyc=1634368007 TXMSG #204 size=4 bytes=12 02 10
SIO1-DIAG t= 48934.945 cyc=1634368030 LINKSTATE WR[act=00000000 buf=00000000 cnt=00000000 latch=00000000] RD[act=00000000 buf=801a9dfc cnt=00000060] block=4 cfg=0205 DSR=0 DTR=0 stat=0005 ctrl=0225 fifo=0
SIO1-DIAG t= 48934.949 cyc=1634368030 game read STAT=0005 ctrl=0225 [DSR=0 CTS=0 RXRDY=0] pc=80153c88 (prev value held for 2 reads) totalReads=96459
SIO1-DIAG t= 48938.288 cyc=1634387162 RXMSG #692 declared=5 got=5 bytes=0a 03 0a
SIO1-DIAG t= 48938.298 cyc=1634387162 RX accept #689 byte=b6 fifo=1 ctrl=0225
SIO1-DIAG t= 48938.300 cyc=1634387193 game read STAT=0007 ctrl=0225 [DSR=0 CTS=0 RXRDY=1] pc=80153ce4 (prev value held for 336 reads) totalReads=96796
SIO1-DIAG t= 48938.303 cyc=1634387210 game read DATA=b6 popped=1 fifo 1->0 stat=0005
SIO1-DIAG t= 48938.304 cyc=1634387260 LINKSTATE WR[act=00000000 buf=00000000 cnt=00000000 latch=00000000] RD[act=00000000 buf=801a9dfd cnt=0000005f] block=4 cfg=0205 DSR=0 DTR=0 stat=0005 ctrl=0225 fifo=0
SIO1-DIAG t= 48938.306 cyc=1634387260 game read STAT=0005 ctrl=0225 [DSR=0 CTS=0 RXRDY=0] pc=80153c88 (prev value held for 0 reads) totalReads=96797
SIO1-DIAG t= 48938.866 cyc=1634391458 RXMSG #693 declared=5 got=5 bytes=0a 03 0a
SIO1-DIAG t= 48938.867 cyc=1634391458 RX accept #690 byte=00 fifo=1 ctrl=0225
SIO1-DIAG t= 48938.868 cyc=1634391458 RXMSG #694 declared=5 got=5 bytes=0a 03 0a
SIO1-DIAG t= 48938.870 cyc=1634391458 RX accept #691 byte=00 fifo=2 ctrl=0225
SIO1-DIAG t= 48938.871 cyc=1634391458 RXMSG #695 declared=5 got=5 bytes=0a 03 0a
SIO1-DIAG t= 48938.872 cyc=1634391458 RX accept #692 byte=00 fifo=3 ctrl=0225
SIO1-DIAG t= 48938.873 cyc=1634391458 DRAIN 3 messages in one poll
SIO1-DIAG t= 48938.874 cyc=1634391489 game read STAT=0007 ctrl=0225 [DSR=0 CTS=0 RXRDY=1] pc=80153ce4 (prev value held for 74 reads) totalReads=96872
SIO1-DIAG t= 48938.881 cyc=1634391506 game read DATA=00 popped=1 fifo 3->2 stat=0007
SIO1-DIAG t= 48938.882 cyc=1634391556 LINKSTATE WR[act=00000000 buf=00000000 cnt=00000000 latch=00000000] RD[act=00000000 buf=801a9dfe cnt=0000005e] block=4 cfg=0205 DSR=0 DTR=0 stat=0007 ctrl=0225 fifo=2
SIO1-DIAG t= 48938.884 cyc=1634391584 game read DATA=00 popped=1 fifo 2->1 stat=0007
SIO1-DIAG t= 48938.885 cyc=1634391634 LINKSTATE WR[act=00000000 buf=00000000 cnt=00000000 latch=00000000] RD[act=00000000 buf=801a9dff cnt=0000005d] block=4 cfg=0205 DSR=0 DTR=0 stat=0007 ctrl=0225 fifo=1
SIO1-DIAG t= 48938.887 cyc=1634391662 game read DATA=00 popped=1 fifo 1->0 stat=0005
SIO1-DIAG t= 48938.888 cyc=1634391705 DTR 0->1 (toggle #173) pc=80153d50 ctrl=0227
SIO1-DIAG t= 48938.889 cyc=1634391705 game wrote CTRL=0227 [TXEN=1 DTR=1 RXEN=1 RTS=1 ACK=0 RESET=0 RXIRQEN=0 TXIRQEN=0] stat=0005
SIO1-DIAG t= 48938.891 cyc=1634391705 TXFC dxr=1 xts=1 ctrl=0227 initial=0
SIO1-DIAG t= 48938.892 cyc=1634391705 TXMSG #205 size=6 bytes=12 04 08
SIO1-DIAG t= 48938.897 cyc=1634391728 LINKSTATE WR[act=00000000 buf=00000000 cnt=00000000 latch=00000000] RD[act=00000000 buf=801a9e00 cnt=0000005c] block=4 cfg=0205 DSR=0 DTR=1 stat=0005 ctrl=0227 fifo=0
SIO1-DIAG t= 48938.899 cyc=1634391728 game read STAT=0005 ctrl=0227 [DSR=0 CTS=0 RXRDY=0] pc=80153c88 (prev value held for 4 reads) totalReads=96877
SIO1-DIAG t= 48945.169 cyc=1634425794 RXMSG #696 declared=5 got=5 bytes=0a 03 0a
SIO1-DIAG t= 48945.175 cyc=1634425794 RX accept #693 byte=28 fifo=1 ctrl=0227
SIO1-DIAG t= 48945.177 cyc=1634425825 game read STAT=0007 ctrl=0227 [DSR=0 CTS=0 RXRDY=1] pc=80153ce4 (prev value held for 598 reads) totalReads=97476
SIO1-DIAG t= 48945.179 cyc=1634425842 game read DATA=28 popped=1 fifo 1->0 stat=0005
SIO1-DIAG t= 48945.180 cyc=1634425892 LINKSTATE WR[act=00000000 buf=00000000 cnt=00000000 latch=00000000] RD[act=00000000 buf=801a9e01 cnt=0000005b] block=4 cfg=0205 DSR=0 DTR=1 stat=0005 ctrl=0227 fifo=0
SIO1-DIAG t= 48945.181 cyc=1634425892 game read STAT=0005 ctrl=0227 [DSR=0 CTS=0 RXRDY=0] pc=80153c88 (prev value held for 0 reads) totalReads=97477
SIO1-DIAG t= 48945.190 cyc=1634427938 RXMSG #697 declared=5 got=5 bytes=0a 03 0a
SIO1-DIAG t= 48945.192 cyc=1634427938 RX accept #694 byte=00 fifo=1 ctrl=0227
SIO1-DIAG t= 48945.193 cyc=1634427938 RXMSG #698 declared=5 got=5 bytes=0a 03 0a
SIO1-DIAG t= 48945.194 cyc=1634427938 RX accept #695 byte=00 fifo=2 ctrl=0227
SIO1-DIAG t= 48945.195 cyc=1634427938 DRAIN 2 messages in one poll
SIO1-DIAG t= 48945.195 cyc=1634427955 game read STAT=0007 ctrl=0227 [DSR=0 CTS=0 RXRDY=1] pc=80153ce4 (prev value held for 36 reads) totalReads=97514
SIO1-DIAG t= 48945.197 cyc=1634427972 game read DATA=00 popped=1 fifo 2->1 stat=0007
SIO1-DIAG t= 48945.198 cyc=1634428022 LINKSTATE WR[act=00000000 buf=00000000 cnt=00000000 latch=00000000] RD[act=00000000 buf=801a9e02 cnt=0000005a] block=4 cfg=0205 DSR=0 DTR=1 stat=0007 ctrl=0227 fifo=1
SIO1-DIAG t= 48945.200 cyc=1634428050 game read DATA=00 popped=1 fifo 1->0 stat=0005
SIO1-DIAG t= 48945.204 cyc=1634428100 LINKSTATE WR[act=00000000 buf=00000000 cnt=00000000 latch=00000000] RD[act=00000000 buf=801a9e03 cnt=00000059] block=4 cfg=0205 DSR=0 DTR=1 stat=0005 ctrl=0227 fifo=0
SIO1-DIAG t= 48945.206 cyc=1634428100 game read STAT=0005 ctrl=0227 [DSR=0 CTS=0 RXRDY=0] pc=80153c88 (prev value held for 2 reads) totalReads=97517
SIO1-DIAG t= 48947.340 cyc=1634440817 RXMSG #699 declared=5 got=5 bytes=0a 03 0a
SIO1-DIAG t= 48947.350 cyc=1634440817 RX accept #696 byte=00 fifo=1 ctrl=0227
SIO1-DIAG t= 48947.352 cyc=1634440822 game read STAT=0007 ctrl=0227 [DSR=0 CTS=0 RXRDY=1] pc=80153ce4 (prev value held for 223 reads) totalReads=97741
SIO1-DIAG t= 48947.354 cyc=1634440839 game read DATA=00 popped=1 fifo 1->0 stat=0005
SIO1-DIAG t= 48947.356 cyc=1634440882 DTR 1->0 (toggle #174) pc=80153d50 ctrl=0225
SIO1-DIAG t= 48947.357 cyc=1634440882 game wrote CTRL=0225 [TXEN=1 DTR=0 RXEN=1 RTS=1 ACK=0 RESET=0 RXIRQEN=0 TXIRQEN=0] stat=0005
SIO1-DIAG t= 48947.359 cyc=1634440882 TXFC dxr=0 xts=1 ctrl=0225 initial=0
SIO1-DIAG t= 48947.361 cyc=1634440882 TXMSG #206 size=4 bytes=12 02 10
SIO1-DIAG t= 48947.366 cyc=1634440905 LINKSTATE WR[act=00000000 buf=00000000 cnt=00000000 latch=00000000] RD[act=00000000 buf=801a9e04 cnt=00000058] block=4 cfg=0205 DSR=0 DTR=0 stat=0005 ctrl=0225 fifo=0
SIO1-DIAG t= 48947.368 cyc=1634440905 game read STAT=0005 ctrl=0225 [DSR=0 CTS=0 RXRDY=0] pc=80153c88 (prev value held for 0 reads) totalReads=97742
SIO1-DIAG t= 48954.627 cyc=1634481600 RXMSG #700 declared=5 got=5 bytes=0a 03 0a
SIO1-DIAG t= 48954.647 cyc=1634481600 RX accept #697 byte=0d fifo=1 ctrl=0225
SIO1-DIAG t= 48954.650 cyc=1634481600 RXMSG #701 declared=5 got=5 bytes=0a 03 0a
SIO1-DIAG t= 48954.651 cyc=1634481600 RX accept #698 byte=00 fifo=2 ctrl=0225
SIO1-DIAG t= 48954.653 cyc=1634481600 RXMSG #702 declared=5 got=5 bytes=0a 03 0a
SIO1-DIAG t= 48954.654 cyc=1634481600 RX accept #699 byte=00 fifo=3 ctrl=0225
SIO1-DIAG t= 48954.655 cyc=1634481600 RXMSG #703 declared=5 got=5 bytes=0a 03 0a
SIO1-DIAG t= 48954.656 cyc=1634481600 RX accept #700 byte=00 fifo=4 ctrl=0225
SIO1-DIAG t= 48954.657 cyc=1634481600 DRAIN 4 messages in one poll
SIO1-DIAG t= 48954.659 cyc=1634481641 game read STAT=0007 ctrl=0225 [DSR=0 CTS=0 RXRDY=1] pc=80153ce4 (prev value held for 465 reads) totalReads=98208
SIO1-DIAG t= 48954.662 cyc=1634481658 game read DATA=0d popped=1 fifo 4->3 stat=0007
SIO1-DIAG t= 48954.664 cyc=1634481708 LINKSTATE WR[act=00000000 buf=00000000 cnt=00000000 latch=00000000] RD[act=00000000 buf=801a9e05 cnt=00000057] block=4 cfg=0205 DSR=0 DTR=0 stat=0007 ctrl=0225 fifo=3
SIO1-DIAG t= 48954.674 cyc=1634481736 game read DATA=00 popped=1 fifo 3->2 stat=0007
SIO1-DIAG t= 48954.675 cyc=1634481786 LINKSTATE WR[act=00000000 buf=00000000 cnt=00000000 latch=00000000] RD[act=00000000 buf=801a9e06 cnt=00000056] block=4 cfg=0205 DSR=0 DTR=0 stat=0007 ctrl=0225 fifo=2
SIO1-DIAG t= 48954.677 cyc=1634481814 game read DATA=00 popped=1 fifo 2->1 stat=0007
SIO1-DIAG t= 48954.688 cyc=1634481864 LINKSTATE WR[act=00000000 buf=00000000 cnt=00000000 latch=00000000] RD[act=00000000 buf=801a9e07 cnt=00000055] block=4 cfg=0205 DSR=0 DTR=0 stat=0007 ctrl=0225 fifo=1
SIO1-DIAG t= 48954.690 cyc=1634481892 game read DATA=00 popped=1 fifo 1->0 stat=0005
SIO1-DIAG t= 48954.691 cyc=1634481935 DTR 0->1 (toggle #175) pc=80153d50 ctrl=0227
SIO1-DIAG t= 48954.693 cyc=1634481935 game wrote CTRL=0227 [TXEN=1 DTR=1 RXEN=1 RTS=1 ACK=0 RESET=0 RXIRQEN=0 TXIRQEN=0] stat=0005
SIO1-DIAG t= 48954.694 cyc=1634481935 TXFC dxr=1 xts=1 ctrl=0227 initial=0
SIO1-DIAG t= 48954.696 cyc=1634481935 TXMSG #207 size=6 bytes=12 04 08
SIO1-DIAG t= 48954.702 cyc=1634481958 LINKSTATE WR[act=00000000 buf=00000000 cnt=00000000 latch=00000000] RD[act=00000000 buf=801a9e08 cnt=00000054] block=4 cfg=0205 DSR=0 DTR=1 stat=0005 ctrl=0227 fifo=0
SIO1-DIAG t= 48954.704 cyc=1634481958 game read STAT=0005 ctrl=0227 [DSR=0 CTS=0 RXRDY=0] pc=80153c88 (prev value held for 6 reads) totalReads=98215
SIO1-DIAG t= 48955.683 cyc=1634486985 STAT poll sample pc=80153ce4 stat=0005 reads=98304
SIO1-DIAG t= 48959.936 cyc=1634509495 RXMSG #704 declared=5 got=5 bytes=0a 03 0a
SIO1-DIAG t= 48959.944 cyc=1634509495 RX accept #701 byte=01 fifo=1 ctrl=0227
SIO1-DIAG t= 48959.950 cyc=1634509495 RXMSG #705 declared=5 got=5 bytes=0a 03 0a
SIO1-DIAG t= 48959.952 cyc=1634509495 RX accept #702 byte=00 fifo=2 ctrl=0227
SIO1-DIAG t= 48959.953 cyc=1634509495 RXMSG #706 declared=5 got=5 bytes=0a 03 0a
SIO1-DIAG t= 48959.964 cyc=1634509495 RX accept #703 byte=00 fifo=3 ctrl=0227
SIO1-DIAG t= 48959.966 cyc=1634509495 RXMSG #707 declared=5 got=5 bytes=0a 03 0a
SIO1-DIAG t= 48959.967 cyc=1634509495 RX accept #704 byte=00 fifo=4 ctrl=0227
SIO1-DIAG t= 48959.969 cyc=1634509495 DRAIN 4 messages in one poll
SIO1-DIAG t= 48959.970 cyc=1634509500 game read STAT=0007 ctrl=0227 [DSR=0 CTS=0 RXRDY=1] pc=80153ce4 (prev value held for 483 reads) totalReads=98699
SIO1-DIAG t= 48959.973 cyc=1634509517 game read DATA=01 popped=1 fifo 4->3 stat=0007
SIO1-DIAG t= 48959.976 cyc=1634509567 LINKSTATE WR[act=00000000 buf=00000000 cnt=00000000 latch=00000000] RD[act=00000000 buf=801a9e09 cnt=00000053] block=4 cfg=0205 DSR=0 DTR=1 stat=0007 ctrl=0227 fifo=3
SIO1-DIAG t= 48959.980 cyc=1634509595 game read DATA=00 popped=1 fifo 3->2 stat=0007
SIO1-DIAG t= 48959.981 cyc=1634509645 LINKSTATE WR[act=00000000 buf=00000000 cnt=00000000 latch=00000000] RD[act=00000000 buf=801a9e0a cnt=00000052] block=4 cfg=0205 DSR=0 DTR=1 stat=0007 ctrl=0227 fifo=2
SIO1-DIAG t= 48959.984 cyc=1634509673 game read DATA=00 popped=1 fifo 2->1 stat=0007
SIO1-DIAG t= 48959.986 cyc=1634509723 LINKSTATE WR[act=00000000 buf=00000000 cnt=00000000 latch=00000000] RD[act=00000000 buf=801a9e0b cnt=00000051] block=4 cfg=0205 DSR=0 DTR=1 stat=0007 ctrl=0227 fifo=1
SIO1-DIAG t= 48959.988 cyc=1634509751 game read DATA=00 popped=1 fifo 1->0 stat=0005
SIO1-DIAG t= 48959.990 cyc=1634509794 DTR 1->0 (toggle #176) pc=80153d50 ctrl=0225
SIO1-DIAG t= 48959.996 cyc=1634509794 game wrote CTRL=0225 [TXEN=1 DTR=0 RXEN=1 RTS=1 ACK=0 RESET=0 RXIRQEN=0 TXIRQEN=0] stat=0005
SIO1-DIAG t= 48959.999 cyc=1634509794 TXFC dxr=0 xts=1 ctrl=0225 initial=0
SIO1-DIAG t= 48960.001 cyc=1634509794 TXMSG #208 size=4 bytes=12 02 10
SIO1-DIAG t= 48960.007 cyc=1634509817 LINKSTATE WR[act=00000000 buf=00000000 cnt=00000000 latch=00000000] RD[act=00000000 buf=801a9e0c cnt=00000050] block=4 cfg=0205 DSR=0 DTR=0 stat=0005 ctrl=0225 fifo=0
SIO1-DIAG t= 48960.010 cyc=1634509817 game read STAT=0005 ctrl=0225 [DSR=0 CTS=0 RXRDY=0] pc=80153c88 (prev value held for 6 reads) totalReads=98706
SIO1-DIAG t= 48963.932 cyc=1634530944 RXMSG #708 declared=5 got=5 bytes=0a 03 0a
SIO1-DIAG t= 48963.944 cyc=1634530944 RX accept #705 byte=25 fifo=1 ctrl=0225
SIO1-DIAG t= 48963.947 cyc=1634530975 game read STAT=0007 ctrl=0225 [DSR=0 CTS=0 RXRDY=1] pc=80153ce4 (prev value held for 371 reads) totalReads=99078
SIO1-DIAG t= 48963.949 cyc=1634530992 game read DATA=25 popped=1 fifo 1->0 stat=0005
SIO1-DIAG t= 48963.951 cyc=1634531042 LINKSTATE WR[act=00000000 buf=00000000 cnt=00000000 latch=00000000] RD[act=00000000 buf=801a9e0d cnt=0000004f] block=4 cfg=0205 DSR=0 DTR=0 stat=0005 ctrl=0225 fifo=0
SIO1-DIAG t= 48963.954 cyc=1634531042 game read STAT=0005 ctrl=0225 [DSR=0 CTS=0 RXRDY=0] pc=80153c88 (prev value held for 0 reads) totalReads=99079
SIO1-DIAG t= 48965.289 cyc=1634539529 RXMSG #709 declared=5 got=5 bytes=0a 03 0a
SIO1-DIAG t= 48965.294 cyc=1634539529 RX accept #706 byte=00 fifo=1 ctrl=0225
SIO1-DIAG t= 48965.296 cyc=1634539529 RXMSG #710 declared=5 got=5 bytes=0a 03 0a
SIO1-DIAG t= 48965.306 cyc=1634539529 RX accept #707 byte=00 fifo=2 ctrl=0225
SIO1-DIAG t= 48965.307 cyc=1634539529 RXMSG #711 declared=5 got=5 bytes=0a 03 0a
SIO1-DIAG t= 48965.308 cyc=1634539529 RX accept #708 byte=00 fifo=3 ctrl=0225
SIO1-DIAG t= 48965.309 cyc=1634539529 DRAIN 3 messages in one poll
SIO1-DIAG t= 48965.311 cyc=1634539546 game read STAT=0007 ctrl=0225 [DSR=0 CTS=0 RXRDY=1] pc=80153ce4 (prev value held for 149 reads) totalReads=99229
SIO1-DIAG t= 48965.313 cyc=1634539563 game read DATA=00 popped=1 fifo 3->2 stat=0007
SIO1-DIAG t= 48965.315 cyc=1634539613 LINKSTATE WR[act=00000000 buf=00000000 cnt=00000000 latch=00000000] RD[act=00000000 buf=801a9e0e cnt=0000004e] block=4 cfg=0205 DSR=0 DTR=0 stat=0007 ctrl=0225 fifo=2
SIO1-DIAG t= 48965.318 cyc=1634539641 game read DATA=00 popped=1 fifo 2->1 stat=0007
SIO1-DIAG t= 48965.320 cyc=1634539691 LINKSTATE WR[act=00000000 buf=00000000 cnt=00000000 latch=00000000] RD[act=00000000 buf=801a9e0f cnt=0000004d] block=4 cfg=0205 DSR=0 DTR=0 stat=0007 ctrl=0225 fifo=1
SIO1-DIAG t= 48965.322 cyc=1634539719 game read DATA=00 popped=1 fifo 1->0 stat=0005
SIO1-DIAG t= 48965.324 cyc=1634539762 DTR 0->1 (toggle #177) pc=80153d50 ctrl=0227
SIO1-DIAG t= 48965.326 cyc=1634539762 game wrote CTRL=0227 [TXEN=1 DTR=1 RXEN=1 RTS=1 ACK=0 RESET=0 RXIRQEN=0 TXIRQEN=0] stat=0005
SIO1-DIAG t= 48965.329 cyc=1634539762 TXFC dxr=1 xts=1 ctrl=0227 initial=0
SIO1-DIAG t= 48965.334 cyc=1634539762 TXMSG #209 size=6 bytes=12 04 08
SIO1-DIAG t= 48965.341 cyc=1634539785 LINKSTATE WR[act=00000000 buf=00000000 cnt=00000000 latch=00000000] RD[act=00000000 buf=801a9e10 cnt=0000004c] block=4 cfg=0205 DSR=0 DTR=1 stat=0005 ctrl=0227 fifo=0
SIO1-DIAG t= 48965.343 cyc=1634539785 game read STAT=0005 ctrl=0227 [DSR=0 CTS=0 RXRDY=0] pc=80153c88 (prev value held for 4 reads) totalReads=99234
SIO1-DIAG t= 48966.984 cyc=1634550112 game wrote CTRL=0207 [TXEN=1 DTR=1 RXEN=1 RTS=0 ACK=0 RESET=0 RXIRQEN=0 TXIRQEN=0] stat=0005
SIO1-DIAG t= 48966.987 cyc=1634550112 TXFC dxr=1 xts=0 ctrl=0207 initial=0
SIO1-DIAG t= 48966.989 cyc=1634550112 TXMSG #210 size=4 bytes=12 02 08
SIO1-DIAG t= 48967.407 cyc=1634551296 game wrote CTRL=0227 [TXEN=1 DTR=1 RXEN=1 RTS=1 ACK=0 RESET=0 RXIRQEN=0 TXIRQEN=0] stat=0005
SIO1-DIAG t= 48967.410 cyc=1634551296 TXFC dxr=1 xts=1 ctrl=0227 initial=0
SIO1-DIAG t= 48967.411 cyc=1634551296 TXMSG #211 size=6 bytes=12 04 08
SIO1-DIAG t= 48967.415 cyc=1634551345 LINKSTATE WR[act=00000000 buf=00000000 cnt=00000000 latch=00000000] RD[act=00000000 buf=801a9794 cnt=00000004] block=4 cfg=0205 DSR=0 DTR=1 stat=0005 ctrl=0227 fifo=0
SIO1-DIAG t= 48972.022 cyc=1634576014 RXMSG #712 declared=5 got=5 bytes=0a 03 0a
SIO1-DIAG t= 48972.032 cyc=1634576014 RX accept #709 byte=02 fifo=1 ctrl=0227
SIO1-DIAG t= 48972.036 cyc=1634576014 RXMSG #713 declared=5 got=5 bytes=0a 03 0a
SIO1-DIAG t= 48972.038 cyc=1634576014 RX accept #710 byte=00 fifo=2 ctrl=0227
SIO1-DIAG t= 48972.048 cyc=1634576014 DRAIN 2 messages in one poll
SIO1-DIAG t= 48972.049 cyc=1634576039 game read STAT=0007 ctrl=0227 [DSR=0 CTS=0 RXRDY=1] pc=80153ce4 (prev value held for 615 reads) totalReads=99850
SIO1-DIAG t= 48972.057 cyc=1634576056 game read DATA=02 popped=1 fifo 2->1 stat=0007
SIO1-DIAG t= 48972.059 cyc=1634576106 LINKSTATE WR[act=00000000 buf=00000000 cnt=00000000 latch=00000000] RD[act=00000000 buf=801a9795 cnt=00000003] block=4 cfg=0205 DSR=0 DTR=1 stat=0007 ctrl=0227 fifo=1
SIO1-DIAG t= 48972.062 cyc=1634576134 game read DATA=00 popped=1 fifo 1->0 stat=0005
SIO1-DIAG t= 48972.063 cyc=1634576184 LINKSTATE WR[act=00000000 buf=00000000 cnt=00000000 latch=00000000] RD[act=00000000 buf=801a9796 cnt=00000002] block=4 cfg=0205 DSR=0 DTR=1 stat=0005 ctrl=0227 fifo=0
SIO1-DIAG t= 48972.065 cyc=1634576184 game read STAT=0005 ctrl=0227 [DSR=0 CTS=0 RXRDY=0] pc=80153c88 (prev value held for 2 reads) totalReads=99853
SIO1-DIAG t= 48973.051 cyc=1634582448 RXMSG #714 declared=5 got=5 bytes=0a 03 0a
SIO1-DIAG t= 48973.056 cyc=1634582448 RX accept #711 byte=00 fifo=1 ctrl=0227
SIO1-DIAG t= 48973.057 cyc=1634582465 game read STAT=0007 ctrl=0227 [DSR=0 CTS=0 RXRDY=1] pc=80153ce4 (prev value held for 110 reads) totalReads=99964
SIO1-DIAG t= 48973.059 cyc=1634582482 game read DATA=00 popped=1 fifo 1->0 stat=0005
SIO1-DIAG t= 48973.060 cyc=1634582532 LINKSTATE WR[act=00000000 buf=00000000 cnt=00000000 latch=00000000] RD[act=00000000 buf=801a9797 cnt=00000001] block=4 cfg=0205 DSR=0 DTR=1 stat=0005 ctrl=0227 fifo=0
SIO1-DIAG t= 48973.062 cyc=1634582532 game read STAT=0005 ctrl=0227 [DSR=0 CTS=0 RXRDY=0] pc=80153c88 (prev value held for 0 reads) totalReads=99965
SIO1-DIAG t= 48973.077 cyc=1634584594 RXMSG #715 declared=5 got=5 bytes=0a 03 0a
SIO1-DIAG t= 48973.078 cyc=1634584594 RX accept #712 byte=00 fifo=1 ctrl=0227
SIO1-DIAG t= 48973.079 cyc=1634584595 game read STAT=0007 ctrl=0227 [DSR=0 CTS=0 RXRDY=1] pc=80153ce4 (prev value held for 36 reads) totalReads=100002
SIO1-DIAG t= 48973.081 cyc=1634584612 game read DATA=00 popped=1 fifo 1->0 stat=0005
SIO1-DIAG t= 48973.082 cyc=1634584655 DTR 1->0 (toggle #178) pc=80153d50 ctrl=0225
SIO1-DIAG t= 48973.083 cyc=1634584655 game wrote CTRL=0225 [TXEN=1 DTR=0 RXEN=1 RTS=1 ACK=0 RESET=0 RXIRQEN=0 TXIRQEN=0] stat=0005
SIO1-DIAG t= 48973.085 cyc=1634584655 TXFC dxr=0 xts=1 ctrl=0225 initial=0
SIO1-DIAG t= 48973.087 cyc=1634584655 TXMSG #212 size=4 bytes=12 02 10
SIO1-DIAG t= 48973.092 cyc=1634584679 game wrote CTRL=0205 [TXEN=1 DTR=0 RXEN=1 RTS=0 ACK=0 RESET=0 RXIRQEN=0 TXIRQEN=0] stat=0005
SIO1-DIAG t= 48973.093 cyc=1634584679 TXFC dxr=0 xts=0 ctrl=0205 initial=0
SIO1-DIAG t= 48973.094 cyc=1634584679 TXMSG #213 size=0 bytes=ff ff ff
SIO1-DIAG t= 48973.111 cyc=1634585310 game wrote CTRL=0225 [TXEN=1 DTR=0 RXEN=1 RTS=1 ACK=0 RESET=0 RXIRQEN=0 TXIRQEN=0] stat=0005
SIO1-DIAG t= 48973.112 cyc=1634585310 TXFC dxr=0 xts=1 ctrl=0225 initial=0
SIO1-DIAG t= 48973.113 cyc=1634585310 TXMSG #214 size=4 bytes=12 02 10
SIO1-DIAG t= 48973.115 cyc=1634585359 LINKSTATE WR[act=00000000 buf=00000000 cnt=00000000 latch=00000000] RD[act=00000000 buf=801a9718 cnt=00000004] block=4 cfg=0205 DSR=0 DTR=0 stat=0005 ctrl=0225 fifo=0
SIO1-DIAG t= 48973.117 cyc=1634585359 game read STAT=0005 ctrl=0225 [DSR=0 CTS=0 RXRDY=0] pc=80153c84 (prev value held for 0 reads) totalReads=100003
SIO1-DIAG t= 48978.506 cyc=1634614639 RXMSG #716 declared=5 got=5 bytes=0a 03 0a
SIO1-DIAG t= 48978.514 cyc=1634614639 RX accept #713 byte=00 fifo=1 ctrl=0225
SIO1-DIAG t= 48978.516 cyc=1634614639 RXMSG #717 declared=5 got=5 bytes=0a 03 0a
SIO1-DIAG t= 48978.517 cyc=1634614639 RX accept #714 byte=00 fifo=2 ctrl=0225
SIO1-DIAG t= 48978.518 cyc=1634614639 RXMSG #718 declared=5 got=5 bytes=0a 03 0a
SIO1-DIAG t= 48978.519 cyc=1634614639 RX accept #715 byte=00 fifo=3 ctrl=0225
SIO1-DIAG t= 48978.521 cyc=1634614639 RXMSG #719 declared=5 got=5 bytes=0a 03 0a
SIO1-DIAG t= 48978.522 cyc=1634614639 RX accept #716 byte=00 fifo=4 ctrl=0225
SIO1-DIAG t= 48978.523 cyc=1634614639 DRAIN 4 messages in one poll
SIO1-DIAG t= 48978.524 cyc=1634614670 game read STAT=0007 ctrl=0225 [DSR=0 CTS=0 RXRDY=1] pc=80153ce4 (prev value held for 514 reads) totalReads=100518
SIO1-DIAG t= 48978.526 cyc=1634614687 game read DATA=00 popped=1 fifo 4->3 stat=0007
SIO1-DIAG t= 48978.540 cyc=1634614737 LINKSTATE WR[act=00000000 buf=00000000 cnt=00000000 latch=00000000] RD[act=00000000 buf=801a9719 cnt=00000003] block=4 cfg=0205 DSR=0 DTR=0 stat=0007 ctrl=0225 fifo=3
SIO1-DIAG t= 48978.542 cyc=1634614765 game read DATA=00 popped=1 fifo 3->2 stat=0007
SIO1-DIAG t= 48978.544 cyc=1634614815 LINKSTATE WR[act=00000000 buf=00000000 cnt=00000000 latch=00000000] RD[act=00000000 buf=801a971a cnt=00000002] block=4 cfg=0205 DSR=0 DTR=0 stat=0007 ctrl=0225 fifo=2
SIO1-DIAG t= 48978.545 cyc=1634614843 game read DATA=00 popped=1 fifo 2->1 stat=0007
SIO1-DIAG t= 48978.546 cyc=1634614893 LINKSTATE WR[act=00000000 buf=00000000 cnt=00000000 latch=00000000] RD[act=00000000 buf=801a971b cnt=00000001] block=4 cfg=0205 DSR=0 DTR=0 stat=0007 ctrl=0225 fifo=1
SIO1-DIAG t= 48978.548 cyc=1634614921 game read DATA=00 popped=1 fifo 1->0 stat=0005
SIO1-DIAG t= 48978.549 cyc=1634614964 DTR 0->1 (toggle #179) pc=80153d50 ctrl=0227
SIO1-DIAG t= 48978.550 cyc=1634614964 game wrote CTRL=0227 [TXEN=1 DTR=1 RXEN=1 RTS=1 ACK=0 RESET=0 RXIRQEN=0 TXIRQEN=0] stat=0005
SIO1-DIAG t= 48978.552 cyc=1634614964 TXFC dxr=1 xts=1 ctrl=0227 initial=0
SIO1-DIAG t= 48978.553 cyc=1634614964 TXMSG #215 size=6 bytes=12 04 08
SIO1-DIAG t= 48978.558 cyc=1634614988 game wrote CTRL=0207 [TXEN=1 DTR=1 RXEN=1 RTS=0 ACK=0 RESET=0 RXIRQEN=0 TXIRQEN=0] stat=0005
SIO1-DIAG t= 48978.559 cyc=1634614988 TXFC dxr=1 xts=0 ctrl=0207 initial=0
SIO1-DIAG t= 48978.560 cyc=1634614988 TXMSG #216 size=4 bytes=12 02 08
SIO1-DIAG t= 48978.613 cyc=1634615753 LINKSTATE WR[act=00000000 buf=801a9798 cnt=00000004 latch=00000000] RD[act=00000000 buf=801a971c cnt=00000000] block=4 cfg=0205 DSR=0 DTR=1 stat=0005 ctrl=0207 fifo=0
SIO1-DIAG t= 48978.617 cyc=1634615753 game read STAT=0005 ctrl=0207 [DSR=0 CTS=0 RXRDY=0] pc=80153f04 (prev value held for 6 reads) totalReads=100525
SIO1-DIAG t= 48978.627 cyc=1634615778 game wrote DATA=01 ready=1 [TXEN=1 CTS=0 DSR=0 TXRDY2=1] ctrl=0207 stat=0005
SIO1-DIAG t= 48978.633 cyc=1634615847 LINKSTATE WR[act=00000000 buf=801a9799 cnt=00000003 latch=00000000] RD[act=00000000 buf=801a971c cnt=00000000] block=4 cfg=0205 DSR=0 DTR=1 stat=0005 ctrl=0207 fifo=0
SIO1-DIAG t= 48978.639 cyc=1634615869 game wrote DATA=00 ready=1 [TXEN=1 CTS=0 DSR=0 TXRDY2=1] ctrl=0207 stat=0005
SIO1-DIAG t= 48978.642 cyc=1634615922 LINKSTATE WR[act=00000000 buf=801a979a cnt=00000002 latch=00000000] RD[act=00000000 buf=801a971c cnt=00000000] block=4 cfg=0205 DSR=0 DTR=1 stat=0005 ctrl=0207 fifo=0
SIO1-DIAG t= 48978.644 cyc=1634615944 game wrote DATA=00 ready=1 [TXEN=1 CTS=0 DSR=0 TXRDY2=1] ctrl=0207 stat=0005
SIO1-DIAG t= 48978.646 cyc=1634615997 LINKSTATE WR[act=00000000 buf=801a979b cnt=00000001 latch=00000000] RD[act=00000000 buf=801a971c cnt=00000000] block=4 cfg=0205 DSR=0 DTR=1 stat=0005 ctrl=0207 fifo=0
SIO1-DIAG t= 48978.649 cyc=1634616019 game wrote DATA=00 ready=1 [TXEN=1 CTS=0 DSR=0 TXRDY2=1] ctrl=0207 stat=0005
SIO1-DIAG t= 48978.652 cyc=1634616060 LINKSTATE WR[act=00000000 buf=801a979c cnt=00000000 latch=00000000] RD[act=00000000 buf=801a971c cnt=00000000] block=4 cfg=0205 DSR=0 DTR=1 stat=0005 ctrl=0207 fifo=0
SIO1-DIAG t= 48983.009 cyc=1634640392 RXMSG #720 declared=5 got=5 bytes=0a 03 0a
SIO1-DIAG t= 48983.016 cyc=1634640392 RX accept #717 byte=00 fifo=1 ctrl=0207
SIO1-DIAG t= 48983.019 cyc=1634640392 RXMSG #721 declared=5 got=5 bytes=0a 03 0a
SIO1-DIAG t= 48983.020 cyc=1634640392 RX accept #718 byte=00 fifo=2 ctrl=0207
SIO1-DIAG t= 48983.033 cyc=1634640392 RXMSG #722 declared=5 got=5 bytes=0a 03 0a
SIO1-DIAG t= 48983.034 cyc=1634640392 RX accept #719 byte=00 fifo=3 ctrl=0207
SIO1-DIAG t= 48983.035 cyc=1634640392 RXMSG #723 declared=5 got=5 bytes=0a 03 0a
SIO1-DIAG t= 48983.036 cyc=1634640392 RX accept #720 byte=00 fifo=4 ctrl=0207
SIO1-DIAG t= 48983.037 cyc=1634640392 DRAIN 4 messages in one poll
SIO1-DIAG t= 48983.038 cyc=1634640423 game read STAT=0007 ctrl=0207 [DSR=0 CTS=0 RXRDY=1] pc=80154038 (prev value held for 424 reads) totalReads=100950
SIO1-DIAG t= 48999.113 cyc=1634724522 STAT poll sample pc=80154038 stat=0007 reads=102400
SIO1-DIAG t= 49043.880 cyc=1634962089 STAT poll sample pc=80154038 stat=0007 reads=106496
SIO1-DIAG t= 49091.584 cyc=1635213876 STAT poll sample pc=80154038 stat=0007 reads=110592
SIO1-DIAG t= 49136.312 cyc=1635451443 STAT poll sample pc=80154038 stat=0007 reads=114688
SIO1-DIAG t= 49184.216 cyc=1635703230 STAT poll sample pc=80154038 stat=0007 reads=118784
SIO1-DIAG t= 49229.022 cyc=1635940797 STAT poll sample pc=80154038 stat=0007 reads=122880
SIO1-DIAG t= 49276.772 cyc=1636192584 STAT poll sample pc=80154038 stat=0007 reads=126976
SIO1-DIAG t= 49321.537 cyc=1636430151 STAT poll sample pc=80154038 stat=0007 reads=131072
SIO1-DIAG t= 49366.695 cyc=1636667718 STAT poll sample pc=80154038 stat=0007 reads=135168
SIO1-DIAG t= 49414.906 cyc=1636919505 STAT poll sample pc=80154038 stat=0007 reads=139264
SIO1-DIAG t= 49459.608 cyc=1637157072 STAT poll sample pc=80154038 stat=0007 reads=143360
SIO1-DIAG t= 49507.262 cyc=1637408859 STAT poll sample pc=80154038 stat=0007 reads=147456
SIO1-DIAG t= 49552.104 cyc=1637646426 STAT poll sample pc=80154038 stat=0007 reads=151552
SIO1-DIAG t= 49599.705 cyc=1637898213 STAT poll sample pc=80154038 stat=0007 reads=155648
SIO1-DIAG t= 49644.433 cyc=1638135780 STAT poll sample pc=80154038 stat=0007 reads=159744
SIO1-DIAG t= 49689.667 cyc=1638373347 STAT poll sample pc=80154038 stat=0007 reads=163840
SIO1-DIAG t= 49736.992 cyc=1638625134 STAT poll sample pc=80154038 stat=0007 reads=167936
SIO1-DIAG t= 49782.098 cyc=1638862701 STAT poll sample pc=80154038 stat=0007 reads=172032
SIO1-DIAG t= 49829.531 cyc=1639114488 STAT poll sample pc=80154038 stat=0007 reads=176128
SIO1-DIAG t= 49874.639 cyc=1639352055 STAT poll sample pc=80154038 stat=0007 reads=180224
SIO1-DIAG t= 49878.343 cyc=1639371075 LINKSTATE WR[act=00000000 buf=801a979c cnt=00000004 latch=00000000] RD[act=00000000 buf=801a971c cnt=00000000] block=4 cfg=0205 DSR=0 DTR=1 stat=0007 ctrl=0207 fifo=4
SIO1-DIAG t= 49878.359 cyc=1639371100 game wrote DATA=01 ready=1 [TXEN=1 CTS=0 DSR=0 TXRDY2=1] ctrl=0207 stat=0007
SIO1-DIAG t= 49878.362 cyc=1639371169 LINKSTATE WR[act=00000000 buf=801a979d cnt=00000003 latch=00000000] RD[act=00000000 buf=801a971c cnt=00000000] block=4 cfg=0205 DSR=0 DTR=1 stat=0007 ctrl=0207 fifo=4
SIO1-DIAG t= 49878.364 cyc=1639371191 game wrote DATA=00 ready=1 [TXEN=1 CTS=0 DSR=0 TXRDY2=1] ctrl=0207 stat=0007
SIO1-DIAG t= 49878.366 cyc=1639371244 LINKSTATE WR[act=00000000 buf=801a979e cnt=00000002 latch=00000000] RD[act=00000000 buf=801a971c cnt=00000000] block=4 cfg=0205 DSR=0 DTR=1 stat=0007 ctrl=0207 fifo=4
SIO1-DIAG t= 49878.368 cyc=1639371266 game wrote DATA=00 ready=1 [TXEN=1 CTS=0 DSR=0 TXRDY2=1] ctrl=0207 stat=0007
SIO1-DIAG t= 49878.369 cyc=1639371319 LINKSTATE WR[act=00000000 buf=801a979f cnt=00000001 latch=00000000] RD[act=00000000 buf=801a971c cnt=00000000] block=4 cfg=0205 DSR=0 DTR=1 stat=0007 ctrl=0207 fifo=4
SIO1-DIAG t= 49878.371 cyc=1639371341 game wrote DATA=00 ready=1 [TXEN=1 CTS=0 DSR=0 TXRDY2=1] ctrl=0207 stat=0007
SIO1-DIAG t= 49878.372 cyc=1639371382 LINKSTATE WR[act=00000000 buf=801a97a0 cnt=00000000 latch=00000000] RD[act=00000000 buf=801a971c cnt=00000000] block=4 cfg=0205 DSR=0 DTR=1 stat=0002 ctrl=0207 fifo=4
SIO1-DIAG t= 49878.373 cyc=1639371382 game read STAT=0002 ctrl=0207 [DSR=0 CTS=0 RXRDY=1] pc=80153fe8 (prev value held for 79585 reads) totalReads=180536
SIO1-DIAG t= 49922.645 cyc=1639605077 STAT poll sample pc=80154038 stat=0002 reads=184320
SIO1-DIAG t= 49967.800 cyc=1639842644 STAT poll sample pc=80154038 stat=0002 reads=188416
SIO1-DIAG t= 50012.556 cyc=1640080211 STAT poll sample pc=80154038 stat=0002 reads=192512
SIO1-DIAG t= 50060.373 cyc=1640331998 STAT poll sample pc=80154038 stat=0002 reads=196608
SIO1-DIAG t= 50105.109 cyc=1640569565 STAT poll sample pc=80154038 stat=0002 reads=200704
SIO1-DIAG t= 50153.044 cyc=1640821352 STAT poll sample pc=80154038 stat=0002 reads=204800
SIO1-DIAG t= 50197.775 cyc=1641058919 STAT poll sample pc=80154038 stat=0002 reads=208896
SIO1-DIAG t= 50245.876 cyc=1641310706 STAT poll sample pc=80154038 stat=0002 reads=212992
SIO1-DIAG t= 50290.6